method,displacement
log1pPF,0.010778258004598902
log1pPF,0.002530099431100625
log1pPF,0.00399107672417865
log1pPF,0.004996625440147331
log1pPF,0.008877198628071802
log1pPF,0.01257118682327169
log1pPF,0.00908824850156786
log1pPF,0.004644080259636639
log1pPF,0.005091903228083074
log1pPF,0.005979778615540943
log1pPF,0.007255105550512595
log1pPF,0.006298827334984334
log1pPF,0.004057383639382026
log1pPF,0.007630191304613466
log1pPF,0.008566534554638365
log1pPF,0.006634599800760817
log1pPF,0.011069974323899895
log1pPF,0.009326463985479126
log1pPF,0.004298162020112262
log1pPF,0.0071091502145765465
log1pPF,0.0036172201522144893
log1pPF,0.004801254346097959
log1pPF,0.0026097094458294385
log1pPF,0.01949098719776065
log1pPF,0.003481176259437582
log1pPF,0.0070800512710964365
log1pPF,0.0037159341232108987
log1pPF,0.004768526639917853
log1pPF,0.012791155932006292
log1pPF,0.013369182678973782
log1pPF,0.004503827961611739
log1pPF,0.005631659025315309
log1pPF,0.0031390074474815285
log1pPF,0.003915448214130587
log1pPF,0.0071147854864180215
log1pPF,0.0024680206383358863
log1pPF,0.010046851209621515
log1pPF,0.002869855320704924
log1pPF,0.004631009096097225
log1pPF,0.004699185686489465
log1pPF,0.004041611375199242
log1pPF,0.003351079882993348
log1pPF,0.006073347841658397
log1pPF,0.0031378922751804372
log1pPF,0.0034498072941236036
log1pPF,0.004064419277310515
log1pPF,0.004319301941493095
log1pPF,0.0031331554417896937
log1pPF,0.008745001377083275
log1pPF,0.008996295906522168
log1pPF,0.0035516308381512893
log1pPF,0.012945198961625866
log1pPF,0.005413684894544111
log1pPF,0.03775932217451257
log1pPF,0.005946566252238516
log1pPF,0.003370301185042621
log1pPF,0.006608771922036544
log1pPF,0.008472792470411697
log1pPF,0.015645002964334583
log1pPF,0.004986644548851518
log1pPF,0.006081749064018398
log1pPF,0.008124604245644254
log1pPF,0.00855076636395728
log1pPF,0.012964550582326536
log1pPF,0.006827665274792383
log1pPF,0.003973051134385759
log1pPF,0.004422946631595732
log1pPF,0.004423032013612655
log1pPF,0.003330798968755528
log1pPF,0.003317570732860452
log1pPF,0.007121771874515261
log1pPF,0.004039860832665093
log1pPF,0.006259810438876346
log1pPF,0.008058047485956947
log1pPF,0.006786435951685948
log1pPF,0.01634488388031303
log1pPF,0.003764800529051753
log1pPF,0.012137431593741591
log1pPF,0.005138096107516523
log1pPF,0.008781197442180278
log1pPF,0.008312761143771344
log1pPF,0.005421620958932603
log1pPF,0.010937478266407105
log1pPF,0.006250870262924568
log1pPF,0.0020156124384804893
log1pPF,0.006932863825843996
log1pPF,0.004286882003929238
log1pPF,0.005357507135802557
log1pPF,0.0033750476630262905
log1pPF,0.009114552306726977
log1pPF,0.00876305551159567
log1pPF,0.00404232899182799
log1pPF,0.005438111064273535
log1pPF,0.0035553764649863054
log1pPF,0.00585431978205768
log1pPF,0.010505418284740976
log1pPF,0.004846490792221775
log1pPF,0.00813920374683744
log1pPF,0.004079709423574752
log1pPF,0.0076653234040168355
log1pPF,0.003071133286252069
log1pPF,0.004509443244473004
log1pPF,0.010375632573185573
log1pPF,0.0036174315311813966
log1pPF,0.010784187436920152
log1pPF,0.0037961456675233156
log1pPF,0.004715594493125864
log1pPF,0.005269706947357402
log1pPF,0.00596229891674436
log1pPF,0.004398701147470605
log1pPF,0.004988019127684385
log1pPF,0.007764189668380415
log1pPF,0.003704325701924698
log1pPF,0.003476309114109959
log1pPF,0.004502583058072913
log1pPF,0.008147676422428654
log1pPF,0.004453113288564792
log1pPF,0.004897254765318382
log1pPF,0.00538218517937162
log1pPF,0.0029141773377167873
log1pPF,0.006226012599006065
log1pPF,0.00902381079712737
log1pPF,0.005672942587737525
log1pPF,0.0028500128196262222
log1pPF,0.002813593667200874
log1pPF,0.004056481163778682
log1pPF,0.003734421431100136
log1pPF,0.0059930294591964365
log1pPF,0.004129809816786221
log1pPF,0.005057792914975763
log1pPF,0.004729523901256779
log1pPF,0.005953014066466911
log1pPF,0.0030840365623513786
log1pPF,0.004564218132563167
log1pPF,0.0072489409741316
log1pPF,0.005046515535543104
log1pPF,0.0034180967329677007
log1pPF,0.007621090147056557
log1pPF,0.009561398575990514
log1pPF,0.005177037686597235
log1pPF,0.008518341632780903
log1pPF,0.002881950484680561
log1pPF,0.0053882185007811945
log1pPF,0.021767408023849737
log1pPF,0.007107437270739275
log1pPF,0.006203205816614333
log1pPF,0.006891295554313849
log1pPF,0.0068136687695631104
log1pPF,0.002366512228137386
log1pPF,0.005464637828141596
log1pPF,0.00300074211755197
log1pPF,0.007972731760591819
log1pPF,0.006193611945425467
log1pPF,0.00972929903611062
log1pPF,0.003029179202015339
log1pPF,0.0030213105056770603
log1pPF,0.008780162368087381
log1pPF,0.0035423556372081184
log1pPF,0.005988401991579795
log1pPF,0.005812119782887944
log1pPF,0.0024860713527784612
log1pPF,0.005696156174808102
log1pPF,0.003472497918910875
log1pPF,0.009997755483022217
log1pPF,0.008824648116730628
log1pPF,0.014066294773650269
log1pPF,0.00588829790214641
log1pPF,0.00464661451353721
log1pPF,0.006596146410777985
log1pPF,0.005522305228103563
log1pPF,0.003296910353637544
log1pPF,0.004937651484294358
log1pPF,0.004221516867848887
log1pPF,0.004499257355024485
log1pPF,0.007646093828673039
log1pPF,0.005302594998330427
log1pPF,0.005325196884590634
log1pPF,0.0040873807462553455
log1pPF,0.009164338368398552
log1pPF,0.0028805213414905342
log1pPF,0.003998281138460098
log1pPF,0.006434022110434686
log1pPF,0.011745694193339403
log1pPF,0.013646876848495618
log1pPF,0.003905489480378025
log1pPF,0.00817151814348861
log1pPF,0.004149455275266916
log1pPF,0.007287525381335973
log1pPF,0.038729769735842905
log1pPF,0.004668070772434349
log1pPF,0.004772243156944193
log1pPF,0.010307104404522108
log1pPF,0.005018993955597103
log1pPF,0.0034736111336557776
log1pPF,0.006094709674838157
log1pPF,0.00496496810326927
log1pPF,0.004226059935280586
log1pPF,0.00434018310418884
log1pPF,0.006145903782947709
log1pPF,0.008358681811876994
log1pPF,0.0055181043851322735
log1pPF,0.007373343570155193
log1pPF,0.003383540683738439
log1pPF,0.003858565228867123
log1pPF,0.004327488188884399
log1pPF,0.005430110106131399
log1pPF,0.00657719264704509
log1pPF,0.0063337978145234335
log1pPF,0.008841714018349238
log1pPF,0.0036285381890300487
log1pPF,0.012491703104538888
log1pPF,0.004928459032878844
log1pPF,0.002966006676984531
log1pPF,0.0036373647119029126
log1pPF,0.0029956105238991555
log1pPF,0.005408140236835054
log1pPF,0.005492100387968611
log1pPF,0.005525054835771113
log1pPF,0.005904850998387192
log1pPF,0.004835278197537811
log1pPF,0.007021734738127786
log1pPF,0.014304387863594049
log1pPF,0.017574902640170382
log1pPF,0.0038334871581834837
log1pPF,0.0033972877622127713
log1pPF,0.007045352069602597
log1pPF,0.006461779375993979
log1pPF,0.0049167241321094
log1pPF,0.005692599214384861
log1pPF,0.004353631583263318
log1pPF,0.005388117484930467
log1pPF,0.006000274690979914
log1pPF,0.016392696679038386
log1pPF,0.005760754621701137
log1pPF,0.005576471965834078
log1pPF,0.004701809265159796
log1pPF,0.004724189346327722
log1pPF,0.003075580773196592
log1pPF,0.004954161018606446
log1pPF,0.004511971374144763
log1pPF,0.005314171748419156
log1pPF,0.009350508723232806
log1pPF,0.00607698447697399
log1pPF,0.0062407590446154956
log1pPF,0.007198547844289088
log1pPF,0.0038209559897385685
log1pPF,0.004218902098033514
log1pPF,0.008151418827031116
log1pPF,0.007329395709873328
log1pPF,0.007326003696406232
log1pPF,0.003821929154689028
log1pPF,0.00579095361285727
log1pPF,0.008263706389904113
log1pPF,0.013214438289832575
log1pPF,0.006830481230634663
log1pPF,0.003851874345609687
log1pPF,0.003477609434718904
log1pPF,0.003423220480087738
log1pPF,0.003267196388781457
log1pPF,0.017571399789149882
log1pPF,0.002831094712226026
log1pPF,0.012254083185572617
log1pPF,0.008068466290896147
log1pPF,0.004438209470976583
log1pPF,0.004695369593422765
log1pPF,0.004822734792404788
log1pPF,0.014039183297528464
log1pPF,0.0034927536501348022
log1pPF,0.005400272155215133
log1pPF,0.0040949823139137
log1pPF,0.005763719964848082
log1pPF,0.005239478555062104
log1pPF,0.00833665747764951
log1pPF,0.0024840071718347074
log1pPF,0.01333119592964536
log1pPF,0.003444284057588427
log1pPF,0.004846515761349796
log1pPF,0.007834563439943485
log1pPF,0.008120785183982284
log1pPF,0.006887053727759886
log1pPF,0.008753509203914779
log1pPF,0.0016655124366794667
log1pPF,0.004624878963767324
log1pPF,0.0041853999339830725
log1pPF,0.0030813066221198173
log1pPF,0.004250544621062507
log1pPF,0.004601469402733716
log1pPF,0.0065060138164711396
log1pPF,0.0045438155524273474
log1pPF,0.010321549447111625
log1pPF,0.005894844577377775
log1pPF,0.0043538359428261925
log1pPF,0.013049258996429678
log1pPF,0.009534052086864472
log1pPF,0.003935822342966954
log1pPF,0.005582219025175719
log1pPF,0.006414789419682817
log1pPF,0.012035794597157085
log1pPF,0.005703677529747056
log1pPF,0.01077498706249067
log1pPF,0.00524283707374482
log1pPF,0.006430130004955128
log1pPF,0.010831854571382558
log1pPF,0.003358986633001022
log1pPF,0.005024735349616046
log1pPF,0.021676554016788488
log1pPF,0.0062749085989674755
log1pPF,0.005850634440535534
log1pPF,0.0030831020910067684
log1pPF,0.0047867430370734185
log1pPF,0.008844076071050101
log1pPF,0.005549525353759149
log1pPF,0.0037374947752125617
log1pPF,0.005619447610337098
log1pPF,0.007212301949024688
log1pPF,0.005925997322081065
log1pPF,0.0029716155435513454
log1pPF,0.0070253109390493226
log1pPF,0.010672847500152701
log1pPF,0.004602622139857857
log1pPF,0.0047887750606285745
log1pPF,0.0031602411493464153
log1pPF,0.00953585431199813
log1pPF,0.004993560579523898
log1pPF,0.004952110717869194
log1pPF,0.004212985805929274
log1pPF,0.011491969800945861
log1pPF,0.012352136692849758
log1pPF,0.004138547685295105
log1pPF,0.011396891332061437
log1pPF,0.005957533262063501
log1pPF,0.010015852236351775
log1pPF,0.006559756319177891
log1pPF,0.005442864521769388
log1pPF,0.0041048652526128136
log1pPF,0.0016774403623284041
log1pPF,0.008624239762171719
log1pPF,0.006377931569480899
log1pPF,0.006641812385042744
log1pPF,0.003318347459336075
log1pPF,0.004337515026836314
log1pPF,0.004671121686805461
log1pPF,0.0046201084846356774
log1pPF,0.007222355527871475
log1pPF,0.013518005568627865
log1pPF,0.0034884739007699965
log1pPF,0.0048104686147560395
log1pPF,0.005131627906834853
log1pPF,0.008555174716094625
log1pPF,0.00474433167269255
log1pPF,0.00403630097739316
log1pPF,0.004725465116846756
log1pPF,0.0034960387430300146
log1pPF,0.004045712769975918
log1pPF,0.0044090834479223245
log1pPF,0.010140313843941571
log1pPF,0.004449118848885449
log1pPF,0.003924261735255443
log1pPF,0.007786940022586435
log1pPF,0.007220403223116891
log1pPF,0.00860780943190961
log1pPF,0.004246889308254945
log1pPF,0.010783822284234372
log1pPF,0.004514527384585373
log1pPF,0.005488674573624049
log1pPF,0.0031690137051889867
log1pPF,0.0034655240943257284
log1pPF,0.014467568011403375
log1pPF,0.006750705342720306
PFlog1pPF,0.003856190425057752
PFlog1pPF,0.002949463911218377
PFlog1pPF,0.006686002324370328
PFlog1pPF,0.004691586054170073
PFlog1pPF,0.002964663064128307
PFlog1pPF,0.0034943701885337295
PFlog1pPF,0.004042215263430316
PFlog1pPF,0.004816129439094219
PFlog1pPF,0.006515974074046955
PFlog1pPF,0.005858424322255882
PFlog1pPF,0.004310342828267454
PFlog1pPF,0.0030486865962775205
PFlog1pPF,0.004417103813438813
PFlog1pPF,0.006025721037199793
PFlog1pPF,0.005777296303022803
PFlog1pPF,0.004085061372403035
PFlog1pPF,0.006001339333107986
PFlog1pPF,0.007251246732901926
PFlog1pPF,0.002713202570778312
PFlog1pPF,0.006149713183729977
PFlog1pPF,0.003751913654515706
PFlog1pPF,0.004228636750550434
PFlog1pPF,0.0026922457849168054
PFlog1pPF,0.006266564569567371
PFlog1pPF,0.002221558829782931
PFlog1pPF,0.003971889648464039
PFlog1pPF,0.0042756836628019025
PFlog1pPF,0.005349173028905591
PFlog1pPF,0.003070860212233156
PFlog1pPF,0.004875910588925521
PFlog1pPF,0.003300754070229203
PFlog1pPF,0.006170469798208192
PFlog1pPF,0.00382470187919654
PFlog1pPF,0.004305897614300684
PFlog1pPF,0.004609504641900361
PFlog1pPF,0.003044034526735296
PFlog1pPF,0.004600957100255165
PFlog1pPF,0.0033153003632315735
PFlog1pPF,0.0039479837338933154
PFlog1pPF,0.004670017481382405
PFlog1pPF,0.0028300505169628035
PFlog1pPF,0.0038349594598805544
PFlog1pPF,0.005911565317846692
PFlog1pPF,0.002156422169552705
PFlog1pPF,0.00620745544946667
PFlog1pPF,0.0048332542066488165
PFlog1pPF,0.00442904048716648
PFlog1pPF,0.003266575218194488
PFlog1pPF,0.004176074987663453
PFlog1pPF,0.0036952786411893813
PFlog1pPF,0.005621753576973632
PFlog1pPF,0.012196513514557398
PFlog1pPF,0.004184568478003049
PFlog1pPF,0.014436575371263747
PFlog1pPF,0.006878541589281077
PFlog1pPF,0.003087194364972524
PFlog1pPF,0.0040579244770895815
PFlog1pPF,0.00578648464679605
PFlog1pPF,0.00479262385883195
PFlog1pPF,0.0040261226129791996
PFlog1pPF,0.006542267598742278
PFlog1pPF,0.005712743176418835
PFlog1pPF,0.0045896646369306526
PFlog1pPF,0.005001119764587846
PFlog1pPF,0.003704515740560095
PFlog1pPF,0.005171505469093459
PFlog1pPF,0.004377497003121114
PFlog1pPF,0.0054874531932809
PFlog1pPF,0.003822265272621891
PFlog1pPF,0.0030551568188201808
PFlog1pPF,0.005192207105592465
PFlog1pPF,0.00412638353184989
PFlog1pPF,0.003185795644887772
PFlog1pPF,0.005277878130439941
PFlog1pPF,0.003518588846675635
PFlog1pPF,0.004723401350394864
PFlog1pPF,0.002842588657242741
PFlog1pPF,0.0035788712487231592
PFlog1pPF,0.0036599252915889015
PFlog1pPF,0.005884741052275843
PFlog1pPF,0.0059816092175202975
PFlog1pPF,0.004113460561825648
PFlog1pPF,0.006351073756685862
PFlog1pPF,0.003912041016484141
PFlog1pPF,0.0044620759526435815
PFlog1pPF,0.007097185110647738
PFlog1pPF,0.0017253962272846838
PFlog1pPF,0.005121806413690495
PFlog1pPF,0.003071185981153198
PFlog1pPF,0.005122004099530409
PFlog1pPF,0.002684907106202699
PFlog1pPF,0.003627850825647383
PFlog1pPF,0.005427075966028031
PFlog1pPF,0.0040924374659713466
PFlog1pPF,0.004856883322507126
PFlog1pPF,0.0025351311120481086
PFlog1pPF,0.0038845381969217618
PFlog1pPF,0.00404021909443386
PFlog1pPF,0.004510915538140553
PFlog1pPF,0.003994197208126004
PFlog1pPF,0.003696589834744426
PFlog1pPF,0.004771277066867756
PFlog1pPF,0.006801982587988475
PFlog1pPF,0.0036065251919246886
PFlog1pPF,0.005040153456206424
PFlog1pPF,0.004672988896523211
PFlog1pPF,0.0033208821121004594
PFlog1pPF,0.00343004467076752
PFlog1pPF,0.004426146729367517
PFlog1pPF,0.003922008091730273
PFlog1pPF,0.004212250487763681
PFlog1pPF,0.006765999290082676
PFlog1pPF,0.003499612600687011
PFlog1pPF,0.0037947955905931405
PFlog1pPF,0.0034601867955521125
PFlog1pPF,0.007734476370156004
PFlog1pPF,0.003518666986033233
PFlog1pPF,0.005159390832258405
PFlog1pPF,0.006993164391259748
PFlog1pPF,0.0039869542767361375
PFlog1pPF,0.004417473638280231
PFlog1pPF,0.004052486743703393
PFlog1pPF,0.005039808155290159
PFlog1pPF,0.00392418343611104
PFlog1pPF,0.004131874285420812
PFlog1pPF,0.0034228843638312106
PFlog1pPF,0.00406988057101529
PFlog1pPF,0.004835707229920934
PFlog1pPF,0.0027476870312549144
PFlog1pPF,0.007699043625642284
PFlog1pPF,0.003070799710327112
PFlog1pPF,0.005669422325924849
PFlog1pPF,0.004062647645129144
PFlog1pPF,0.00475732218237291
PFlog1pPF,0.0043321005557356565
PFlog1pPF,0.00241330855746132
PFlog1pPF,0.0025542602558581867
PFlog1pPF,0.003802404959295066
PFlog1pPF,0.005100075934857563
PFlog1pPF,0.003908438252517144
PFlog1pPF,0.003754890880687261
PFlog1pPF,0.002862494412590858
PFlog1pPF,0.006147040092336192
PFlog1pPF,0.004780769173171378
PFlog1pPF,0.005722429149861104
PFlog1pPF,0.0058143311153060285
PFlog1pPF,0.005132948418906492
PFlog1pPF,0.003648371158477441
PFlog1pPF,0.003111886398604135
PFlog1pPF,0.004825137693967926
PFlog1pPF,0.0021676790148589
PFlog1pPF,0.004077762704978767
PFlog1pPF,0.0051134426192086585
PFlog1pPF,0.004962422059387641
PFlog1pPF,0.0035983172343187673
PFlog1pPF,0.003097239223908044
PFlog1pPF,0.004293595650111455
PFlog1pPF,0.0030719772616565138
PFlog1pPF,0.004505210175023582
PFlog1pPF,0.005262970867237213
PFlog1pPF,0.0027508193873692108
PFlog1pPF,0.0033187516435195866
PFlog1pPF,0.005688410041694777
PFlog1pPF,0.0033814494995026744
PFlog1pPF,0.0063252777015718594
PFlog1pPF,0.005569674293686275
PFlog1pPF,0.005286210593064787
PFlog1pPF,0.002893357418223943
PFlog1pPF,0.0049909556118718675
PFlog1pPF,0.0033965260645296667
PFlog1pPF,0.003924800944692681
PFlog1pPF,0.005351179663313545
PFlog1pPF,0.004637744190358916
PFlog1pPF,0.005320490357647492
PFlog1pPF,0.005201663402905678
PFlog1pPF,0.004154139008573318
PFlog1pPF,0.00531716072240648
PFlog1pPF,0.004777744428913878
PFlog1pPF,0.0038893478261207144
PFlog1pPF,0.004132355557973
PFlog1pPF,0.004583420929681938
PFlog1pPF,0.006102373940669413
PFlog1pPF,0.004235097257051693
PFlog1pPF,0.0041937755372742054
PFlog1pPF,0.004274163520970209
PFlog1pPF,0.005729856674634764
PFlog1pPF,0.004836682052510518
PFlog1pPF,0.006022839302087389
PFlog1pPF,0.0195606878359964
PFlog1pPF,0.0037991128234238273
PFlog1pPF,0.0046278652988193305
PFlog1pPF,0.006584548484558176
PFlog1pPF,0.006447993690810173
PFlog1pPF,0.003917560545767466
PFlog1pPF,0.005541563497746338
PFlog1pPF,0.005325112613858368
PFlog1pPF,0.007008136969453046
PFlog1pPF,0.003404860799364925
PFlog1pPF,0.00412100138305172
PFlog1pPF,0.008333209125742246
PFlog1pPF,0.005619910951933542
PFlog1pPF,0.006733903215343747
PFlog1pPF,0.003680895592975394
PFlog1pPF,0.0033706777010860363
PFlog1pPF,0.00755337913811751
PFlog1pPF,0.003493402284621324
PFlog1pPF,0.0035929830577736376
PFlog1pPF,0.003969102744435337
PFlog1pPF,0.004460980213620042
PFlog1pPF,0.003973322095428731
PFlog1pPF,0.006385858331654087
PFlog1pPF,0.0036549899969092704
PFlog1pPF,0.0031253948428757593
PFlog1pPF,0.004227892258172491
PFlog1pPF,0.0037706071783241042
PFlog1pPF,0.0051234542985299225
PFlog1pPF,0.004347115943240955
PFlog1pPF,0.006517667468020103
PFlog1pPF,0.005039039445428059
PFlog1pPF,0.004957246464662036
PFlog1pPF,0.004672041592002523
PFlog1pPF,0.00575527083408459
PFlog1pPF,0.005807224088273465
PFlog1pPF,0.005279215586348083
PFlog1pPF,0.0030674741717088123
PFlog1pPF,0.0045585253553291185
PFlog1pPF,0.009788009297395515
PFlog1pPF,0.005713670884379927
PFlog1pPF,0.005058882418611439
PFlog1pPF,0.00466337333922273
PFlog1pPF,0.005485939377464187
PFlog1pPF,0.0034640667906831496
PFlog1pPF,0.0047351472017290236
PFlog1pPF,0.005817252258909537
PFlog1pPF,0.004265610701431373
PFlog1pPF,0.005161330006703536
PFlog1pPF,0.004378801302003151
PFlog1pPF,0.0033513719777163117
PFlog1pPF,0.003634992874052786
PFlog1pPF,0.002779217728234463
PFlog1pPF,0.004357702990510027
PFlog1pPF,0.005542930687293382
PFlog1pPF,0.004596819587882047
PFlog1pPF,0.0046967587222845365
PFlog1pPF,0.004260818137912671
PFlog1pPF,0.0025346936242593735
PFlog1pPF,0.004569909418902008
PFlog1pPF,0.0038494811451730824
PFlog1pPF,0.006238176289475535
PFlog1pPF,0.003116718756253037
PFlog1pPF,0.005210505883756599
PFlog1pPF,0.004654999155058396
PFlog1pPF,0.0039262414879003005
PFlog1pPF,0.010988054562398415
PFlog1pPF,0.002124939141345467
PFlog1pPF,0.003911652322077877
PFlog1pPF,0.0025267361983141927
PFlog1pPF,0.004091858090851466
PFlog1pPF,0.0032279497132817457
PFlog1pPF,0.004708791716035902
PFlog1pPF,0.005071665158188979
PFlog1pPF,0.00463072393496295
PFlog1pPF,0.0043072315370467
PFlog1pPF,0.0038370748634456563
PFlog1pPF,0.005542079400225059
PFlog1pPF,0.0036460989210843958
PFlog1pPF,0.0035422887336151363
PFlog1pPF,0.003657938137475284
PFlog1pPF,0.004362489572123755
PFlog1pPF,0.003971582097259346
PFlog1pPF,0.004047278165246018
PFlog1pPF,0.005321235924345506
PFlog1pPF,0.004916800085391497
PFlog1pPF,0.003965986030878794
PFlog1pPF,0.004787796969574218
PFlog1pPF,0.0031698943162168825
PFlog1pPF,0.00615371908957574
PFlog1pPF,0.005178062830453154
PFlog1pPF,0.0035639151561633136
PFlog1pPF,0.0035235160879921283
PFlog1pPF,0.004363115630367416
PFlog1pPF,0.004682012273355381
PFlog1pPF,0.005302766536493526
PFlog1pPF,0.005056867729484313
PFlog1pPF,0.005715382576627308
PFlog1pPF,0.005206941797290579
PFlog1pPF,0.004186938700204493
PFlog1pPF,0.0039653072424063645
PFlog1pPF,0.0054024997392762945
PFlog1pPF,0.003594448628822853
PFlog1pPF,0.006850731604023949
PFlog1pPF,0.004196293483956314
PFlog1pPF,0.003209312285015541
PFlog1pPF,0.004063303242200171
PFlog1pPF,0.002342915799464276
PFlog1pPF,0.001358821183433986
PFlog1pPF,0.005695174370006513
PFlog1pPF,0.004875391577895874
PFlog1pPF,0.004527675274299837
PFlog1pPF,0.0023637084776413947
PFlog1pPF,0.0016157948511364949
PFlog1pPF,0.008849301902291233
PFlog1pPF,0.007379940000012354
PFlog1pPF,0.005393149703507565
PFlog1pPF,0.004206306364237769
PFlog1pPF,0.009465372623700024
PFlog1pPF,0.007365434763560886
PFlog1pPF,0.005199796725793783
PFlog1pPF,0.0055567373567250175
PFlog1pPF,0.006589863529462425
PFlog1pPF,0.0041911732789062985
PFlog1pPF,0.009151478013333023
PFlog1pPF,0.004016031506310851
PFlog1pPF,0.004133805763776811
PFlog1pPF,0.005723349634601571
PFlog1pPF,0.0044619690030822745
PFlog1pPF,0.004542056374905721
PFlog1pPF,0.006461716705344316
PFlog1pPF,0.006139566291800265
PFlog1pPF,0.008869772000866869
PFlog1pPF,0.004508408487127788
PFlog1pPF,0.0016100044659754743
PFlog1pPF,0.0047234438856317215
PFlog1pPF,0.004303437242387169
PFlog1pPF,0.005638642775215957
PFlog1pPF,0.0037350682598915864
PFlog1pPF,0.0031798975036397654
PFlog1pPF,0.0047925962976310904
PFlog1pPF,0.0058803953492243865
PFlog1pPF,0.005401787286991378
PFlog1pPF,0.004768526190328372
PFlog1pPF,0.006128555729260895
PFlog1pPF,0.0064397100750504185
PFlog1pPF,0.005362266415124684
PFlog1pPF,0.0037032604329250186
PFlog1pPF,0.0020159053162283756
PFlog1pPF,0.005211264283474185
PFlog1pPF,0.006974097645191642
PFlog1pPF,0.0049930566505674975
PFlog1pPF,0.003839946568407376
PFlog1pPF,0.0045379690803951205
PFlog1pPF,0.004024618453142028
PFlog1pPF,0.003534813829581975
PFlog1pPF,0.002437496398869691
PFlog1pPF,0.0076016761035778285
PFlog1pPF,0.004133607952472165
PFlog1pPF,0.004833711169966687
PFlog1pPF,0.005084770997059027
PFlog1pPF,0.004199088131333938
PFlog1pPF,0.004706068897111784
PFlog1pPF,0.004767062635752589
PFlog1pPF,0.002878974859941928
PFlog1pPF,0.0036086822858274054
PFlog1pPF,0.0034443546257410737
PFlog1pPF,0.0064302772433829005
PFlog1pPF,0.0057297352418102234
PFlog1pPF,0.004395066237747598
PFlog1pPF,0.003760040901472365
PFlog1pPF,0.005145596439827491
PFlog1pPF,0.0033729195590561827
PFlog1pPF,0.0034115212671349156
PFlog1pPF,0.005083510038610316
PFlog1pPF,0.004335736584384543
PFlog1pPF,0.0036748763792926135
PFlog1pPF,0.00430311692729602
PFlog1pPF,0.004869300311478178
PFlog1pPF,0.0033048584103434584
PFlog1pPF,0.005442963254753403
PFlog1pPF,0.002843962505111089
