cell	assay	cell_type	PFlog_optimum_leiden_k15	PFlog_CP10k_leiden_k15	PFlog_optimum_leiden_k50	PFlog_CP10k_leiden_k50
778	Seq-Well	natural killer cell	0	0	0	0
551	10x 3' v3	CD1c-positive myeloid dendritic cell	9	2	2	2
246	10x 3' v3	type II pneumocyte	12	12	6	8
936	10x 3' v3	alveolar macrophage	14	15	9	9
387	10x 3' v3	ciliated columnar cell of tracheobronchial tree	7	5	7	7
502	Seq-Well	classical monocyte	2	3	1	1
987	Seq-Well	alveolar macrophage	1	6	5	4
646	10x 3' v3	alveolar macrophage	15	16	9	9
491	Seq-Well	alveolar macrophage	1	6	5	4
893	10x 3' v3	CD1c-positive myeloid dendritic cell	9	11	2	2
1010	10x 3' v3	alveolar macrophage	14	15	9	9
810	Seq-Well	classical monocyte	2	3	1	1
861	Seq-Well	ciliated columnar cell of tracheobronchial tree	10	9	12	12
526	10x 3' v3	ciliated columnar cell of tracheobronchial tree	7	5	7	7
1083	Seq-Well	classical monocyte	2	3	1	1
729	10x 3' v3	CD8-positive, alpha-beta T cell	3	1	4	3
1003	10x 3' v3	alveolar macrophage	14	15	9	9
145	10x 3' v3	CD8-positive, alpha-beta T cell	3	1	4	3
1067	Seq-Well	ciliated columnar cell of tracheobronchial tree	10	9	12	12
554	10x 3' v3	epithelial cell of lower respiratory tract	11	7	11	11
521	10x 3' v3	type II pneumocyte	16	8	6	6
1109	10x 3' v3	natural killer cell	3	1	4	3
643	Seq-Well	CD8-positive, alpha-beta T cell	0	0	0	0
970	Seq-Well	CD1c-positive myeloid dendritic cell	4	10	1	1
125	Seq-Well	epithelial cell of lower respiratory tract	6	4	3	5
649	Seq-Well	classical monocyte	2	3	1	1
1097	10x 3' v3	epithelial cell of lower respiratory tract	11	7	11	11
1020	10x 3' v3	CD8-positive, alpha-beta T cell	3	1	4	3
792	10x 3' v3	alveolar macrophage	15	16	9	9
741	10x 3' v3	classical monocyte	9	11	2	2
578	10x 3' v3	epithelial cell of lower respiratory tract	11	7	11	11
332	10x 3' v3	epithelial cell of lower respiratory tract	11	7	11	11
629	10x 3' v3	natural killer cell	13	13	10	10
323	10x 3' v3	epithelial cell of lower respiratory tract	7	5	7	7
48	Seq-Well	CD8-positive, alpha-beta T cell	0	0	0	4
1051	Seq-Well	classical monocyte	2	3	1	1
746	10x 3' v3	epithelial cell of lower respiratory tract	11	7	11	11
168	Seq-Well	classical monocyte	2	3	1	1
787	Seq-Well	type II pneumocyte	8	8	8	6
1102	Seq-Well	type II pneumocyte	8	8	8	6
896	10x 3' v3	type II pneumocyte	12	12	6	8
760	10x 3' v3	classical monocyte	5	2	2	2
290	Seq-Well	CD1c-positive myeloid dendritic cell	4	10	1	1
470	10x 3' v3	CD8-positive, alpha-beta T cell	3	1	4	3
673	10x 3' v3	CD8-positive, alpha-beta T cell	17	17	10	10
540	Seq-Well	CD8-positive, alpha-beta T cell	10	0	0	0
1093	10x 3' v3	alveolar macrophage	15	16	9	9
596	10x 3' v3	CD8-positive, alpha-beta T cell	13	13	10	10
933	10x 3' v3	alveolar macrophage	15	16	9	9
94	10x 3' v3	CD1c-positive myeloid dendritic cell	9	11	2	2
600	Seq-Well	CD8-positive, alpha-beta T cell	0	0	0	0
507	10x 3' v3	type II pneumocyte	16	8	6	8
735	10x 3' v3	natural killer cell	3	1	4	3
272	10x 3' v3	CD8-positive, alpha-beta T cell	3	1	4	3
297	10x 3' v3	CD1c-positive myeloid dendritic cell	5	2	2	2
205	10x 3' v3	CD8-positive, alpha-beta T cell	13	13	10	10
991	10x 3' v3	ciliated columnar cell of tracheobronchial tree	7	5	7	7
577	Seq-Well	CD8-positive, alpha-beta T cell	0	0	0	0
851	Seq-Well	classical monocyte	2	3	1	1
276	10x 3' v3	type II pneumocyte	12	12	6	8
364	10x 3' v3	CD1c-positive myeloid dendritic cell	9	11	2	2
1037	10x 3' v3	ciliated columnar cell of tracheobronchial tree	7	5	7	7
727	Seq-Well	ciliated columnar cell of tracheobronchial tree	10	9	12	12
929	Seq-Well	classical monocyte	2	3	1	1
584	Seq-Well	epithelial cell of lower respiratory tract	6	4	3	5
460	10x 3' v3	CD8-positive, alpha-beta T cell	3	1	4	3
24	10x 3' v3	natural killer cell	13	13	10	10
840	10x 3' v3	epithelial cell of lower respiratory tract	11	7	11	11
298	Seq-Well	natural killer cell	0	0	0	0
623	10x 3' v3	CD8-positive, alpha-beta T cell	13	13	10	10
370	Seq-Well	epithelial cell of lower respiratory tract	6	4	3	5
376	10x 3' v3	classical monocyte	2	1	1	1
383	Seq-Well	type II pneumocyte	8	8	8	6
295	Seq-Well	CD1c-positive myeloid dendritic cell	4	0	1	0
713	10x 3' v3	natural killer cell	3	1	4	3
305	10x 3' v3	ciliated columnar cell of tracheobronchial tree	7	5	7	7
591	10x 3' v3	alveolar macrophage	15	16	9	9
56	10x 3' v3	CD8-positive, alpha-beta T cell	17	17	10	10
161	10x 3' v3	type II pneumocyte	12	12	6	8
1107	Seq-Well	ciliated columnar cell of tracheobronchial tree	6	4	3	5
852	10x 3' v3	CD8-positive, alpha-beta T cell	13	13	10	10
437	Seq-Well	classical monocyte	2	3	1	1
772	Seq-Well	alveolar macrophage	1	6	5	4
13	10x 3' v3	natural killer cell	3	1	4	3
594	10x 3' v3	alveolar macrophage	1	6	5	4
248	Seq-Well	CD8-positive, alpha-beta T cell	0	0	0	0
548	10x 3' v3	CD1c-positive myeloid dendritic cell	9	11	2	2
826	10x 3' v3	ciliated columnar cell of tracheobronchial tree	7	5	7	7
1042	10x 3' v3	CD1c-positive myeloid dendritic cell	4	10	1	1
91	Seq-Well	epithelial cell of lower respiratory tract	6	4	3	5
1096	10x 3' v3	type II pneumocyte	12	12	6	8
1057	10x 3' v3	CD8-positive, alpha-beta T cell	3	1	4	3
112	Seq-Well	classical monocyte	2	3	1	1
188	10x 3' v3	CD1c-positive myeloid dendritic cell	9	11	2	2
834	Seq-Well	CD8-positive, alpha-beta T cell	0	0	0	0
635	Seq-Well	epithelial cell of lower respiratory tract	6	4	3	5
321	Seq-Well	CD8-positive, alpha-beta T cell	0	0	0	0
586	10x 3' v3	natural killer cell	13	13	10	10
598	Seq-Well	classical monocyte	2	3	1	1
358	10x 3' v3	ciliated columnar cell of tracheobronchial tree	7	5	7	7
659	Seq-Well	ciliated columnar cell of tracheobronchial tree	10	9	12	12
710	10x 3' v3	type II pneumocyte	12	12	6	8
592	10x 3' v3	epithelial cell of lower respiratory tract	11	7	11	11
42	Seq-Well	natural killer cell	0	0	0	0
1012	10x 3' v3	ciliated columnar cell of tracheobronchial tree	7	5	7	7
532	10x 3' v3	CD8-positive, alpha-beta T cell	3	1	4	3
1116	10x 3' v3	epithelial cell of lower respiratory tract	11	7	11	11
10	Seq-Well	CD8-positive, alpha-beta T cell	1	0	0	0
1081	10x 3' v3	classical monocyte	5	2	2	2
489	Seq-Well	ciliated columnar cell of tracheobronchial tree	10	9	12	12
616	Seq-Well	type II pneumocyte	8	14	8	6
204	10x 3' v3	classical monocyte	5	2	2	2
306	10x 3' v3	ciliated columnar cell of tracheobronchial tree	7	5	7	7
254	10x 3' v3	natural killer cell	3	1	4	3
557	10x 3' v3	CD1c-positive myeloid dendritic cell	9	11	2	2
375	10x 3' v3	CD8-positive, alpha-beta T cell	17	17	10	10
313	Seq-Well	CD8-positive, alpha-beta T cell	0	0	0	0
1103	10x 3' v3	alveolar macrophage	14	11	9	9
1119	Seq-Well	ciliated columnar cell of tracheobronchial tree	10	9	12	12
150	10x 3' v3	CD1c-positive myeloid dendritic cell	9	11	2	2
622	10x 3' v3	natural killer cell	13	13	10	10
799	Seq-Well	type II pneumocyte	8	8	8	6
742	Seq-Well	type II pneumocyte	8	14	8	6
856	Seq-Well	type II pneumocyte	8	14	8	6
218	10x 3' v3	alveolar macrophage	14	15	9	9
471	Seq-Well	alveolar macrophage	1	6	5	4
877	10x 3' v3	ciliated columnar cell of tracheobronchial tree	7	5	7	7
800	10x 3' v3	type II pneumocyte	12	12	6	8
562	Seq-Well	classical monocyte	2	3	1	1
1009	10x 3' v3	natural killer cell	13	13	10	10
95	Seq-Well	natural killer cell	0	0	0	0
843	Seq-Well	ciliated columnar cell of tracheobronchial tree	10	0	0	0
722	Seq-Well	type II pneumocyte	8	8	8	6
428	10x 3' v3	classical monocyte	5	2	2	2
148	10x 3' v3	epithelial cell of lower respiratory tract	3	1	4	3
853	10x 3' v3	classical monocyte	5	2	2	2
681	10x 3' v3	CD1c-positive myeloid dendritic cell	5	2	2	2
449	10x 3' v3	natural killer cell	13	13	10	10
93	Seq-Well	alveolar macrophage	1	6	5	4
1064	10x 3' v3	classical monocyte	5	2	2	2
493	10x 3' v3	ciliated columnar cell of tracheobronchial tree	7	5	7	7
283	Seq-Well	CD1c-positive myeloid dendritic cell	4	0	1	0
405	Seq-Well	CD8-positive, alpha-beta T cell	0	0	0	0
871	Seq-Well	CD8-positive, alpha-beta T cell	0	0	0	0
836	10x 3' v3	natural killer cell	3	1	4	3
473	Seq-Well	ciliated columnar cell of tracheobronchial tree	10	9	12	12
389	Seq-Well	CD1c-positive myeloid dendritic cell	4	0	0	0
495	Seq-Well	ciliated columnar cell of tracheobronchial tree	1	6	5	4
519	Seq-Well	CD8-positive, alpha-beta T cell	0	0	0	0
648	Seq-Well	natural killer cell	0	0	0	0
1059	Seq-Well	classical monocyte	2	3	1	1
338	Seq-Well	classical monocyte	1	3	0	1
317	Seq-Well	epithelial cell of lower respiratory tract	6	4	3	5
262	10x 3' v3	natural killer cell	3	1	4	3
436	10x 3' v3	type II pneumocyte	12	12	6	8
209	10x 3' v3	ciliated columnar cell of tracheobronchial tree	7	5	7	7
83	Seq-Well	classical monocyte	2	3	1	1
855	Seq-Well	ciliated columnar cell of tracheobronchial tree	10	9	12	12
864	10x 3' v3	CD8-positive, alpha-beta T cell	3	1	4	3
811	10x 3' v3	CD8-positive, alpha-beta T cell	3	17	4	10
274	Seq-Well	alveolar macrophage	1	6	5	4
132	10x 3' v3	type II pneumocyte	12	12	6	8
946	Seq-Well	type II pneumocyte	8	14	8	6
752	10x 3' v3	alveolar macrophage	15	16	9	9
561	10x 3' v3	classical monocyte	9	11	2	2
141	Seq-Well	type II pneumocyte	8	8	8	6
255	10x 3' v3	classical monocyte	5	2	2	2
394	10x 3' v3	natural killer cell	3	1	4	3
1046	Seq-Well	alveolar macrophage	1	6	5	4
1066	10x 3' v3	ciliated columnar cell of tracheobronchial tree	7	5	7	7
196	10x 3' v3	CD8-positive, alpha-beta T cell	13	13	10	10
1108	10x 3' v3	alveolar macrophage	14	15	9	9
151	Seq-Well	natural killer cell	0	0	0	0
403	10x 3' v3	alveolar macrophage	14	15	9	9
952	Seq-Well	classical monocyte	2	3	1	1
498	10x 3' v3	type II pneumocyte	12	12	6	8
883	Seq-Well	natural killer cell	0	0	0	0
72	Seq-Well	alveolar macrophage	1	6	5	4
149	Seq-Well	alveolar macrophage	1	6	5	4
849	Seq-Well	CD1c-positive myeloid dendritic cell	4	10	1	1
88	10x 3' v3	epithelial cell of lower respiratory tract	11	7	11	11
749	10x 3' v3	type II pneumocyte	12	12	6	8
688	Seq-Well	natural killer cell	0	0	0	0
284	Seq-Well	CD1c-positive myeloid dendritic cell	4	10	1	1
954	Seq-Well	CD1c-positive myeloid dendritic cell	4	0	1	0
167	Seq-Well	classical monocyte	2	3	1	1
446	10x 3' v3	alveolar macrophage	14	15	9	9
550	Seq-Well	natural killer cell	0	0	0	0
718	Seq-Well	epithelial cell of lower respiratory tract	6	4	3	5
1078	Seq-Well	type II pneumocyte	8	14	8	6
36	10x 3' v3	type II pneumocyte	16	8	6	8
528	Seq-Well	classical monocyte	2	3	1	1
303	Seq-Well	natural killer cell	0	0	0	0
917	Seq-Well	epithelial cell of lower respiratory tract	6	4	3	5
599	Seq-Well	CD1c-positive myeloid dendritic cell	4	10	1	1
69	Seq-Well	natural killer cell	0	0	0	0
812	Seq-Well	CD1c-positive myeloid dendritic cell	4	10	1	1
651	10x 3' v3	CD1c-positive myeloid dendritic cell	5	2	2	2
520	10x 3' v3	CD1c-positive myeloid dendritic cell	5	2	2	2
522	Seq-Well	CD8-positive, alpha-beta T cell	0	0	0	0
885	Seq-Well	CD8-positive, alpha-beta T cell	0	0	0	0
86	10x 3' v3	alveolar macrophage	14	15	9	9
117	Seq-Well	ciliated columnar cell of tracheobronchial tree	1	6	5	4
448	10x 3' v3	type II pneumocyte	12	12	6	8
450	Seq-Well	classical monocyte	2	3	1	1
100	Seq-Well	type II pneumocyte	8	14	8	6
0	Seq-Well	CD1c-positive myeloid dendritic cell	4	10	1	1
857	10x 3' v3	alveolar macrophage	15	16	9	9
456	10x 3' v3	alveolar macrophage	14	15	9	9
1023	Seq-Well	ciliated columnar cell of tracheobronchial tree	10	9	12	12
1008	Seq-Well	alveolar macrophage	1	6	5	4
1072	Seq-Well	epithelial cell of lower respiratory tract	6	4	3	5
9	10x 3' v3	classical monocyte	5	2	2	2
1007	Seq-Well	type II pneumocyte	8	14	8	6
377	10x 3' v3	classical monocyte	9	11	2	2
965	Seq-Well	CD8-positive, alpha-beta T cell	0	0	0	0
838	10x 3' v3	natural killer cell	13	13	10	10
1076	10x 3' v3	classical monocyte	5	2	2	2
887	10x 3' v3	classical monocyte	5	2	2	2
261	10x 3' v3	natural killer cell	13	13	10	10
232	10x 3' v3	epithelial cell of lower respiratory tract	11	7	11	11
910	Seq-Well	alveolar macrophage	1	6	5	4
369	10x 3' v3	alveolar macrophage	14	15	9	9
773	10x 3' v3	ciliated columnar cell of tracheobronchial tree	7	5	7	7
531	Seq-Well	CD8-positive, alpha-beta T cell	0	0	0	0
35	10x 3' v3	CD8-positive, alpha-beta T cell	17	17	10	10
504	10x 3' v3	epithelial cell of lower respiratory tract	5	2	2	2
278	10x 3' v3	natural killer cell	13	13	10	10
380	Seq-Well	epithelial cell of lower respiratory tract	6	4	3	5
477	Seq-Well	CD1c-positive myeloid dendritic cell	4	10	1	1
334	Seq-Well	type II pneumocyte	6	4	3	5
412	Seq-Well	CD1c-positive myeloid dendritic cell	4	10	1	1
106	Seq-Well	natural killer cell	0	0	0	0
1071	10x 3' v3	CD1c-positive myeloid dendritic cell	9	11	2	2
67	10x 3' v3	CD1c-positive myeloid dendritic cell	5	2	2	2
1022	Seq-Well	epithelial cell of lower respiratory tract	6	4	3	5
480	10x 3' v3	natural killer cell	3	1	4	3
582	Seq-Well	classical monocyte	2	3	1	1
517	Seq-Well	CD1c-positive myeloid dendritic cell	4	0	1	0
652	Seq-Well	CD8-positive, alpha-beta T cell	0	0	0	0
704	10x 3' v3	alveolar macrophage	15	16	9	9
226	Seq-Well	classical monocyte	2	3	1	1
21	10x 3' v3	natural killer cell	3	1	4	3
1032	10x 3' v3	CD8-positive, alpha-beta T cell	3	1	4	3
245	Seq-Well	alveolar macrophage	1	6	5	4
454	Seq-Well	CD1c-positive myeloid dendritic cell	4	10	1	1
607	10x 3' v3	natural killer cell	3	1	4	3
207	10x 3' v3	CD8-positive, alpha-beta T cell	17	17	10	10
806	Seq-Well	type II pneumocyte	8	8	8	6
410	10x 3' v3	type II pneumocyte	12	12	6	8
774	Seq-Well	alveolar macrophage	1	6	5	4
431	10x 3' v3	alveolar macrophage	14	15	9	9
445	Seq-Well	ciliated columnar cell of tracheobronchial tree	10	9	12	12
720	10x 3' v3	epithelial cell of lower respiratory tract	11	7	11	11
1038	Seq-Well	ciliated columnar cell of tracheobronchial tree	10	9	12	12
1029	Seq-Well	epithelial cell of lower respiratory tract	6	4	3	5
373	10x 3' v3	CD1c-positive myeloid dendritic cell	9	11	2	2
542	10x 3' v3	epithelial cell of lower respiratory tract	11	7	11	11
1111	Seq-Well	classical monocyte	2	3	1	1
173	Seq-Well	classical monocyte	2	3	1	1
186	10x 3' v3	classical monocyte	9	11	2	2
793	10x 3' v3	ciliated columnar cell of tracheobronchial tree	7	5	7	7
588	10x 3' v3	CD8-positive, alpha-beta T cell	3	1	4	3
628	Seq-Well	type II pneumocyte	8	8	8	6
85	Seq-Well	CD1c-positive myeloid dendritic cell	4	10	1	1
123	10x 3' v3	CD1c-positive myeloid dendritic cell	5	2	2	2
942	10x 3' v3	ciliated columnar cell of tracheobronchial tree	7	5	7	7
984	10x 3' v3	type II pneumocyte	12	12	6	8
715	Seq-Well	classical monocyte	2	3	1	1
697	Seq-Well	CD1c-positive myeloid dendritic cell	4	10	1	1
4	Seq-Well	ciliated columnar cell of tracheobronchial tree	10	9	12	12
816	10x 3' v3	natural killer cell	3	1	4	3
682	10x 3' v3	type II pneumocyte	12	12	6	8
133	10x 3' v3	CD8-positive, alpha-beta T cell	13	13	10	10
415	10x 3' v3	CD8-positive, alpha-beta T cell	3	1	4	3
113	Seq-Well	natural killer cell	0	0	0	0
307	Seq-Well	natural killer cell	0	0	0	0
357	10x 3' v3	CD1c-positive myeloid dendritic cell	5	2	2	2
478	Seq-Well	natural killer cell	0	0	0	0
939	Seq-Well	alveolar macrophage	1	6	5	4
515	Seq-Well	CD8-positive, alpha-beta T cell	0	0	0	0
960	Seq-Well	CD8-positive, alpha-beta T cell	0	0	0	0
537	10x 3' v3	CD1c-positive myeloid dendritic cell	5	2	2	2
1035	Seq-Well	classical monocyte	2	3	1	1
420	10x 3' v3	ciliated columnar cell of tracheobronchial tree	7	5	7	7
669	Seq-Well	natural killer cell	0	0	0	0
2	10x 3' v3	CD1c-positive myeloid dendritic cell	5	2	2	2
432	Seq-Well	CD1c-positive myeloid dendritic cell	4	10	1	1
1118	Seq-Well	natural killer cell	0	0	0	0
430	10x 3' v3	CD1c-positive myeloid dendritic cell	9	11	2	2
1077	Seq-Well	type II pneumocyte	8	8	8	6
74	Seq-Well	CD1c-positive myeloid dendritic cell	4	10	1	1
258	10x 3' v3	CD8-positive, alpha-beta T cell	3	1	4	3
66	Seq-Well	type II pneumocyte	8	14	8	6
758	10x 3' v3	natural killer cell	3	1	4	3
1048	10x 3' v3	CD8-positive, alpha-beta T cell	17	17	10	10
292	Seq-Well	ciliated columnar cell of tracheobronchial tree	10	9	12	12
291	10x 3' v3	type II pneumocyte	12	12	6	8
1105	10x 3' v3	epithelial cell of lower respiratory tract	11	7	11	11
105	Seq-Well	natural killer cell	0	0	0	0
162	10x 3' v3	alveolar macrophage	15	16	9	9
907	10x 3' v3	epithelial cell of lower respiratory tract	11	7	11	11
302	Seq-Well	natural killer cell	0	0	0	0
769	Seq-Well	type II pneumocyte	8	14	8	6
318	10x 3' v3	alveolar macrophage	14	15	9	9
549	Seq-Well	alveolar macrophage	1	6	5	4
104	Seq-Well	ciliated columnar cell of tracheobronchial tree	10	9	12	12
418	Seq-Well	ciliated columnar cell of tracheobronchial tree	10	9	12	12
264	10x 3' v3	ciliated columnar cell of tracheobronchial tree	7	5	7	7
949	10x 3' v3	alveolar macrophage	15	16	9	9
731	Seq-Well	epithelial cell of lower respiratory tract	6	4	3	5
796	Seq-Well	alveolar macrophage	1	0	0	4
785	10x 3' v3	type II pneumocyte	16	8	6	8
1082	10x 3' v3	classical monocyte	5	2	2	2
911	10x 3' v3	classical monocyte	9	11	2	2
54	Seq-Well	CD1c-positive myeloid dendritic cell	4	10	1	1
927	10x 3' v3	classical monocyte	9	11	2	2
937	10x 3' v3	classical monocyte	9	11	2	2
529	10x 3' v3	classical monocyte	9	11	2	2
839	10x 3' v3	CD1c-positive myeloid dendritic cell	5	2	2	2
647	Seq-Well	alveolar macrophage	1	6	5	4
356	Seq-Well	type II pneumocyte	2	8	1	6
250	Seq-Well	epithelial cell of lower respiratory tract	6	4	3	5
794	10x 3' v3	natural killer cell	3	1	4	3
745	Seq-Well	CD1c-positive myeloid dendritic cell	4	10	1	1
605	10x 3' v3	ciliated columnar cell of tracheobronchial tree	7	5	7	7
178	Seq-Well	type II pneumocyte	8	8	8	6
1025	Seq-Well	alveolar macrophage	1	6	5	4
538	Seq-Well	type II pneumocyte	8	14	8	6
510	Seq-Well	epithelial cell of lower respiratory tract	6	4	3	5
679	Seq-Well	CD8-positive, alpha-beta T cell	1	0	0	4
429	Seq-Well	ciliated columnar cell of tracheobronchial tree	6	4	3	5
866	Seq-Well	CD8-positive, alpha-beta T cell	0	0	0	0
155	Seq-Well	epithelial cell of lower respiratory tract	6	4	3	5
433	10x 3' v3	epithelial cell of lower respiratory tract	11	7	11	11
878	Seq-Well	type II pneumocyte	8	8	8	6
28	Seq-Well	alveolar macrophage	1	6	5	4
963	Seq-Well	epithelial cell of lower respiratory tract	6	4	3	5
684	Seq-Well	CD8-positive, alpha-beta T cell	0	0	0	0
40	Seq-Well	ciliated columnar cell of tracheobronchial tree	10	9	12	12
790	Seq-Well	classical monocyte	2	3	1	1
972	10x 3' v3	type II pneumocyte	16	8	6	8
1005	10x 3' v3	classical monocyte	5	2	2	2
1101	Seq-Well	ciliated columnar cell of tracheobronchial tree	10	9	12	12
922	Seq-Well	alveolar macrophage	1	6	5	4
535	Seq-Well	ciliated columnar cell of tracheobronchial tree	10	9	12	12
1112	Seq-Well	natural killer cell	0	0	0	0
322	10x 3' v3	natural killer cell	3	1	4	3
625	10x 3' v3	alveolar macrophage	1	1	5	4
120	Seq-Well	CD1c-positive myeloid dendritic cell	4	10	1	1
940	Seq-Well	epithelial cell of lower respiratory tract	6	4	3	5
191	Seq-Well	type II pneumocyte	8	14	8	6
555	Seq-Well	natural killer cell	0	0	0	0
237	Seq-Well	classical monocyte	2	3	1	1
268	Seq-Well	natural killer cell	0	0	0	0
177	Seq-Well	epithelial cell of lower respiratory tract	6	4	3	5
165	10x 3' v3	CD8-positive, alpha-beta T cell	3	1	4	3
344	Seq-Well	epithelial cell of lower respiratory tract	6	4	3	5
393	10x 3' v3	type II pneumocyte	12	12	6	8
505	10x 3' v3	classical monocyte	9	11	2	2
126	10x 3' v3	type II pneumocyte	12	12	6	8
435	10x 3' v3	ciliated columnar cell of tracheobronchial tree	7	5	7	7
999	10x 3' v3	CD1c-positive myeloid dendritic cell	5	2	2	2
695	10x 3' v3	ciliated columnar cell of tracheobronchial tree	7	5	7	7
143	Seq-Well	ciliated columnar cell of tracheobronchial tree	10	9	12	12
786	10x 3' v3	classical monocyte	5	2	2	2
1113	10x 3' v3	ciliated columnar cell of tracheobronchial tree	7	5	7	7
813	Seq-Well	alveolar macrophage	1	6	5	4
311	10x 3' v3	classical monocyte	5	2	2	2
1075	Seq-Well	ciliated columnar cell of tracheobronchial tree	10	9	12	12
842	Seq-Well	alveolar macrophage	1	6	5	4
624	Seq-Well	classical monocyte	2	3	1	1
892	10x 3' v3	epithelial cell of lower respiratory tract	11	7	11	11
888	Seq-Well	natural killer cell	0	0	0	0
425	Seq-Well	alveolar macrophage	1	6	5	4
14	Seq-Well	natural killer cell	0	0	0	0
37	10x 3' v3	natural killer cell	13	13	10	10
997	Seq-Well	ciliated columnar cell of tracheobronchial tree	10	9	12	12
782	Seq-Well	type II pneumocyte	8	14	8	6
335	Seq-Well	epithelial cell of lower respiratory tract	6	4	3	5
300	10x 3' v3	epithelial cell of lower respiratory tract	11	7	11	11
706	Seq-Well	alveolar macrophage	1	6	5	4
709	10x 3' v3	epithelial cell of lower respiratory tract	11	7	11	11
808	Seq-Well	type II pneumocyte	8	8	8	6
644	Seq-Well	alveolar macrophage	1	6	5	4
128	10x 3' v3	CD8-positive, alpha-beta T cell	3	1	4	3
348	Seq-Well	natural killer cell	0	0	0	0
677	10x 3' v3	alveolar macrophage	14	15	9	9
1040	10x 3' v3	natural killer cell	3	1	4	3
55	Seq-Well	classical monocyte	0	3	0	1
494	10x 3' v3	natural killer cell	3	1	4	3
667	10x 3' v3	CD1c-positive myeloid dendritic cell	5	2	2	2
702	10x 3' v3	epithelial cell of lower respiratory tract	11	7	11	11
569	Seq-Well	natural killer cell	0	0	0	0
882	Seq-Well	ciliated columnar cell of tracheobronchial tree	10	9	12	12
705	Seq-Well	alveolar macrophage	1	6	5	4
693	Seq-Well	CD1c-positive myeloid dendritic cell	4	0	0	0
447	Seq-Well	CD8-positive, alpha-beta T cell	0	0	0	0
753	10x 3' v3	natural killer cell	3	1	4	3
730	Seq-Well	alveolar macrophage	1	6	5	4
228	Seq-Well	natural killer cell	0	0	0	0
875	10x 3' v3	CD8-positive, alpha-beta T cell	3	1	4	3
84	Seq-Well	CD1c-positive myeloid dendritic cell	4	10	1	1
481	10x 3' v3	CD1c-positive myeloid dendritic cell	9	11	2	2
238	10x 3' v3	alveolar macrophage	15	16	9	9
653	10x 3' v3	CD1c-positive myeloid dendritic cell	9	11	2	2
717	Seq-Well	alveolar macrophage	1	6	5	4
747	Seq-Well	ciliated columnar cell of tracheobronchial tree	10	4	12	5
285	10x 3' v3	natural killer cell	13	13	10	10
181	10x 3' v3	CD8-positive, alpha-beta T cell	17	17	10	10
581	Seq-Well	ciliated columnar cell of tracheobronchial tree	10	9	12	12
202	10x 3' v3	classical monocyte	9	11	2	2
775	10x 3' v3	type II pneumocyte	16	8	6	8
361	10x 3' v3	epithelial cell of lower respiratory tract	11	7	11	11
345	10x 3' v3	type II pneumocyte	12	12	6	8
539	Seq-Well	type II pneumocyte	8	14	8	6
63	10x 3' v3	CD8-positive, alpha-beta T cell	3	1	4	3
465	Seq-Well	natural killer cell	0	0	0	0
680	10x 3' v3	ciliated columnar cell of tracheobronchial tree	7	5	7	7
34	Seq-Well	epithelial cell of lower respiratory tract	6	4	3	5
108	Seq-Well	CD8-positive, alpha-beta T cell	0	0	0	0
329	10x 3' v3	ciliated columnar cell of tracheobronchial tree	7	5	7	7
80	Seq-Well	ciliated columnar cell of tracheobronchial tree	10	9	12	12
580	10x 3' v3	CD8-positive, alpha-beta T cell	17	17	10	10
57	Seq-Well	ciliated columnar cell of tracheobronchial tree	1	6	5	4
721	10x 3' v3	CD1c-positive myeloid dendritic cell	9	11	2	2
631	10x 3' v3	ciliated columnar cell of tracheobronchial tree	7	5	7	7
728	10x 3' v3	natural killer cell	3	1	4	3
703	10x 3' v3	classical monocyte	5	1	2	1
846	Seq-Well	alveolar macrophage	1	6	5	4
484	10x 3' v3	type II pneumocyte	12	12	6	8
260	10x 3' v3	alveolar macrophage	15	16	9	9
159	10x 3' v3	classical monocyte	5	2	2	2
1086	10x 3' v3	epithelial cell of lower respiratory tract	11	7	11	11
568	Seq-Well	alveolar macrophage	1	6	5	4
953	10x 3' v3	CD1c-positive myeloid dendritic cell	5	2	2	2
90	Seq-Well	alveolar macrophage	1	6	5	4
215	Seq-Well	type II pneumocyte	8	14	8	6
914	10x 3' v3	CD1c-positive myeloid dendritic cell	9	11	2	2
12	10x 3' v3	ciliated columnar cell of tracheobronchial tree	7	5	7	7
613	10x 3' v3	type II pneumocyte	12	12	6	8
451	Seq-Well	classical monocyte	2	3	1	1
367	Seq-Well	classical monocyte	2	3	1	1
545	Seq-Well	ciliated columnar cell of tracheobronchial tree	10	9	12	12
227	10x 3' v3	epithelial cell of lower respiratory tract	11	7	11	11
147	Seq-Well	ciliated columnar cell of tracheobronchial tree	10	9	12	12
482	Seq-Well	type II pneumocyte	8	14	8	6
341	Seq-Well	epithelial cell of lower respiratory tract	6	4	3	5
992	Seq-Well	epithelial cell of lower respiratory tract	6	4	3	5
401	10x 3' v3	type II pneumocyte	16	8	6	8
995	10x 3' v3	classical monocyte	5	2	2	2
101	10x 3' v3	alveolar macrophage	14	15	9	9
632	10x 3' v3	CD8-positive, alpha-beta T cell	13	13	10	10
872	10x 3' v3	CD1c-positive myeloid dendritic cell	5	2	1	2
468	Seq-Well	type II pneumocyte	8	14	8	6
286	Seq-Well	epithelial cell of lower respiratory tract	8	4	8	5
512	Seq-Well	CD8-positive, alpha-beta T cell	0	0	0	0
424	10x 3' v3	CD1c-positive myeloid dendritic cell	9	11	2	2
617	10x 3' v3	natural killer cell	13	13	10	10
670	Seq-Well	ciliated columnar cell of tracheobronchial tree	10	9	12	12
299	10x 3' v3	epithelial cell of lower respiratory tract	11	7	11	11
325	Seq-Well	CD1c-positive myeloid dendritic cell	4	10	1	1
1110	10x 3' v3	CD1c-positive myeloid dendritic cell	5	2	2	2
270	Seq-Well	ciliated columnar cell of tracheobronchial tree	10	9	12	12
771	Seq-Well	epithelial cell of lower respiratory tract	6	4	3	5
315	Seq-Well	natural killer cell	0	0	0	0
725	Seq-Well	CD8-positive, alpha-beta T cell	0	0	0	0
233	10x 3' v3	CD1c-positive myeloid dendritic cell	5	2	2	2
382	10x 3' v3	classical monocyte	5	2	2	2
860	10x 3' v3	classical monocyte	5	2	2	2
610	10x 3' v3	CD1c-positive myeloid dendritic cell	5	2	2	2
902	Seq-Well	ciliated columnar cell of tracheobronchial tree	1	6	5	4
1063	10x 3' v3	ciliated columnar cell of tracheobronchial tree	7	5	7	7
751	Seq-Well	natural killer cell	0	0	0	0
200	10x 3' v3	classical monocyte	5	2	2	2
119	10x 3' v3	ciliated columnar cell of tracheobronchial tree	7	5	7	7
414	Seq-Well	epithelial cell of lower respiratory tract	6	4	3	5
756	Seq-Well	classical monocyte	2	3	1	1
993	Seq-Well	type II pneumocyte	8	8	8	6
609	10x 3' v3	classical monocyte	5	2	2	2
657	10x 3' v3	epithelial cell of lower respiratory tract	11	7	11	11
906	Seq-Well	ciliated columnar cell of tracheobronchial tree	10	9	12	12
390	Seq-Well	alveolar macrophage	1	6	5	4
636	10x 3' v3	epithelial cell of lower respiratory tract	11	7	11	11
1073	Seq-Well	CD1c-positive myeloid dendritic cell	4	10	1	1
391	10x 3' v3	CD1c-positive myeloid dendritic cell	9	11	2	2
830	Seq-Well	ciliated columnar cell of tracheobronchial tree	1	6	5	4
513	10x 3' v3	natural killer cell	17	17	10	10
16	Seq-Well	ciliated columnar cell of tracheobronchial tree	10	9	12	12
267	Seq-Well	epithelial cell of lower respiratory tract	6	4	3	5
183	Seq-Well	classical monocyte	2	3	1	1
658	10x 3' v3	classical monocyte	5	2	2	2
187	10x 3' v3	CD1c-positive myeloid dendritic cell	5	2	2	2
692	Seq-Well	CD1c-positive myeloid dendritic cell	4	0	1	0
764	10x 3' v3	CD1c-positive myeloid dendritic cell	9	1	2	3
362	10x 3' v3	epithelial cell of lower respiratory tract	11	7	11	11
475	10x 3' v3	type II pneumocyte	12	12	6	8
73	Seq-Well	alveolar macrophage	1	6	5	4
193	Seq-Well	CD8-positive, alpha-beta T cell	0	0	0	0
931	10x 3' v3	classical monocyte	5	2	2	2
121	Seq-Well	CD8-positive, alpha-beta T cell	0	0	0	0
208	Seq-Well	epithelial cell of lower respiratory tract	6	4	3	5
497	10x 3' v3	ciliated columnar cell of tracheobronchial tree	7	5	7	7
894	10x 3' v3	epithelial cell of lower respiratory tract	11	7	11	11
908	10x 3' v3	ciliated columnar cell of tracheobronchial tree	7	5	7	7
867	10x 3' v3	alveolar macrophage	14	15	9	9
935	Seq-Well	epithelial cell of lower respiratory tract	6	4	3	5
691	Seq-Well	classical monocyte	2	3	1	1
973	10x 3' v3	epithelial cell of lower respiratory tract	11	7	11	11
417	Seq-Well	ciliated columnar cell of tracheobronchial tree	0	0	0	0
626	Seq-Well	CD8-positive, alpha-beta T cell	0	0	0	0
479	Seq-Well	type II pneumocyte	8	8	8	6
620	Seq-Well	type II pneumocyte	8	14	8	6
660	Seq-Well	ciliated columnar cell of tracheobronchial tree	10	9	12	12
239	10x 3' v3	ciliated columnar cell of tracheobronchial tree	7	5	7	7
486	Seq-Well	type II pneumocyte	8	14	8	6
824	Seq-Well	natural killer cell	0	0	0	0
354	10x 3' v3	CD8-positive, alpha-beta T cell	13	13	10	10
755	10x 3' v3	epithelial cell of lower respiratory tract	11	7	11	11
597	10x 3' v3	CD8-positive, alpha-beta T cell	3	1	4	3
182	Seq-Well	CD8-positive, alpha-beta T cell	0	0	0	0
1027	10x 3' v3	ciliated columnar cell of tracheobronchial tree	7	5	7	7
978	10x 3' v3	natural killer cell	13	13	10	10
472	10x 3' v3	alveolar macrophage	14	15	9	9
689	10x 3' v3	type II pneumocyte	16	8	6	8
1011	10x 3' v3	epithelial cell of lower respiratory tract	11	7	11	11
928	10x 3' v3	CD8-positive, alpha-beta T cell	17	17	10	10
97	Seq-Well	CD8-positive, alpha-beta T cell	0	0	0	0
686	Seq-Well	type II pneumocyte	8	8	8	6
61	10x 3' v3	classical monocyte	5	2	2	2
998	10x 3' v3	ciliated columnar cell of tracheobronchial tree	7	5	7	7
546	10x 3' v3	CD8-positive, alpha-beta T cell	17	17	10	10
923	10x 3' v3	alveolar macrophage	14	15	9	9
516	Seq-Well	CD1c-positive myeloid dendritic cell	4	10	1	1
1044	10x 3' v3	natural killer cell	13	13	10	10
573	Seq-Well	natural killer cell	0	0	0	0
1049	10x 3' v3	type II pneumocyte	16	8	6	6
763	10x 3' v3	alveolar macrophage	14	15	9	9
1087	10x 3' v3	CD8-positive, alpha-beta T cell	17	17	10	10
845	Seq-Well	type II pneumocyte	8	14	8	6
1098	Seq-Well	type II pneumocyte	8	14	8	6
975	Seq-Well	CD1c-positive myeloid dendritic cell	4	10	1	1
981	Seq-Well	CD8-positive, alpha-beta T cell	0	0	0	0
665	Seq-Well	type II pneumocyte	8	14	8	6
124	10x 3' v3	CD1c-positive myeloid dendritic cell	9	1	2	3
247	10x 3' v3	CD1c-positive myeloid dendritic cell	9	2	2	2
220	Seq-Well	classical monocyte	2	3	1	1
611	10x 3' v3	CD8-positive, alpha-beta T cell	3	1	4	3
576	Seq-Well	alveolar macrophage	1	6	5	4
988	Seq-Well	classical monocyte	2	3	1	1
466	Seq-Well	ciliated columnar cell of tracheobronchial tree	10	9	12	12
967	10x 3' v3	ciliated columnar cell of tracheobronchial tree	7	5	7	7
1047	Seq-Well	CD8-positive, alpha-beta T cell	0	0	0	0
326	10x 3' v3	natural killer cell	13	13	10	10
1045	Seq-Well	epithelial cell of lower respiratory tract	6	4	3	5
1014	10x 3' v3	natural killer cell	13	13	10	10
374	10x 3' v3	epithelial cell of lower respiratory tract	11	7	11	11
195	Seq-Well	epithelial cell of lower respiratory tract	6	4	3	5
8	10x 3' v3	natural killer cell	3	1	4	3
1069	Seq-Well	classical monocyte	2	3	1	1
71	10x 3' v3	type II pneumocyte	16	8	6	8
541	10x 3' v3	ciliated columnar cell of tracheobronchial tree	7	5	7	7
312	10x 3' v3	classical monocyte	5	2	2	2
803	10x 3' v3	alveolar macrophage	1	6	5	4
488	10x 3' v3	epithelial cell of lower respiratory tract	13	7	10	11
1034	Seq-Well	natural killer cell	0	0	0	0
645	Seq-Well	classical monocyte	2	3	1	1
160	10x 3' v3	alveolar macrophage	14	15	9	9
243	Seq-Well	natural killer cell	0	0	0	0
743	Seq-Well	CD1c-positive myeloid dendritic cell	4	10	1	1
458	10x 3' v3	classical monocyte	5	2	2	2
320	10x 3' v3	type II pneumocyte	16	8	6	6
75	Seq-Well	ciliated columnar cell of tracheobronchial tree	10	9	12	12
711	Seq-Well	CD8-positive, alpha-beta T cell	0	0	0	0
815	Seq-Well	alveolar macrophage	1	6	5	4
996	10x 3' v3	classical monocyte	5	2	2	2
862	10x 3' v3	ciliated columnar cell of tracheobronchial tree	7	5	7	7
476	Seq-Well	CD1c-positive myeloid dendritic cell	4	3	1	1
1013	10x 3' v3	CD1c-positive myeloid dendritic cell	9	11	2	2
533	Seq-Well	alveolar macrophage	1	6	5	4
224	10x 3' v3	CD8-positive, alpha-beta T cell	3	1	4	3
654	Seq-Well	ciliated columnar cell of tracheobronchial tree	10	0	0	0
779	10x 3' v3	epithelial cell of lower respiratory tract	11	7	11	11
198	10x 3' v3	CD8-positive, alpha-beta T cell	13	13	10	10
698	Seq-Well	epithelial cell of lower respiratory tract	6	4	3	5
1018	10x 3' v3	ciliated columnar cell of tracheobronchial tree	7	5	7	7
419	Seq-Well	ciliated columnar cell of tracheobronchial tree	10	9	12	12
81	Seq-Well	CD8-positive, alpha-beta T cell	0	0	0	0
971	10x 3' v3	alveolar macrophage	14	15	9	9
1056	10x 3' v3	CD8-positive, alpha-beta T cell	17	17	10	3
977	Seq-Well	CD1c-positive myeloid dendritic cell	4	0	0	0
282	Seq-Well	CD1c-positive myeloid dendritic cell	4	10	1	1
381	10x 3' v3	alveolar macrophage	15	16	9	9
7	10x 3' v3	natural killer cell	3	1	4	3
701	Seq-Well	classical monocyte	2	3	1	1
553	10x 3' v3	CD8-positive, alpha-beta T cell	17	17	10	10
50	Seq-Well	classical monocyte	2	3	1	1
51	Seq-Well	CD8-positive, alpha-beta T cell	0	0	0	0
265	10x 3' v3	classical monocyte	5	2	2	2
365	Seq-Well	ciliated columnar cell of tracheobronchial tree	10	9	12	12
339	Seq-Well	natural killer cell	0	0	0	0
863	10x 3' v3	CD1c-positive myeloid dendritic cell	9	2	2	2
453	Seq-Well	ciliated columnar cell of tracheobronchial tree	10	9	12	12
707	10x 3' v3	CD1c-positive myeloid dendritic cell	4	10	1	1
347	10x 3' v3	type II pneumocyte	12	12	6	8
821	10x 3' v3	alveolar macrophage	5	2	2	2
467	Seq-Well	epithelial cell of lower respiratory tract	6	4	3	5
127	10x 3' v3	epithelial cell of lower respiratory tract	12	12	6	8
17	10x 3' v3	CD1c-positive myeloid dendritic cell	5	2	2	2
558	Seq-Well	alveolar macrophage	1	6	5	4
62	10x 3' v3	epithelial cell of lower respiratory tract	11	7	11	11
402	Seq-Well	CD1c-positive myeloid dendritic cell	4	10	1	1
770	10x 3' v3	epithelial cell of lower respiratory tract	11	7	11	11
895	10x 3' v3	natural killer cell	3	1	4	3
231	10x 3' v3	natural killer cell	3	1	4	3
956	10x 3' v3	classical monocyte	5	2	2	2
979	Seq-Well	CD1c-positive myeloid dendritic cell	4	10	1	1
621	10x 3' v3	ciliated columnar cell of tracheobronchial tree	7	5	7	7
560	10x 3' v3	epithelial cell of lower respiratory tract	11	7	11	11
980	10x 3' v3	CD1c-positive myeloid dendritic cell	5	2	2	2
134	Seq-Well	classical monocyte	2	3	1	1
330	10x 3' v3	CD1c-positive myeloid dendritic cell	9	11	2	2
595	Seq-Well	natural killer cell	0	0	0	0
92	Seq-Well	ciliated columnar cell of tracheobronchial tree	10	9	12	12
5	Seq-Well	CD8-positive, alpha-beta T cell	0	0	0	0
1028	10x 3' v3	classical monocyte	5	2	2	2
31	Seq-Well	epithelial cell of lower respiratory tract	6	4	3	5
559	10x 3' v3	CD1c-positive myeloid dendritic cell	9	11	2	2
11	10x 3' v3	type II pneumocyte	12	12	6	8
1041	10x 3' v3	alveolar macrophage	15	16	9	9
340	Seq-Well	natural killer cell	0	0	0	0
844	10x 3' v3	epithelial cell of lower respiratory tract	11	7	11	11
712	Seq-Well	alveolar macrophage	1	0	0	0
685	Seq-Well	epithelial cell of lower respiratory tract	6	4	3	5
881	Seq-Well	epithelial cell of lower respiratory tract	6	4	3	5
509	Seq-Well	CD8-positive, alpha-beta T cell	0	0	0	0
574	10x 3' v3	type II pneumocyte	16	8	6	8
492	10x 3' v3	CD8-positive, alpha-beta T cell	3	1	4	3
820	10x 3' v3	epithelial cell of lower respiratory tract	11	7	11	11
924	10x 3' v3	CD1c-positive myeloid dendritic cell	9	11	2	2
190	Seq-Well	CD8-positive, alpha-beta T cell	0	0	0	0
59	Seq-Well	alveolar macrophage	1	6	5	4
442	10x 3' v3	alveolar macrophage	14	15	9	9
287	10x 3' v3	CD1c-positive myeloid dendritic cell	9	11	2	2
474	10x 3' v3	CD8-positive, alpha-beta T cell	3	1	4	3
217	10x 3' v3	type II pneumocyte	16	8	6	8
608	10x 3' v3	CD1c-positive myeloid dendritic cell	3	1	4	3
925	Seq-Well	epithelial cell of lower respiratory tract	6	4	3	5
1070	Seq-Well	epithelial cell of lower respiratory tract	6	4	3	5
932	Seq-Well	classical monocyte	2	3	1	1
809	Seq-Well	epithelial cell of lower respiratory tract	6	4	3	5
740	Seq-Well	epithelial cell of lower respiratory tract	6	4	3	5
919	10x 3' v3	natural killer cell	3	1	4	3
900	Seq-Well	CD1c-positive myeloid dendritic cell	4	10	1	1
139	Seq-Well	alveolar macrophage	1	6	5	4
355	Seq-Well	CD8-positive, alpha-beta T cell	0	0	0	0
859	Seq-Well	CD8-positive, alpha-beta T cell	0	0	0	0
832	10x 3' v3	type II pneumocyte	12	12	6	8
395	10x 3' v3	epithelial cell of lower respiratory tract	11	7	11	11
230	10x 3' v3	epithelial cell of lower respiratory tract	11	7	11	11
655	Seq-Well	ciliated columnar cell of tracheobronchial tree	10	9	12	12
1090	10x 3' v3	epithelial cell of lower respiratory tract	11	7	11	11
736	Seq-Well	natural killer cell	0	0	0	0
1094	Seq-Well	ciliated columnar cell of tracheobronchial tree	10	9	12	12
783	Seq-Well	epithelial cell of lower respiratory tract	6	4	3	5
6	10x 3' v3	ciliated columnar cell of tracheobronchial tree	7	5	7	7
378	10x 3' v3	classical monocyte	9	1	2	3
1084	10x 3' v3	alveolar macrophage	14	15	9	9
614	10x 3' v3	epithelial cell of lower respiratory tract	11	7	11	11
761	10x 3' v3	type II pneumocyte	12	12	6	8
898	10x 3' v3	epithelial cell of lower respiratory tract	11	7	11	11
30	Seq-Well	CD1c-positive myeloid dendritic cell	4	10	1	1
426	10x 3' v3	classical monocyte	9	11	2	2
1095	Seq-Well	CD1c-positive myeloid dendritic cell	4	10	1	1
53	10x 3' v3	CD1c-positive myeloid dendritic cell	9	11	2	2
909	Seq-Well	CD8-positive, alpha-beta T cell	0	0	0	0
1021	Seq-Well	epithelial cell of lower respiratory tract	6	4	3	5
565	10x 3' v3	type II pneumocyte	16	8	6	8
438	Seq-Well	natural killer cell	0	0	0	0
897	Seq-Well	natural killer cell	0	0	0	0
263	10x 3' v3	alveolar macrophage	14	15	9	9
103	Seq-Well	ciliated columnar cell of tracheobronchial tree	10	9	12	12
958	Seq-Well	classical monocyte	2	3	1	1
350	Seq-Well	alveolar macrophage	1	6	5	4
630	Seq-Well	ciliated columnar cell of tracheobronchial tree	10	9	12	12
748	Seq-Well	epithelial cell of lower respiratory tract	6	4	3	5
164	Seq-Well	natural killer cell	0	0	0	0
219	Seq-Well	classical monocyte	2	3	1	1
950	10x 3' v3	natural killer cell	13	13	10	10
457	Seq-Well	CD8-positive, alpha-beta T cell	0	0	0	0
547	10x 3' v3	ciliated columnar cell of tracheobronchial tree	7	5	7	7
27	Seq-Well	type II pneumocyte	8	14	8	6
153	10x 3' v3	type II pneumocyte	16	8	6	8
336	10x 3' v3	epithelial cell of lower respiratory tract	11	7	11	11
1058	10x 3' v3	type II pneumocyte	12	12	6	8
277	Seq-Well	CD1c-positive myeloid dendritic cell	4	0	0	0
366	Seq-Well	type II pneumocyte	8	8	8	6
52	Seq-Well	natural killer cell	0	0	0	0
990	Seq-Well	classical monocyte	2	3	1	1
407	Seq-Well	CD8-positive, alpha-beta T cell	0	0	0	0
675	Seq-Well	ciliated columnar cell of tracheobronchial tree	1	6	5	4
563	10x 3' v3	CD8-positive, alpha-beta T cell	3	1	4	3
122	Seq-Well	classical monocyte	2	3	1	1
170	10x 3' v3	CD8-positive, alpha-beta T cell	17	17	10	10
795	Seq-Well	epithelial cell of lower respiratory tract	6	4	3	5
858	Seq-Well	CD1c-positive myeloid dendritic cell	4	10	1	1
619	10x 3' v3	type II pneumocyte	16	8	6	8
1039	10x 3' v3	epithelial cell of lower respiratory tract	7	5	3	7
1054	Seq-Well	classical monocyte	2	3	1	1
363	10x 3' v3	alveolar macrophage	15	16	9	9
912	10x 3' v3	classical monocyte	5	2	2	2
570	Seq-Well	type II pneumocyte	2	3	1	1
638	Seq-Well	CD8-positive, alpha-beta T cell	0	0	0	0
572	Seq-Well	natural killer cell	0	0	0	0
137	10x 3' v3	type II pneumocyte	12	12	6	8
353	Seq-Well	epithelial cell of lower respiratory tract	6	4	3	5
948	10x 3' v3	natural killer cell	3	1	4	3
408	10x 3' v3	ciliated columnar cell of tracheobronchial tree	7	5	7	7
259	10x 3' v3	type II pneumocyte	12	12	6	8
891	10x 3' v3	epithelial cell of lower respiratory tract	11	7	11	11
501	Seq-Well	CD1c-positive myeloid dendritic cell	4	10	1	1
571	10x 3' v3	ciliated columnar cell of tracheobronchial tree	7	5	7	7
308	Seq-Well	CD8-positive, alpha-beta T cell	0	0	0	0
462	10x 3' v3	natural killer cell	3	1	4	3
3	Seq-Well	type II pneumocyte	8	8	8	6
930	Seq-Well	alveolar macrophage	1	6	5	4
185	10x 3' v3	CD8-positive, alpha-beta T cell	13	13	10	10
955	10x 3' v3	type II pneumocyte	16	8	6	8
199	Seq-Well	type II pneumocyte	8	14	8	6
699	10x 3' v3	type II pneumocyte	16	8	6	8
214	Seq-Well	alveolar macrophage	1	6	5	4
1117	10x 3' v3	ciliated columnar cell of tracheobronchial tree	7	5	7	7
850	10x 3' v3	epithelial cell of lower respiratory tract	7	5	3	7
865	10x 3' v3	type II pneumocyte	16	8	6	8
102	Seq-Well	epithelial cell of lower respiratory tract	6	4	3	5
664	Seq-Well	type II pneumocyte	8	8	8	6
464	10x 3' v3	ciliated columnar cell of tracheobronchial tree	7	5	7	7
163	10x 3' v3	CD1c-positive myeloid dendritic cell	9	1	2	3
854	10x 3' v3	alveolar macrophage	14	15	9	9
869	10x 3' v3	classical monocyte	9	11	2	2
738	Seq-Well	alveolar macrophage	1	6	5	4
279	10x 3' v3	epithelial cell of lower respiratory tract	11	7	11	11
174	Seq-Well	epithelial cell of lower respiratory tract	6	4	3	5
440	Seq-Well	epithelial cell of lower respiratory tract	6	4	3	5
544	10x 3' v3	type II pneumocyte	16	8	6	6
400	10x 3' v3	classical monocyte	9	1	2	1
585	Seq-Well	epithelial cell of lower respiratory tract	6	4	3	5
503	Seq-Well	type II pneumocyte	8	8	8	6
96	Seq-Well	ciliated columnar cell of tracheobronchial tree	10	9	12	12
234	10x 3' v3	CD8-positive, alpha-beta T cell	3	1	4	3
107	10x 3' v3	ciliated columnar cell of tracheobronchial tree	7	5	7	7
461	10x 3' v3	classical monocyte	9	11	2	2
687	10x 3' v3	natural killer cell	3	1	4	3
947	Seq-Well	natural killer cell	0	0	0	0
874	Seq-Well	CD1c-positive myeloid dendritic cell	2	3	1	1
427	10x 3' v3	CD8-positive, alpha-beta T cell	17	17	10	10
776	10x 3' v3	alveolar macrophage	14	15	9	9
759	Seq-Well	type II pneumocyte	2	8	0	6
304	10x 3' v3	CD8-positive, alpha-beta T cell	3	1	4	3
135	10x 3' v3	CD1c-positive myeloid dendritic cell	5	2	2	2
43	10x 3' v3	CD8-positive, alpha-beta T cell	17	17	10	10
873	10x 3' v3	epithelial cell of lower respiratory tract	7	5	3	7
791	Seq-Well	alveolar macrophage	1	6	5	4
1033	Seq-Well	alveolar macrophage	1	6	5	4
372	Seq-Well	alveolar macrophage	1	6	5	4
719	Seq-Well	alveolar macrophage	1	6	5	4
33	10x 3' v3	epithelial cell of lower respiratory tract	11	7	11	11
18	10x 3' v3	natural killer cell	13	13	10	10
235	Seq-Well	classical monocyte	2	3	1	1
1015	Seq-Well	CD1c-positive myeloid dendritic cell	4	10	1	1
1026	10x 3' v3	epithelial cell of lower respiratory tract	6	4	3	5
968	10x 3' v3	type II pneumocyte	12	12	6	8
41	10x 3' v3	ciliated columnar cell of tracheobronchial tree	7	5	7	7
732	10x 3' v3	natural killer cell	3	1	4	3
189	Seq-Well	CD8-positive, alpha-beta T cell	0	0	0	0
1080	Seq-Well	natural killer cell	0	0	0	0
309	10x 3' v3	epithelial cell of lower respiratory tract	11	7	11	11
827	Seq-Well	natural killer cell	0	0	0	0
905	10x 3' v3	alveolar macrophage	15	16	9	9
368	10x 3' v3	natural killer cell	13	13	10	10
118	Seq-Well	natural killer cell	0	0	0	0
822	Seq-Well	natural killer cell	0	0	0	0
1114	Seq-Well	type II pneumocyte	8	8	8	6
314	10x 3' v3	CD8-positive, alpha-beta T cell	3	1	4	3
180	Seq-Well	natural killer cell	0	0	0	0
500	10x 3' v3	classical monocyte	5	2	2	2
77	Seq-Well	CD8-positive, alpha-beta T cell	0	0	0	0
346	10x 3' v3	CD8-positive, alpha-beta T cell	13	13	10	10
271	Seq-Well	CD8-positive, alpha-beta T cell	0	0	0	0
880	Seq-Well	CD1c-positive myeloid dendritic cell	4	10	1	1
275	Seq-Well	ciliated columnar cell of tracheobronchial tree	10	9	12	12
487	10x 3' v3	CD1c-positive myeloid dendritic cell	9	11	2	2
38	Seq-Well	type II pneumocyte	8	8	8	6
256	Seq-Well	ciliated columnar cell of tracheobronchial tree	10	4	3	5
926	Seq-Well	classical monocyte	2	3	1	1
918	10x 3' v3	CD8-positive, alpha-beta T cell	3	1	4	3
229	10x 3' v3	classical monocyte	9	11	2	2
789	10x 3' v3	CD1c-positive myeloid dendritic cell	5	2	2	2
921	Seq-Well	ciliated columnar cell of tracheobronchial tree	10	9	12	12
1016	10x 3' v3	type II pneumocyte	12	12	6	8
171	Seq-Well	CD1c-positive myeloid dendritic cell	4	10	1	1
589	10x 3' v3	classical monocyte	5	2	2	2
841	Seq-Well	CD1c-positive myeloid dendritic cell	4	10	1	1
1079	Seq-Well	natural killer cell	0	0	0	0
39	10x 3' v3	epithelial cell of lower respiratory tract	11	7	11	11
70	10x 3' v3	alveolar macrophage	15	16	9	9
79	10x 3' v3	epithelial cell of lower respiratory tract	11	7	11	11
961	Seq-Well	classical monocyte	2	3	1	1
724	Seq-Well	epithelial cell of lower respiratory tract	6	4	3	5
575	Seq-Well	natural killer cell	0	0	0	0
398	Seq-Well	CD1c-positive myeloid dendritic cell	4	0	0	0
788	Seq-Well	type II pneumocyte	8	14	8	6
385	10x 3' v3	natural killer cell	13	13	10	10
534	10x 3' v3	CD1c-positive myeloid dendritic cell	5	2	2	2
443	Seq-Well	CD8-positive, alpha-beta T cell	0	0	0	0
601	10x 3' v3	natural killer cell	13	13	10	10
15	Seq-Well	alveolar macrophage	4	0	0	0
661	10x 3' v3	classical monocyte	5	2	2	2
656	10x 3' v3	epithelial cell of lower respiratory tract	11	7	11	11
371	10x 3' v3	type II pneumocyte	12	12	6	8
837	10x 3' v3	classical monocyte	5	2	2	2
804	10x 3' v3	natural killer cell	13	13	10	10
823	Seq-Well	epithelial cell of lower respiratory tract	6	4	3	5
351	10x 3' v3	alveolar macrophage	14	15	9	9
485	10x 3' v3	CD1c-positive myeloid dendritic cell	9	11	2	2
884	10x 3' v3	type II pneumocyte	16	8	6	8
29	Seq-Well	alveolar macrophage	1	6	5	4
144	Seq-Well	natural killer cell	0	0	0	0
310	Seq-Well	natural killer cell	0	0	0	0
807	Seq-Well	alveolar macrophage	1	6	5	4
802	Seq-Well	natural killer cell	0	0	0	0
281	10x 3' v3	epithelial cell of lower respiratory tract	11	7	11	11
439	10x 3' v3	alveolar macrophage	14	15	9	9
564	Seq-Well	classical monocyte	2	3	1	1
140	10x 3' v3	type II pneumocyte	12	12	6	8
223	Seq-Well	type II pneumocyte	8	14	8	6
612	Seq-Well	CD1c-positive myeloid dendritic cell	2	10	1	1
138	Seq-Well	CD1c-positive myeloid dendritic cell	4	10	1	1
463	10x 3' v3	alveolar macrophage	15	16	9	9
781	10x 3' v3	natural killer cell	0	0	0	0
333	10x 3' v3	CD8-positive, alpha-beta T cell	17	17	10	10
757	10x 3' v3	epithelial cell of lower respiratory tract	11	7	11	11
603	10x 3' v3	alveolar macrophage	14	15	9	9
831	10x 3' v3	type II pneumocyte	12	12	6	8
154	Seq-Well	alveolar macrophage	1	6	5	4
44	10x 3' v3	ciliated columnar cell of tracheobronchial tree	7	5	7	7
744	10x 3' v3	epithelial cell of lower respiratory tract	11	7	11	11
406	Seq-Well	classical monocyte	2	3	1	1
213	10x 3' v3	CD8-positive, alpha-beta T cell	3	1	4	3
1002	10x 3' v3	CD8-positive, alpha-beta T cell	17	17	10	10
23	10x 3' v3	CD1c-positive myeloid dendritic cell	9	2	2	2
192	Seq-Well	alveolar macrophage	1	6	5	4
690	Seq-Well	CD1c-positive myeloid dendritic cell	4	10	1	1
634	Seq-Well	ciliated columnar cell of tracheobronchial tree	10	9	12	12
671	10x 3' v3	ciliated columnar cell of tracheobronchial tree	7	5	7	7
986	Seq-Well	ciliated columnar cell of tracheobronchial tree	10	9	12	12
904	10x 3' v3	type II pneumocyte	16	8	6	8
1050	10x 3' v3	classical monocyte	5	1	2	1
602	10x 3' v3	ciliated columnar cell of tracheobronchial tree	7	5	7	7
780	10x 3' v3	alveolar macrophage	15	16	9	9
903	Seq-Well	CD1c-positive myeloid dendritic cell	4	10	1	1
1024	10x 3' v3	classical monocyte	9	11	2	2
331	Seq-Well	CD8-positive, alpha-beta T cell	0	0	0	0
172	Seq-Well	epithelial cell of lower respiratory tract	6	4	3	5
920	10x 3' v3	ciliated columnar cell of tracheobronchial tree	7	5	7	7
273	10x 3' v3	ciliated columnar cell of tracheobronchial tree	7	5	7	7
469	Seq-Well	CD8-positive, alpha-beta T cell	0	0	0	0
266	10x 3' v3	classical monocyte	5	2	2	2
829	Seq-Well	natural killer cell	0	0	0	0
1061	10x 3' v3	natural killer cell	13	13	10	10
1006	Seq-Well	CD8-positive, alpha-beta T cell	0	0	0	0
1004	Seq-Well	ciliated columnar cell of tracheobronchial tree	10	9	12	12
627	Seq-Well	CD8-positive, alpha-beta T cell	0	0	0	0
146	Seq-Well	epithelial cell of lower respiratory tract	6	4	3	5
934	10x 3' v3	natural killer cell	13	13	10	10
1017	10x 3' v3	alveolar macrophage	15	16	9	9
994	10x 3' v3	alveolar macrophage	14	15	9	9
976	10x 3' v3	alveolar macrophage	14	15	9	9
618	10x 3' v3	alveolar macrophage	14	15	9	9
115	10x 3' v3	type II pneumocyte	16	8	6	8
222	10x 3' v3	alveolar macrophage	15	16	9	9
1104	Seq-Well	epithelial cell of lower respiratory tract	6	4	3	5
1115	10x 3' v3	classical monocyte	5	2	2	2
242	Seq-Well	CD8-positive, alpha-beta T cell	0	0	0	0
1030	Seq-Well	epithelial cell of lower respiratory tract	6	4	3	5
130	Seq-Well	alveolar macrophage	1	6	5	4
252	Seq-Well	type II pneumocyte	8	8	8	6
964	Seq-Well	natural killer cell	0	0	0	0
678	Seq-Well	alveolar macrophage	1	6	5	4
342	Seq-Well	ciliated columnar cell of tracheobronchial tree	10	9	12	12
201	Seq-Well	natural killer cell	0	0	0	0
876	10x 3' v3	CD8-positive, alpha-beta T cell	3	1	4	3
615	Seq-Well	classical monocyte	2	3	1	1
666	Seq-Well	CD1c-positive myeloid dendritic cell	4	0	1	0
99	10x 3' v3	CD8-positive, alpha-beta T cell	3	1	4	3
19	Seq-Well	natural killer cell	0	0	0	0
694	Seq-Well	CD8-positive, alpha-beta T cell	0	0	0	0
404	10x 3' v3	alveolar macrophage	15	16	9	9
60	Seq-Well	natural killer cell	0	0	0	0
587	10x 3' v3	ciliated columnar cell of tracheobronchial tree	7	5	7	7
886	Seq-Well	alveolar macrophage	1	6	5	4
416	Seq-Well	type II pneumocyte	8	14	8	6
1100	Seq-Well	epithelial cell of lower respiratory tract	6	4	3	5
496	Seq-Well	ciliated columnar cell of tracheobronchial tree	10	9	12	12
411	Seq-Well	alveolar macrophage	1	6	5	4
868	10x 3' v3	CD8-positive, alpha-beta T cell	3	1	4	3
1106	10x 3' v3	classical monocyte	5	2	2	2
169	Seq-Well	alveolar macrophage	1	6	5	4
641	10x 3' v3	natural killer cell	13	13	10	10
444	Seq-Well	classical monocyte	2	3	1	1
848	Seq-Well	type II pneumocyte	8	14	8	6
1055	10x 3' v3	CD1c-positive myeloid dendritic cell	9	11	2	2
1092	Seq-Well	alveolar macrophage	1	6	5	4
708	10x 3' v3	epithelial cell of lower respiratory tract	11	7	11	11
343	10x 3' v3	CD8-positive, alpha-beta T cell	17	17	10	10
26	Seq-Well	type II pneumocyte	8	8	8	6
221	Seq-Well	CD8-positive, alpha-beta T cell	1	0	0	0
413	10x 3' v3	ciliated columnar cell of tracheobronchial tree	7	5	7	7
637	Seq-Well	ciliated columnar cell of tracheobronchial tree	10	9	12	12
1085	10x 3' v3	type II pneumocyte	16	8	6	6
294	Seq-Well	natural killer cell	0	0	0	0
82	10x 3' v3	natural killer cell	13	13	10	10
452	Seq-Well	CD8-positive, alpha-beta T cell	0	0	0	0
1053	10x 3' v3	ciliated columnar cell of tracheobronchial tree	7	5	7	7
269	10x 3' v3	CD1c-positive myeloid dendritic cell	5	2	2	2
879	Seq-Well	ciliated columnar cell of tracheobronchial tree	1	6	5	4
175	10x 3' v3	CD8-positive, alpha-beta T cell	17	17	10	10
421	10x 3' v3	CD1c-positive myeloid dendritic cell	9	11	2	2
319	10x 3' v3	ciliated columnar cell of tracheobronchial tree	7	5	7	7
870	Seq-Well	CD1c-positive myeloid dendritic cell	4	10	1	1
203	Seq-Well	ciliated columnar cell of tracheobronchial tree	10	9	12	12
676	10x 3' v3	alveolar macrophage	14	15	9	9
662	Seq-Well	CD1c-positive myeloid dendritic cell	4	10	1	1
754	Seq-Well	type II pneumocyte	8	14	8	6
184	Seq-Well	CD1c-positive myeloid dendritic cell	4	10	1	1
441	10x 3' v3	type II pneumocyte	12	12	6	8
726	10x 3' v3	CD1c-positive myeloid dendritic cell	9	11	2	2
969	Seq-Well	CD1c-positive myeloid dendritic cell	4	0	0	0
324	10x 3' v3	CD8-positive, alpha-beta T cell	3	1	4	3
798	10x 3' v3	CD8-positive, alpha-beta T cell	3	1	4	3
604	10x 3' v3	classical monocyte	5	2	2	2
945	10x 3' v3	ciliated columnar cell of tracheobronchial tree	7	5	7	7
1060	10x 3' v3	CD1c-positive myeloid dendritic cell	9	11	2	2
409	10x 3' v3	classical monocyte	5	2	2	2
819	Seq-Well	alveolar macrophage	1	6	5	4
777	10x 3' v3	CD1c-positive myeloid dendritic cell	9	1	2	3
157	Seq-Well	type II pneumocyte	8	8	8	6
734	10x 3' v3	ciliated columnar cell of tracheobronchial tree	7	5	7	7
296	10x 3' v3	classical monocyte	5	2	2	2
158	Seq-Well	ciliated columnar cell of tracheobronchial tree	10	9	12	12
1088	10x 3' v3	CD1c-positive myeloid dendritic cell	9	11	2	2
835	Seq-Well	type II pneumocyte	8	8	8	6
337	Seq-Well	type II pneumocyte	8	14	8	6
639	Seq-Well	CD8-positive, alpha-beta T cell	0	0	0	0
166	10x 3' v3	type II pneumocyte	12	12	6	8
668	10x 3' v3	natural killer cell	3	1	4	3
962	Seq-Well	epithelial cell of lower respiratory tract	6	4	3	5
25	10x 3' v3	type II pneumocyte	12	12	6	8
723	Seq-Well	classical monocyte	2	3	1	1
966	10x 3' v3	CD1c-positive myeloid dendritic cell	9	11	2	2
674	10x 3' v3	epithelial cell of lower respiratory tract	11	7	11	11
397	10x 3' v3	epithelial cell of lower respiratory tract	11	7	11	11
379	10x 3' v3	classical monocyte	5	2	2	2
525	10x 3' v3	classical monocyte	9	11	2	2
136	Seq-Well	classical monocyte	2	3	1	1
352	10x 3' v3	natural killer cell	3	1	4	3
289	Seq-Well	epithelial cell of lower respiratory tract	6	4	3	5
392	10x 3' v3	ciliated columnar cell of tracheobronchial tree	7	5	7	7
1062	Seq-Well	epithelial cell of lower respiratory tract	6	4	3	5
253	Seq-Well	CD8-positive, alpha-beta T cell	0	0	0	0
983	Seq-Well	classical monocyte	2	3	1	1
640	10x 3' v3	type II pneumocyte	12	12	6	8
1099	10x 3' v3	natural killer cell	0	0	0	0
1019	10x 3' v3	natural killer cell	3	1	4	3
76	Seq-Well	type II pneumocyte	8	14	8	6
828	10x 3' v3	classical monocyte	5	2	2	2
206	10x 3' v3	epithelial cell of lower respiratory tract	11	7	11	11
58	Seq-Well	CD8-positive, alpha-beta T cell	0	0	0	0
650	10x 3' v3	ciliated columnar cell of tracheobronchial tree	7	5	7	7
518	Seq-Well	type II pneumocyte	8	14	8	6
941	10x 3' v3	classical monocyte	9	11	2	2
1091	10x 3' v3	CD1c-positive myeloid dendritic cell	9	11	2	2
989	Seq-Well	alveolar macrophage	1	6	5	4
750	Seq-Well	classical monocyte	2	3	1	1
384	10x 3' v3	natural killer cell	3	1	4	3
32	10x 3' v3	classical monocyte	5	2	2	2
212	Seq-Well	ciliated columnar cell of tracheobronchial tree	10	9	12	12
179	10x 3' v3	alveolar macrophage	14	16	9	9
913	10x 3' v3	natural killer cell	3	1	4	3
523	10x 3' v3	CD8-positive, alpha-beta T cell	3	1	4	3
216	10x 3' v3	type II pneumocyte	12	12	6	8
767	Seq-Well	epithelial cell of lower respiratory tract	6	4	3	5
762	Seq-Well	epithelial cell of lower respiratory tract	6	4	3	5
527	Seq-Well	CD8-positive, alpha-beta T cell	0	0	0	0
833	Seq-Well	alveolar macrophage	1	6	5	4
766	Seq-Well	CD8-positive, alpha-beta T cell	1	0	1	4
1089	Seq-Well	ciliated columnar cell of tracheobronchial tree	10	9	12	12
301	Seq-Well	CD1c-positive myeloid dendritic cell	4	10	1	1
579	10x 3' v3	ciliated columnar cell of tracheobronchial tree	7	5	7	7
388	Seq-Well	type II pneumocyte	8	14	8	6
152	Seq-Well	epithelial cell of lower respiratory tract	6	4	3	5
716	Seq-Well	type II pneumocyte	8	8	8	6
1052	Seq-Well	type II pneumocyte	8	14	8	6
116	Seq-Well	epithelial cell of lower respiratory tract	6	4	3	5
1068	10x 3' v3	type II pneumocyte	16	8	6	8
328	Seq-Well	natural killer cell	0	0	0	0
672	10x 3' v3	ciliated columnar cell of tracheobronchial tree	12	12	6	8
244	10x 3' v3	epithelial cell of lower respiratory tract	11	7	11	11
46	Seq-Well	alveolar macrophage	1	6	5	4
700	Seq-Well	CD1c-positive myeloid dendritic cell	4	10	1	1
536	10x 3' v3	classical monocyte	9	11	2	2
257	10x 3' v3	alveolar macrophage	14	15	9	9
642	Seq-Well	natural killer cell	0	0	0	0
814	10x 3' v3	CD1c-positive myeloid dendritic cell	9	11	2	2
399	Seq-Well	classical monocyte	2	3	1	1
197	Seq-Well	CD8-positive, alpha-beta T cell	0	0	0	0
1065	Seq-Well	CD1c-positive myeloid dendritic cell	4	10	1	1
566	Seq-Well	CD1c-positive myeloid dendritic cell	4	3	1	1
825	Seq-Well	natural killer cell	0	0	0	0
938	Seq-Well	classical monocyte	2	3	1	1
459	10x 3' v3	natural killer cell	13	13	10	10
316	10x 3' v3	ciliated columnar cell of tracheobronchial tree	7	5	7	7
110	Seq-Well	epithelial cell of lower respiratory tract	6	4	3	5
45	Seq-Well	CD8-positive, alpha-beta T cell	0	0	0	0
241	10x 3' v3	CD1c-positive myeloid dendritic cell	9	1	2	3
593	10x 3' v3	alveolar macrophage	15	16	9	9
1074	Seq-Well	classical monocyte	0	0	0	0
765	10x 3' v3	alveolar macrophage	15	16	9	9
739	10x 3' v3	classical monocyte	9	11	2	2
899	Seq-Well	alveolar macrophage	1	6	5	4
974	10x 3' v3	natural killer cell	3	1	4	3
240	Seq-Well	natural killer cell	0	0	0	0
386	10x 3' v3	ciliated columnar cell of tracheobronchial tree	7	5	7	7
818	Seq-Well	CD1c-positive myeloid dendritic cell	4	10	1	1
360	10x 3' v3	CD8-positive, alpha-beta T cell	13	13	10	10
280	Seq-Well	classical monocyte	2	3	1	1
47	Seq-Well	type II pneumocyte	8	8	8	6
847	Seq-Well	natural killer cell	0	0	0	0
49	10x 3' v3	natural killer cell	13	13	10	10
805	Seq-Well	CD1c-positive myeloid dendritic cell	4	10	1	1
590	10x 3' v3	epithelial cell of lower respiratory tract	11	7	11	11
543	10x 3' v3	alveolar macrophage	15	16	9	9
943	Seq-Well	classical monocyte	2	3	1	1
210	Seq-Well	classical monocyte	2	3	1	1
87	10x 3' v3	ciliated columnar cell of tracheobronchial tree	7	5	7	7
22	Seq-Well	natural killer cell	0	0	0	0
889	10x 3' v3	ciliated columnar cell of tracheobronchial tree	7	5	7	7
78	10x 3' v3	CD8-positive, alpha-beta T cell	17	17	10	10
251	10x 3' v3	ciliated columnar cell of tracheobronchial tree	7	5	7	7
64	Seq-Well	CD1c-positive myeloid dendritic cell	4	10	1	1
423	Seq-Well	type II pneumocyte	8	8	8	6
696	Seq-Well	classical monocyte	2	3	1	1
768	10x 3' v3	type II pneumocyte	12	12	6	8
327	Seq-Well	alveolar macrophage	4	0	0	0
111	10x 3' v3	CD8-positive, alpha-beta T cell	3	1	4	3
225	10x 3' v3	ciliated columnar cell of tracheobronchial tree	7	5	7	7
985	Seq-Well	type II pneumocyte	8	14	8	6
211	10x 3' v3	alveolar macrophage	15	16	9	9
683	10x 3' v3	natural killer cell	13	13	10	10
506	Seq-Well	CD1c-positive myeloid dendritic cell	4	10	1	1
483	10x 3' v3	natural killer cell	13	13	10	10
194	Seq-Well	classical monocyte	2	3	1	1
606	Seq-Well	CD8-positive, alpha-beta T cell	0	0	0	0
633	Seq-Well	epithelial cell of lower respiratory tract	6	4	3	5
156	Seq-Well	CD1c-positive myeloid dendritic cell	4	10	1	1
499	10x 3' v3	ciliated columnar cell of tracheobronchial tree	7	5	7	7
784	Seq-Well	alveolar macrophage	4	0	0	0
142	Seq-Well	CD8-positive, alpha-beta T cell	0	0	0	0
68	Seq-Well	CD1c-positive myeloid dendritic cell	4	10	1	1
733	10x 3' v3	classical monocyte	5	2	2	2
434	Seq-Well	epithelial cell of lower respiratory tract	6	4	3	5
567	10x 3' v3	alveolar macrophage	15	16	9	9
915	Seq-Well	natural killer cell	0	0	0	0
176	Seq-Well	natural killer cell	0	0	0	0
131	10x 3' v3	CD1c-positive myeloid dendritic cell	9	2	2	2
797	10x 3' v3	alveolar macrophage	15	16	9	9
959	10x 3' v3	CD1c-positive myeloid dendritic cell	9	2	2	2
129	Seq-Well	classical monocyte	2	3	1	1
890	Seq-Well	CD1c-positive myeloid dendritic cell	4	0	1	0
249	Seq-Well	type II pneumocyte	8	8	8	6
1000	Seq-Well	type II pneumocyte	8	8	8	6
288	10x 3' v3	type II pneumocyte	12	12	6	8
737	Seq-Well	ciliated columnar cell of tracheobronchial tree	10	9	12	12
114	Seq-Well	epithelial cell of lower respiratory tract	6	4	3	5
20	10x 3' v3	type II pneumocyte	12	12	6	8
511	10x 3' v3	type II pneumocyte	12	12	6	8
982	10x 3' v3	natural killer cell	13	13	10	10
422	Seq-Well	CD8-positive, alpha-beta T cell	2	3	0	1
1036	10x 3' v3	natural killer cell	3	1	4	3
524	Seq-Well	CD1c-positive myeloid dendritic cell	2	3	1	1
508	Seq-Well	alveolar macrophage	1	6	5	4
957	10x 3' v3	alveolar macrophage	14	15	9	9
944	10x 3' v3	classical monocyte	5	2	2	2
396	10x 3' v3	type II pneumocyte	12	12	6	8
1001	Seq-Well	ciliated columnar cell of tracheobronchial tree	10	9	12	12
817	10x 3' v3	classical monocyte	5	2	2	2
109	Seq-Well	natural killer cell	4	10	1	1
89	10x 3' v3	alveolar macrophage	14	15	9	9
1043	Seq-Well	alveolar macrophage	1	6	5	4
65	Seq-Well	natural killer cell	0	0	0	0
530	Seq-Well	CD1c-positive myeloid dendritic cell	4	3	1	1
583	Seq-Well	CD1c-positive myeloid dendritic cell	4	0	1	0
236	10x 3' v3	epithelial cell of lower respiratory tract	11	7	11	11
98	Seq-Well	CD8-positive, alpha-beta T cell	0	0	0	0
293	10x 3' v3	ciliated columnar cell of tracheobronchial tree	7	5	7	7
490	Seq-Well	classical monocyte	2	3	1	1
556	10x 3' v3	natural killer cell	3	1	4	3
714	Seq-Well	epithelial cell of lower respiratory tract	6	4	3	5
1031	10x 3' v3	epithelial cell of lower respiratory tract	11	7	11	11
455	10x 3' v3	type II pneumocyte	16	8	6	8
663	Seq-Well	alveolar macrophage	4	0	0	0
349	10x 3' v3	CD8-positive, alpha-beta T cell	3	1	4	3
801	10x 3' v3	alveolar macrophage	14	15	9	9
359	Seq-Well	epithelial cell of lower respiratory tract	6	4	3	5
1	Seq-Well	classical monocyte	2	3	1	1
916	Seq-Well	alveolar macrophage	1	6	5	4
901	Seq-Well	classical monocyte	2	3	1	1
514	Seq-Well	type II pneumocyte	8	14	8	6
552	10x 3' v3	ciliated columnar cell of tracheobronchial tree	7	5	7	7
951	Seq-Well	type II pneumocyte	8	14	8	6
