overlap	transformation_full_data_ids	transformation_reduced_data_ids	dataset	seed	pca_dim	knn	transformation	alpha	full_cputime_sec	full_elapsed_sec	reduced_cputime_sec	reduced_elapsed_sec
4.293172690763052	clr_local_full_mcSCRB_s1_p5_k10	clr_local_red_mcSCRB_s1_p5_k10	mcSCRB	1	5	10	clr	FALSE	1.535499999999999	1.535499999999999	1.535499999999999	1.535499999999999
36.94377510040161	clr_local_full_mcSCRB_s1_p5_k50	clr_local_red_mcSCRB_s1_p5_k50	mcSCRB	1	5	50	clr	FALSE	1.372	1.372	1.372	1.372
90.3012048192771	clr_local_full_mcSCRB_s1_p5_k100	clr_local_red_mcSCRB_s1_p5_k100	mcSCRB	1	5	100	clr	FALSE	1.3374999999999986	1.3374999999999986	1.3374999999999986	1.3374999999999986
4.132530120481928	clr_local_full_mcSCRB_s1_p10_k10	clr_local_red_mcSCRB_s1_p10_k10	mcSCRB	1	10	10	clr	FALSE	1.3810000000000002	1.3810000000000002	1.3810000000000002	1.3810000000000002
37.27710843373494	clr_local_full_mcSCRB_s1_p10_k50	clr_local_red_mcSCRB_s1_p10_k50	mcSCRB	1	10	50	clr	FALSE	1.3774999999999975	1.3774999999999975	1.3774999999999975	1.3774999999999975
90.9839357429719	clr_local_full_mcSCRB_s1_p10_k100	clr_local_red_mcSCRB_s1_p10_k100	mcSCRB	1	10	100	clr	FALSE	1.411999999999999	1.411999999999999	1.411999999999999	1.411999999999999
4.931726907630522	clr_local_full_mcSCRB_s1_p50_k10	clr_local_red_mcSCRB_s1_p50_k10	mcSCRB	1	50	10	clr	FALSE	3.7994999999999983	3.7994999999999983	3.7994999999999983	3.7994999999999983
35.855421686746986	clr_local_full_mcSCRB_s1_p50_k50	clr_local_red_mcSCRB_s1_p50_k50	mcSCRB	1	50	50	clr	FALSE	4.532	4.532	4.532	4.532
85.81124497991968	clr_local_full_mcSCRB_s1_p50_k100	clr_local_red_mcSCRB_s1_p50_k100	mcSCRB	1	50	100	clr	FALSE	3.979999999999997	3.979999999999997	3.979999999999997	3.979999999999997
4.020080321285141	clr_local_full_mcSCRB_s2_p5_k10	clr_local_red_mcSCRB_s2_p5_k10	mcSCRB	2	5	10	clr	FALSE	1.7490000000000023	1.7490000000000023	1.7490000000000023	1.7490000000000023
36.48995983935743	clr_local_full_mcSCRB_s2_p5_k50	clr_local_red_mcSCRB_s2_p5_k50	mcSCRB	2	5	50	clr	FALSE	1.384999999999998	1.384999999999998	1.384999999999998	1.384999999999998
90.34939759036143	clr_local_full_mcSCRB_s2_p5_k100	clr_local_red_mcSCRB_s2_p5_k100	mcSCRB	2	5	100	clr	FALSE	2.0434999999999945	2.0434999999999945	2.0434999999999945	2.0434999999999945
4.140562248995984	clr_local_full_mcSCRB_s2_p10_k10	clr_local_red_mcSCRB_s2_p10_k10	mcSCRB	2	10	10	clr	FALSE	1.464500000000001	1.464500000000001	1.464500000000001	1.464500000000001
38.269076305220885	clr_local_full_mcSCRB_s2_p10_k50	clr_local_red_mcSCRB_s2_p10_k50	mcSCRB	2	10	50	clr	FALSE	1.3530000000000015	1.3530000000000015	1.3530000000000015	1.3530000000000015
90.96385542168674	clr_local_full_mcSCRB_s2_p10_k100	clr_local_red_mcSCRB_s2_p10_k100	mcSCRB	2	10	100	clr	FALSE	1.577999999999996	1.577999999999996	1.577999999999996	1.577999999999996
4.710843373493976	clr_local_full_mcSCRB_s2_p50_k10	clr_local_red_mcSCRB_s2_p50_k10	mcSCRB	2	50	10	clr	FALSE	3.826500000000003	3.826500000000003	3.826500000000003	3.826500000000003
36.329317269076306	clr_local_full_mcSCRB_s2_p50_k50	clr_local_red_mcSCRB_s2_p50_k50	mcSCRB	2	50	50	clr	FALSE	3.5955000000000013	3.5955000000000013	3.5955000000000013	3.5955000000000013
85.94779116465864	clr_local_full_mcSCRB_s2_p50_k100	clr_local_red_mcSCRB_s2_p50_k100	mcSCRB	2	50	100	clr	FALSE	4.710499999999996	4.710499999999996	4.710499999999996	4.710499999999996
4.2008032128514055	clr_local_full_mcSCRB_s3_p5_k10	clr_local_red_mcSCRB_s3_p5_k10	mcSCRB	3	5	10	clr	FALSE	2.056500000000007	2.056500000000007	2.056500000000007	2.056500000000007
37.30522088353413	clr_local_full_mcSCRB_s3_p5_k50	clr_local_red_mcSCRB_s3_p5_k50	mcSCRB	3	5	50	clr	FALSE	1.9479999999999933	1.9479999999999933	1.9479999999999933	1.9479999999999933
90.4578313253012	clr_local_full_mcSCRB_s3_p5_k100	clr_local_red_mcSCRB_s3_p5_k100	mcSCRB	3	5	100	clr	FALSE	1.8269999999999984	1.8269999999999984	1.8269999999999984	1.8269999999999984
3.995983935742972	clr_local_full_mcSCRB_s3_p10_k10	clr_local_red_mcSCRB_s3_p10_k10	mcSCRB	3	10	10	clr	FALSE	1.7494999999999976	1.7494999999999976	1.7494999999999976	1.7494999999999976
37.791164658634536	clr_local_full_mcSCRB_s3_p10_k50	clr_local_red_mcSCRB_s3_p10_k50	mcSCRB	3	10	50	clr	FALSE	1.778499999999994	1.778499999999994	1.778499999999994	1.778499999999994
90.81927710843374	clr_local_full_mcSCRB_s3_p10_k100	clr_local_red_mcSCRB_s3_p10_k100	mcSCRB	3	10	100	clr	FALSE	1.6910000000000025	1.6910000000000025	1.6910000000000025	1.6910000000000025
4.746987951807229	clr_local_full_mcSCRB_s3_p50_k10	clr_local_red_mcSCRB_s3_p50_k10	mcSCRB	3	50	10	clr	FALSE	3.867999999999995	3.867999999999995	3.867999999999995	3.867999999999995
36	clr_local_full_mcSCRB_s3_p50_k50	clr_local_red_mcSCRB_s3_p50_k50	mcSCRB	3	50	50	clr	FALSE	4.1640000000000015	4.1640000000000015	4.1640000000000015	4.1640000000000015
86.00401606425703	clr_local_full_mcSCRB_s3_p50_k100	clr_local_red_mcSCRB_s3_p50_k100	mcSCRB	3	50	100	clr	FALSE	4.435500000000005	4.435500000000005	4.435500000000005	4.435500000000005
4.373493975903615	clr_local_full_mcSCRB_s4_p5_k10	clr_local_red_mcSCRB_s4_p5_k10	mcSCRB	4	5	10	clr	FALSE	1.4669999999999987	1.4669999999999987	1.4669999999999987	1.4669999999999987
36.82329317269076	clr_local_full_mcSCRB_s4_p5_k50	clr_local_red_mcSCRB_s4_p5_k50	mcSCRB	4	5	50	clr	FALSE	1.083999999999989	1.083999999999989	1.083999999999989	1.083999999999989
89.94779116465864	clr_local_full_mcSCRB_s4_p5_k100	clr_local_red_mcSCRB_s4_p5_k100	mcSCRB	4	5	100	clr	FALSE	1.10799999999999	1.10799999999999	1.10799999999999	1.10799999999999
4.473895582329317	clr_local_full_mcSCRB_s4_p10_k10	clr_local_red_mcSCRB_s4_p10_k10	mcSCRB	4	10	10	clr	FALSE	1.4455000000000098	1.4455000000000098	1.4455000000000098	1.4455000000000098
38.0722891566265	clr_local_full_mcSCRB_s4_p10_k50	clr_local_red_mcSCRB_s4_p10_k50	mcSCRB	4	10	50	clr	FALSE	1.4424999999999957	1.4424999999999957	1.4424999999999957	1.4424999999999957
91.10843373493977	clr_local_full_mcSCRB_s4_p10_k100	clr_local_red_mcSCRB_s4_p10_k100	mcSCRB	4	10	100	clr	FALSE	1.304000000000002	1.304000000000002	1.304000000000002	1.304000000000002
4.927710843373494	clr_local_full_mcSCRB_s4_p50_k10	clr_local_red_mcSCRB_s4_p50_k10	mcSCRB	4	50	10	clr	FALSE	3.699500000000001	3.699500000000001	3.699500000000001	3.699500000000001
36.82329317269076	clr_local_full_mcSCRB_s4_p50_k50	clr_local_red_mcSCRB_s4_p50_k50	mcSCRB	4	50	50	clr	FALSE	3.9895000000000063	3.9895000000000063	3.9895000000000063	3.9895000000000063
86.52610441767068	clr_local_full_mcSCRB_s4_p50_k100	clr_local_red_mcSCRB_s4_p50_k100	mcSCRB	4	50	100	clr	FALSE	3.776499999999998	3.776499999999998	3.776499999999998	3.776499999999998
3.9518072289156625	clr_local_full_mcSCRB_s5_p5_k10	clr_local_red_mcSCRB_s5_p5_k10	mcSCRB	5	5	10	clr	FALSE	1.6845	1.6845	1.6845	1.6845
35.7710843373494	clr_local_full_mcSCRB_s5_p5_k50	clr_local_red_mcSCRB_s5_p5_k50	mcSCRB	5	5	50	clr	FALSE	1.1460000000000008	1.1460000000000008	1.1460000000000008	1.1460000000000008
89.5421686746988	clr_local_full_mcSCRB_s5_p5_k100	clr_local_red_mcSCRB_s5_p5_k100	mcSCRB	5	5	100	clr	FALSE	1.2249999999999943	1.2249999999999943	1.2249999999999943	1.2249999999999943
4.285140562248996	clr_local_full_mcSCRB_s5_p10_k10	clr_local_red_mcSCRB_s5_p10_k10	mcSCRB	5	10	10	clr	FALSE	1.233000000000004	1.233000000000004	1.233000000000004	1.233000000000004
37.81124497991968	clr_local_full_mcSCRB_s5_p10_k50	clr_local_red_mcSCRB_s5_p10_k50	mcSCRB	5	10	50	clr	FALSE	1.252500000000012	1.252500000000012	1.252500000000012	1.252500000000012
90.75100401606426	clr_local_full_mcSCRB_s5_p10_k100	clr_local_red_mcSCRB_s5_p10_k100	mcSCRB	5	10	100	clr	FALSE	1.2085000000000008	1.2085000000000008	1.2085000000000008	1.2085000000000008
4.827309236947791	clr_local_full_mcSCRB_s5_p50_k10	clr_local_red_mcSCRB_s5_p50_k10	mcSCRB	5	50	10	clr	FALSE	3.426000000000002	3.426000000000002	3.426000000000002	3.426000000000002
36.329317269076306	clr_local_full_mcSCRB_s5_p50_k50	clr_local_red_mcSCRB_s5_p50_k50	mcSCRB	5	50	50	clr	FALSE	3.5789999999999935	3.5789999999999935	3.5789999999999935	3.5789999999999935
86.30522088353413	clr_local_full_mcSCRB_s5_p50_k100	clr_local_red_mcSCRB_s5_p50_k100	mcSCRB	5	50	100	clr	FALSE	3.4960000000000093	3.4960000000000093	3.4960000000000093	3.4960000000000093
5.181571815718157	clr_local_full_smartSeq3_fibroblasts_s1_p5_k10	clr_local_red_smartSeq3_fibroblasts_s1_p5_k10	smartSeq3_fibroblasts	1	5	10	clr	FALSE	2.070999999999998	2.070999999999998	2.070999999999998	2.070999999999998
36.05420054200542	clr_local_full_smartSeq3_fibroblasts_s1_p5_k50	clr_local_red_smartSeq3_fibroblasts_s1_p5_k50	smartSeq3_fibroblasts	1	5	50	clr	FALSE	2.0774999999999864	2.0774999999999864	2.0774999999999864	2.0774999999999864
82.62872628726288	clr_local_full_smartSeq3_fibroblasts_s1_p5_k100	clr_local_red_smartSeq3_fibroblasts_s1_p5_k100	smartSeq3_fibroblasts	1	5	100	clr	FALSE	2.2109999999999843	2.2109999999999843	2.2109999999999843	2.2109999999999843
5.926829268292683	clr_local_full_smartSeq3_fibroblasts_s1_p10_k10	clr_local_red_smartSeq3_fibroblasts_s1_p10_k10	smartSeq3_fibroblasts	1	10	10	clr	FALSE	2.0064999999999884	2.0064999999999884	2.0064999999999884	2.0064999999999884
37.479674796747965	clr_local_full_smartSeq3_fibroblasts_s1_p10_k50	clr_local_red_smartSeq3_fibroblasts_s1_p10_k50	smartSeq3_fibroblasts	1	10	50	clr	FALSE	2.026499999999998	2.026499999999998	2.026499999999998	2.026499999999998
82.71815718157181	clr_local_full_smartSeq3_fibroblasts_s1_p10_k100	clr_local_red_smartSeq3_fibroblasts_s1_p10_k100	smartSeq3_fibroblasts	1	10	100	clr	FALSE	2.1154999999999973	2.1154999999999973	2.1154999999999973	2.1154999999999973
4.9105691056910565	clr_local_full_smartSeq3_fibroblasts_s1_p50_k10	clr_local_red_smartSeq3_fibroblasts_s1_p50_k10	smartSeq3_fibroblasts	1	50	10	clr	FALSE	5.717999999999989	5.717999999999989	5.717999999999989	5.717999999999989
31.360433604336045	clr_local_full_smartSeq3_fibroblasts_s1_p50_k50	clr_local_red_smartSeq3_fibroblasts_s1_p50_k50	smartSeq3_fibroblasts	1	50	50	clr	FALSE	6.224500000000006	6.224500000000006	6.224500000000006	6.224500000000006
70.30623306233062	clr_local_full_smartSeq3_fibroblasts_s1_p50_k100	clr_local_red_smartSeq3_fibroblasts_s1_p50_k100	smartSeq3_fibroblasts	1	50	100	clr	FALSE	5.955500000000001	5.955500000000001	5.955500000000001	5.955500000000001
5.3197831978319785	clr_local_full_smartSeq3_fibroblasts_s2_p5_k10	clr_local_red_smartSeq3_fibroblasts_s2_p5_k10	smartSeq3_fibroblasts	2	5	10	clr	FALSE	2.214499999999987	2.214499999999987	2.214499999999987	2.214499999999987
36.24390243902439	clr_local_full_smartSeq3_fibroblasts_s2_p5_k50	clr_local_red_smartSeq3_fibroblasts_s2_p5_k50	smartSeq3_fibroblasts	2	5	50	clr	FALSE	1.782000000000011	1.782000000000011	1.782000000000011	1.782000000000011
82.68834688346884	clr_local_full_smartSeq3_fibroblasts_s2_p5_k100	clr_local_red_smartSeq3_fibroblasts_s2_p5_k100	smartSeq3_fibroblasts	2	5	100	clr	FALSE	1.912000000000006	1.912000000000006	1.912000000000006	1.912000000000006
5.897018970189702	clr_local_full_smartSeq3_fibroblasts_s2_p10_k10	clr_local_red_smartSeq3_fibroblasts_s2_p10_k10	smartSeq3_fibroblasts	2	10	10	clr	FALSE	2.1885000000000048	2.1885000000000048	2.1885000000000048	2.1885000000000048
37.2710027100271	clr_local_full_smartSeq3_fibroblasts_s2_p10_k50	clr_local_red_smartSeq3_fibroblasts_s2_p10_k50	smartSeq3_fibroblasts	2	10	50	clr	FALSE	2.143499999999989	2.143499999999989	2.143499999999989	2.143499999999989
82.28455284552845	clr_local_full_smartSeq3_fibroblasts_s2_p10_k100	clr_local_red_smartSeq3_fibroblasts_s2_p10_k100	smartSeq3_fibroblasts	2	10	100	clr	FALSE	1.9189999999999827	1.9189999999999827	1.9189999999999827	1.9189999999999827
4.842818428184282	clr_local_full_smartSeq3_fibroblasts_s2_p50_k10	clr_local_red_smartSeq3_fibroblasts_s2_p50_k10	smartSeq3_fibroblasts	2	50	10	clr	FALSE	6.0575000000000045	6.0575000000000045	6.0575000000000045	6.0575000000000045
31.284552845528456	clr_local_full_smartSeq3_fibroblasts_s2_p50_k50	clr_local_red_smartSeq3_fibroblasts_s2_p50_k50	smartSeq3_fibroblasts	2	50	50	clr	FALSE	5.242500000000007	5.242500000000007	5.242500000000007	5.242500000000007
70.46612466124661	clr_local_full_smartSeq3_fibroblasts_s2_p50_k100	clr_local_red_smartSeq3_fibroblasts_s2_p50_k100	smartSeq3_fibroblasts	2	50	100	clr	FALSE	6.29849999999999	6.29849999999999	6.29849999999999	6.29849999999999
5.303523035230352	clr_local_full_smartSeq3_fibroblasts_s3_p5_k10	clr_local_red_smartSeq3_fibroblasts_s3_p5_k10	smartSeq3_fibroblasts	3	5	10	clr	FALSE	2.153500000000008	2.153500000000008	2.153500000000008	2.153500000000008
36.30623306233063	clr_local_full_smartSeq3_fibroblasts_s3_p5_k50	clr_local_red_smartSeq3_fibroblasts_s3_p5_k50	smartSeq3_fibroblasts	3	5	50	clr	FALSE	1.7694999999999936	1.7694999999999936	1.7694999999999936	1.7694999999999936
82.71273712737127	clr_local_full_smartSeq3_fibroblasts_s3_p5_k100	clr_local_red_smartSeq3_fibroblasts_s3_p5_k100	smartSeq3_fibroblasts	3	5	100	clr	FALSE	1.8925000000000125	1.8925000000000125	1.8925000000000125	1.8925000000000125
6.005420054200542	clr_local_full_smartSeq3_fibroblasts_s3_p10_k10	clr_local_red_smartSeq3_fibroblasts_s3_p10_k10	smartSeq3_fibroblasts	3	10	10	clr	FALSE	1.883499999999998	1.883499999999998	1.883499999999998	1.883499999999998
37.5420054200542	clr_local_full_smartSeq3_fibroblasts_s3_p10_k50	clr_local_red_smartSeq3_fibroblasts_s3_p10_k50	smartSeq3_fibroblasts	3	10	50	clr	FALSE	1.8884999999999936	1.8884999999999936	1.8884999999999936	1.8884999999999936
82.5420054200542	clr_local_full_smartSeq3_fibroblasts_s3_p10_k100	clr_local_red_smartSeq3_fibroblasts_s3_p10_k100	smartSeq3_fibroblasts	3	10	100	clr	FALSE	1.890500000000003	1.890500000000003	1.890500000000003	1.890500000000003
4.913279132791328	clr_local_full_smartSeq3_fibroblasts_s3_p50_k10	clr_local_red_smartSeq3_fibroblasts_s3_p50_k10	smartSeq3_fibroblasts	3	50	10	clr	FALSE	5.906499999999994	5.906499999999994	5.906499999999994	5.906499999999994
31.100271002710027	clr_local_full_smartSeq3_fibroblasts_s3_p50_k50	clr_local_red_smartSeq3_fibroblasts_s3_p50_k50	smartSeq3_fibroblasts	3	50	50	clr	FALSE	5.669000000000011	5.669000000000011	5.669000000000011	5.669000000000011
69.62330623306234	clr_local_full_smartSeq3_fibroblasts_s3_p50_k100	clr_local_red_smartSeq3_fibroblasts_s3_p50_k100	smartSeq3_fibroblasts	3	50	100	clr	FALSE	5.8455000000000155	5.8455000000000155	5.8455000000000155	5.8455000000000155
5.308943089430894	clr_local_full_smartSeq3_fibroblasts_s4_p5_k10	clr_local_red_smartSeq3_fibroblasts_s4_p5_k10	smartSeq3_fibroblasts	4	5	10	clr	FALSE	2.1604999999999848	2.1604999999999848	2.1604999999999848	2.1604999999999848
36.48509485094851	clr_local_full_smartSeq3_fibroblasts_s4_p5_k50	clr_local_red_smartSeq3_fibroblasts_s4_p5_k50	smartSeq3_fibroblasts	4	5	50	clr	FALSE	1.968999999999994	1.968999999999994	1.968999999999994	1.968999999999994
82.97560975609755	clr_local_full_smartSeq3_fibroblasts_s4_p5_k100	clr_local_red_smartSeq3_fibroblasts_s4_p5_k100	smartSeq3_fibroblasts	4	5	100	clr	FALSE	1.774499999999989	1.774499999999989	1.774499999999989	1.774499999999989
5.991869918699187	clr_local_full_smartSeq3_fibroblasts_s4_p10_k10	clr_local_red_smartSeq3_fibroblasts_s4_p10_k10	smartSeq3_fibroblasts	4	10	10	clr	FALSE	2.0130000000000052	2.0130000000000052	2.0130000000000052	2.0130000000000052
37.68563685636856	clr_local_full_smartSeq3_fibroblasts_s4_p10_k50	clr_local_red_smartSeq3_fibroblasts_s4_p10_k50	smartSeq3_fibroblasts	4	10	50	clr	FALSE	2.1345000000000027	2.1345000000000027	2.1345000000000027	2.1345000000000027
82.92682926829268	clr_local_full_smartSeq3_fibroblasts_s4_p10_k100	clr_local_red_smartSeq3_fibroblasts_s4_p10_k100	smartSeq3_fibroblasts	4	10	100	clr	FALSE	1.8729999999999905	1.8729999999999905	1.8729999999999905	1.8729999999999905
4.856368563685637	clr_local_full_smartSeq3_fibroblasts_s4_p50_k10	clr_local_red_smartSeq3_fibroblasts_s4_p50_k10	smartSeq3_fibroblasts	4	50	10	clr	FALSE	5.798000000000002	5.798000000000002	5.798000000000002	5.798000000000002
31.357723577235777	clr_local_full_smartSeq3_fibroblasts_s4_p50_k50	clr_local_red_smartSeq3_fibroblasts_s4_p50_k50	smartSeq3_fibroblasts	4	50	50	clr	FALSE	5.8799999999999955	5.8799999999999955	5.8799999999999955	5.8799999999999955
70.15989159891599	clr_local_full_smartSeq3_fibroblasts_s4_p50_k100	clr_local_red_smartSeq3_fibroblasts_s4_p50_k100	smartSeq3_fibroblasts	4	50	100	clr	FALSE	6.739999999999981	6.739999999999981	6.739999999999981	6.739999999999981
5.235772357723577	clr_local_full_smartSeq3_fibroblasts_s5_p5_k10	clr_local_red_smartSeq3_fibroblasts_s5_p5_k10	smartSeq3_fibroblasts	5	5	10	clr	FALSE	1.9884999999999875	1.9884999999999875	1.9884999999999875	1.9884999999999875
36.173441734417345	clr_local_full_smartSeq3_fibroblasts_s5_p5_k50	clr_local_red_smartSeq3_fibroblasts_s5_p5_k50	smartSeq3_fibroblasts	5	5	50	clr	FALSE	1.7849999999999682	1.7849999999999682	1.7849999999999682	1.7849999999999682
82.79132791327913	clr_local_full_smartSeq3_fibroblasts_s5_p5_k100	clr_local_red_smartSeq3_fibroblasts_s5_p5_k100	smartSeq3_fibroblasts	5	5	100	clr	FALSE	1.937999999999988	1.937999999999988	1.937999999999988	1.937999999999988
5.997289972899729	clr_local_full_smartSeq3_fibroblasts_s5_p10_k10	clr_local_red_smartSeq3_fibroblasts_s5_p10_k10	smartSeq3_fibroblasts	5	10	10	clr	FALSE	2.0270000000000437	2.0270000000000437	2.0270000000000437	2.0270000000000437
37.579945799457995	clr_local_full_smartSeq3_fibroblasts_s5_p10_k50	clr_local_red_smartSeq3_fibroblasts_s5_p10_k50	smartSeq3_fibroblasts	5	10	50	clr	FALSE	1.9155000000000089	1.9155000000000089	1.9155000000000089	1.9155000000000089
82.65582655826559	clr_local_full_smartSeq3_fibroblasts_s5_p10_k100	clr_local_red_smartSeq3_fibroblasts_s5_p10_k100	smartSeq3_fibroblasts	5	10	100	clr	FALSE	1.9350000000000025	1.9350000000000025	1.9350000000000025	1.9350000000000025
4.91869918699187	clr_local_full_smartSeq3_fibroblasts_s5_p50_k10	clr_local_red_smartSeq3_fibroblasts_s5_p50_k10	smartSeq3_fibroblasts	5	50	10	clr	FALSE	6.3840000000000146	6.3840000000000146	6.3840000000000146	6.3840000000000146
31.384823848238483	clr_local_full_smartSeq3_fibroblasts_s5_p50_k50	clr_local_red_smartSeq3_fibroblasts_s5_p50_k50	smartSeq3_fibroblasts	5	50	50	clr	FALSE	6.947000000000003	6.947000000000003	6.947000000000003	6.947000000000003
70.45257452574526	clr_local_full_smartSeq3_fibroblasts_s5_p50_k100	clr_local_red_smartSeq3_fibroblasts_s5_p50_k100	smartSeq3_fibroblasts	5	50	100	clr	FALSE	6.314000000000021	6.314000000000021	6.314000000000021	6.314000000000021
5.553306342780027	clr_local_full_smartSeq3_fibroblasts_alt_s1_p5_k10	clr_local_red_smartSeq3_fibroblasts_alt_s1_p5_k10	smartSeq3_fibroblasts_alt	1	5	10	clr	FALSE	4.738999999999976	4.738999999999976	4.738999999999976	4.738999999999976
37.21862348178138	clr_local_full_smartSeq3_fibroblasts_alt_s1_p5_k50	clr_local_red_smartSeq3_fibroblasts_alt_s1_p5_k50	smartSeq3_fibroblasts_alt	1	5	50	clr	FALSE	4.125999999999976	4.125999999999976	4.125999999999976	4.125999999999976
80.53441295546558	clr_local_full_smartSeq3_fibroblasts_alt_s1_p5_k100	clr_local_red_smartSeq3_fibroblasts_alt_s1_p5_k100	smartSeq3_fibroblasts_alt	1	5	100	clr	FALSE	4.388999999999953	4.388999999999953	4.388999999999953	4.388999999999953
5.60863697705803	clr_local_full_smartSeq3_fibroblasts_alt_s1_p10_k10	clr_local_red_smartSeq3_fibroblasts_alt_s1_p10_k10	smartSeq3_fibroblasts_alt	1	10	10	clr	FALSE	4.8974999999999795	4.8974999999999795	4.8974999999999795	4.8974999999999795
35.944669365722	clr_local_full_smartSeq3_fibroblasts_alt_s1_p10_k50	clr_local_red_smartSeq3_fibroblasts_alt_s1_p10_k50	smartSeq3_fibroblasts_alt	1	10	50	clr	FALSE	4.47199999999998	4.47199999999998	4.47199999999998	4.47199999999998
78.2442645074224	clr_local_full_smartSeq3_fibroblasts_alt_s1_p10_k100	clr_local_red_smartSeq3_fibroblasts_alt_s1_p10_k100	smartSeq3_fibroblasts_alt	1	10	100	clr	FALSE	4.5394999999999754	4.5394999999999754	4.5394999999999754	4.5394999999999754
5.882591093117409	clr_local_full_smartSeq3_fibroblasts_alt_s1_p50_k10	clr_local_red_smartSeq3_fibroblasts_alt_s1_p50_k10	smartSeq3_fibroblasts_alt	1	50	10	clr	FALSE	10.363499999999988	10.363499999999988	10.363499999999988	10.363499999999988
35.80701754385965	clr_local_full_smartSeq3_fibroblasts_alt_s1_p50_k50	clr_local_red_smartSeq3_fibroblasts_alt_s1_p50_k50	smartSeq3_fibroblasts_alt	1	50	50	clr	FALSE	10.6755	10.6755	10.6755	10.6755
76.48717948717949	clr_local_full_smartSeq3_fibroblasts_alt_s1_p50_k100	clr_local_red_smartSeq3_fibroblasts_alt_s1_p50_k100	smartSeq3_fibroblasts_alt	1	50	100	clr	FALSE	10.84899999999999	10.84899999999999	10.84899999999999	10.84899999999999
5.506072874493927	clr_local_full_smartSeq3_fibroblasts_alt_s2_p5_k10	clr_local_red_smartSeq3_fibroblasts_alt_s2_p5_k10	smartSeq3_fibroblasts_alt	2	5	10	clr	FALSE	4.621999999999957	4.621999999999957	4.621999999999957	4.621999999999957
37.11066126855601	clr_local_full_smartSeq3_fibroblasts_alt_s2_p5_k50	clr_local_red_smartSeq3_fibroblasts_alt_s2_p5_k50	smartSeq3_fibroblasts_alt	2	5	50	clr	FALSE	4.759500000000003	4.759500000000003	4.759500000000003	4.759500000000003
80.41295546558705	clr_local_full_smartSeq3_fibroblasts_alt_s2_p5_k100	clr_local_red_smartSeq3_fibroblasts_alt_s2_p5_k100	smartSeq3_fibroblasts_alt	2	5	100	clr	FALSE	4.5989999999999895	4.5989999999999895	4.5989999999999895	4.5989999999999895
5.995951417004049	clr_local_full_smartSeq3_fibroblasts_alt_s2_p10_k10	clr_local_red_smartSeq3_fibroblasts_alt_s2_p10_k10	smartSeq3_fibroblasts_alt	2	10	10	clr	FALSE	4.459000000000003	4.459000000000003	4.459000000000003	4.459000000000003
36.9689608636977	clr_local_full_smartSeq3_fibroblasts_alt_s2_p10_k50	clr_local_red_smartSeq3_fibroblasts_alt_s2_p10_k50	smartSeq3_fibroblasts_alt	2	10	50	clr	FALSE	4.653500000000008	4.653500000000008	4.653500000000008	4.653500000000008
79.67341430499326	clr_local_full_smartSeq3_fibroblasts_alt_s2_p10_k100	clr_local_red_smartSeq3_fibroblasts_alt_s2_p10_k100	smartSeq3_fibroblasts_alt	2	10	100	clr	FALSE	4.707500000000039	4.707500000000039	4.707500000000039	4.707500000000039
5.947368421052632	clr_local_full_smartSeq3_fibroblasts_alt_s2_p50_k10	clr_local_red_smartSeq3_fibroblasts_alt_s2_p50_k10	smartSeq3_fibroblasts_alt	2	50	10	clr	FALSE	10.076999999999998	10.076999999999998	10.076999999999998	10.076999999999998
35.76518218623482	clr_local_full_smartSeq3_fibroblasts_alt_s2_p50_k50	clr_local_red_smartSeq3_fibroblasts_alt_s2_p50_k50	smartSeq3_fibroblasts_alt	2	50	50	clr	FALSE	11.295999999999992	11.295999999999992	11.295999999999992	11.295999999999992
76.58569500674764	clr_local_full_smartSeq3_fibroblasts_alt_s2_p50_k100	clr_local_red_smartSeq3_fibroblasts_alt_s2_p50_k100	smartSeq3_fibroblasts_alt	2	50	100	clr	FALSE	533.0245	533.0245	533.0245	533.0245
5.597840755735493	clr_local_full_smartSeq3_fibroblasts_alt_s3_p5_k10	clr_local_red_smartSeq3_fibroblasts_alt_s3_p5_k10	smartSeq3_fibroblasts_alt	3	5	10	clr	FALSE	5.427500000000009	5.427500000000009	5.427500000000009	5.427500000000009
37.2361673414305	clr_local_full_smartSeq3_fibroblasts_alt_s3_p5_k50	clr_local_red_smartSeq3_fibroblasts_alt_s3_p5_k50	smartSeq3_fibroblasts_alt	3	5	50	clr	FALSE	4.5545000000000755	4.5545000000000755	4.5545000000000755	4.5545000000000755
80.73684210526316	clr_local_full_smartSeq3_fibroblasts_alt_s3_p5_k100	clr_local_red_smartSeq3_fibroblasts_alt_s3_p5_k100	smartSeq3_fibroblasts_alt	3	5	100	clr	FALSE	4.5625	4.5625	4.5625	4.5625
6.053981106612685	clr_local_full_smartSeq3_fibroblasts_alt_s3_p10_k10	clr_local_red_smartSeq3_fibroblasts_alt_s3_p10_k10	smartSeq3_fibroblasts_alt	3	10	10	clr	FALSE	4.537000000000035	4.537000000000035	4.537000000000035	4.537000000000035
37.11066126855601	clr_local_full_smartSeq3_fibroblasts_alt_s3_p10_k50	clr_local_red_smartSeq3_fibroblasts_alt_s3_p10_k50	smartSeq3_fibroblasts_alt	3	10	50	clr	FALSE	4.379000000000019	4.379000000000019	4.379000000000019	4.379000000000019
79.77327935222672	clr_local_full_smartSeq3_fibroblasts_alt_s3_p10_k100	clr_local_red_smartSeq3_fibroblasts_alt_s3_p10_k100	smartSeq3_fibroblasts_alt	3	10	100	clr	FALSE	4.6235000000000355	4.6235000000000355	4.6235000000000355	4.6235000000000355
5.941970310391363	clr_local_full_smartSeq3_fibroblasts_alt_s3_p50_k10	clr_local_red_smartSeq3_fibroblasts_alt_s3_p50_k10	smartSeq3_fibroblasts_alt	3	50	10	clr	FALSE	10.589500000000044	10.589500000000044	10.589500000000044	10.589500000000044
35.935222672064775	clr_local_full_smartSeq3_fibroblasts_alt_s3_p50_k50	clr_local_red_smartSeq3_fibroblasts_alt_s3_p50_k50	smartSeq3_fibroblasts_alt	3	50	50	clr	FALSE	10.259500000000005	10.259500000000005	10.259500000000005	10.259500000000005
76.61538461538461	clr_local_full_smartSeq3_fibroblasts_alt_s3_p50_k100	clr_local_red_smartSeq3_fibroblasts_alt_s3_p50_k100	smartSeq3_fibroblasts_alt	3	50	100	clr	FALSE	10.721499999999992	10.721499999999992	10.721499999999992	10.721499999999992
5.576248313090418	clr_local_full_smartSeq3_fibroblasts_alt_s4_p5_k10	clr_local_red_smartSeq3_fibroblasts_alt_s4_p5_k10	smartSeq3_fibroblasts_alt	4	5	10	clr	FALSE	4.534500000000094	4.534500000000094	4.534500000000094	4.534500000000094
37.24696356275304	clr_local_full_smartSeq3_fibroblasts_alt_s4_p5_k50	clr_local_red_smartSeq3_fibroblasts_alt_s4_p5_k50	smartSeq3_fibroblasts_alt	4	5	50	clr	FALSE	3.999000000000024	3.999000000000024	3.999000000000024	3.999000000000024
80.84075573549258	clr_local_full_smartSeq3_fibroblasts_alt_s4_p5_k100	clr_local_red_smartSeq3_fibroblasts_alt_s4_p5_k100	smartSeq3_fibroblasts_alt	4	5	100	clr	FALSE	4.025499999999965	4.025499999999965	4.025499999999965	4.025499999999965
6.241565452091768	clr_local_full_smartSeq3_fibroblasts_alt_s4_p10_k10	clr_local_red_smartSeq3_fibroblasts_alt_s4_p10_k10	smartSeq3_fibroblasts_alt	4	10	10	clr	FALSE	4.264499999999998	4.264499999999998	4.264499999999998	4.264499999999998
37.67476383265857	clr_local_full_smartSeq3_fibroblasts_alt_s4_p10_k50	clr_local_red_smartSeq3_fibroblasts_alt_s4_p10_k50	smartSeq3_fibroblasts_alt	4	10	50	clr	FALSE	4.426500000000033	4.426500000000033	4.426500000000033	4.426500000000033
80.38056680161944	clr_local_full_smartSeq3_fibroblasts_alt_s4_p10_k100	clr_local_red_smartSeq3_fibroblasts_alt_s4_p10_k100	smartSeq3_fibroblasts_alt	4	10	100	clr	FALSE	4.363500000000158	4.363500000000158	4.363500000000158	4.363500000000158
5.936572199730095	clr_local_full_smartSeq3_fibroblasts_alt_s4_p50_k10	clr_local_red_smartSeq3_fibroblasts_alt_s4_p50_k10	smartSeq3_fibroblasts_alt	4	50	10	clr	FALSE	10.257499999999936	10.257499999999936	10.257499999999936	10.257499999999936
35.8110661268556	clr_local_full_smartSeq3_fibroblasts_alt_s4_p50_k50	clr_local_red_smartSeq3_fibroblasts_alt_s4_p50_k50	smartSeq3_fibroblasts_alt	4	50	50	clr	FALSE	9.969000000000053	9.969000000000053	9.969000000000053	9.969000000000053
76.5195681511471	clr_local_full_smartSeq3_fibroblasts_alt_s4_p50_k100	clr_local_red_smartSeq3_fibroblasts_alt_s4_p50_k100	smartSeq3_fibroblasts_alt	4	50	100	clr	FALSE	10.135499999999864	10.135499999999864	10.135499999999864	10.135499999999864
5.620782726045884	clr_local_full_smartSeq3_fibroblasts_alt_s5_p5_k10	clr_local_red_smartSeq3_fibroblasts_alt_s5_p5_k10	smartSeq3_fibroblasts_alt	5	5	10	clr	FALSE	4.498000000000047	4.498000000000047	4.498000000000047	4.498000000000047
37.22267206477733	clr_local_full_smartSeq3_fibroblasts_alt_s5_p5_k50	clr_local_red_smartSeq3_fibroblasts_alt_s5_p5_k50	smartSeq3_fibroblasts_alt	5	5	50	clr	FALSE	3.972999999999956	3.972999999999956	3.972999999999956	3.972999999999956
80.68286099865047	clr_local_full_smartSeq3_fibroblasts_alt_s5_p5_k100	clr_local_red_smartSeq3_fibroblasts_alt_s5_p5_k100	smartSeq3_fibroblasts_alt	5	5	100	clr	FALSE	4.042999999999893	4.042999999999893	4.042999999999893	4.042999999999893
6.1673414304993255	clr_local_full_smartSeq3_fibroblasts_alt_s5_p10_k10	clr_local_red_smartSeq3_fibroblasts_alt_s5_p10_k10	smartSeq3_fibroblasts_alt	5	10	10	clr	FALSE	4.294000000000096	4.294000000000096	4.294000000000096	4.294000000000096
37.40485829959514	clr_local_full_smartSeq3_fibroblasts_alt_s5_p10_k50	clr_local_red_smartSeq3_fibroblasts_alt_s5_p10_k50	smartSeq3_fibroblasts_alt	5	10	50	clr	FALSE	4.358500000000049	4.358500000000049	4.358500000000049	4.358500000000049
80.12685560053981	clr_local_full_smartSeq3_fibroblasts_alt_s5_p10_k100	clr_local_red_smartSeq3_fibroblasts_alt_s5_p10_k100	smartSeq3_fibroblasts_alt	5	10	100	clr	FALSE	4.803000000000111	4.803000000000111	4.803000000000111	4.803000000000111
5.935222672064778	clr_local_full_smartSeq3_fibroblasts_alt_s5_p50_k10	clr_local_red_smartSeq3_fibroblasts_alt_s5_p50_k10	smartSeq3_fibroblasts_alt	5	50	10	clr	FALSE	10.43100000000004	10.43100000000004	10.43100000000004	10.43100000000004
35.850202429149796	clr_local_full_smartSeq3_fibroblasts_alt_s5_p50_k50	clr_local_red_smartSeq3_fibroblasts_alt_s5_p50_k50	smartSeq3_fibroblasts_alt	5	50	50	clr	FALSE	10.358500000000047	10.358500000000047	10.358500000000047	10.358500000000047
76.54655870445345	clr_local_full_smartSeq3_fibroblasts_alt_s5_p50_k100	clr_local_red_smartSeq3_fibroblasts_alt_s5_p50_k100	smartSeq3_fibroblasts_alt	5	50	100	clr	FALSE	10.223999999999933	10.223999999999933	10.223999999999933	10.223999999999933
4.837606837606837	clr_local_full_smartSeq3_hek_s1_p5_k10	clr_local_red_smartSeq3_hek_s1_p5_k10	smartSeq3_hek	1	5	10	clr	FALSE	1.87	1.87	1.87	1.87
39.17094017094017	clr_local_full_smartSeq3_hek_s1_p5_k50	clr_local_red_smartSeq3_hek_s1_p5_k50	smartSeq3_hek	1	5	50	clr	FALSE	1.8899999999999997	1.8899999999999997	1.8899999999999997	1.8899999999999997
84.62678062678063	clr_local_full_smartSeq3_hek_s1_p5_k100	clr_local_red_smartSeq3_hek_s1_p5_k100	smartSeq3_hek	1	5	100	clr	FALSE	1.689	1.689	1.689	1.689
4.319088319088319	clr_local_full_smartSeq3_hek_s1_p10_k10	clr_local_red_smartSeq3_hek_s1_p10_k10	smartSeq3_hek	1	10	10	clr	FALSE	2.019499999999999	2.019499999999999	2.019499999999999	2.019499999999999
36.49287749287749	clr_local_full_smartSeq3_hek_s1_p10_k50	clr_local_red_smartSeq3_hek_s1_p10_k50	smartSeq3_hek	1	10	50	clr	FALSE	2.006	2.006	2.006	2.006
80.23646723646723	clr_local_full_smartSeq3_hek_s1_p10_k100	clr_local_red_smartSeq3_hek_s1_p10_k100	smartSeq3_hek	1	10	100	clr	FALSE	2.0294999999999987	2.0294999999999987	2.0294999999999987	2.0294999999999987
3.68945868945869	clr_local_full_smartSeq3_hek_s1_p50_k10	clr_local_red_smartSeq3_hek_s1_p50_k10	smartSeq3_hek	1	50	10	clr	FALSE	5.495000000000001	5.495000000000001	5.495000000000001	5.495000000000001
31.03133903133903	clr_local_full_smartSeq3_hek_s1_p50_k50	clr_local_red_smartSeq3_hek_s1_p50_k50	smartSeq3_hek	1	50	50	clr	FALSE	5.3095	5.3095	5.3095	5.3095
69.29344729344729	clr_local_full_smartSeq3_hek_s1_p50_k100	clr_local_red_smartSeq3_hek_s1_p50_k100	smartSeq3_hek	1	50	100	clr	FALSE	5.852499999999999	5.852499999999999	5.852499999999999	5.852499999999999
4.712250712250713	clr_local_full_smartSeq3_hek_s2_p5_k10	clr_local_red_smartSeq3_hek_s2_p5_k10	smartSeq3_hek	2	5	10	clr	FALSE	1.8624999999999972	1.8624999999999972	1.8624999999999972	1.8624999999999972
38.93162393162393	clr_local_full_smartSeq3_hek_s2_p5_k50	clr_local_red_smartSeq3_hek_s2_p5_k50	smartSeq3_hek	2	5	50	clr	FALSE	1.7765000000000055	1.7765000000000055	1.7765000000000055	1.7765000000000055
84.22792022792022	clr_local_full_smartSeq3_hek_s2_p5_k100	clr_local_red_smartSeq3_hek_s2_p5_k100	smartSeq3_hek	2	5	100	clr	FALSE	1.9059999999999988	1.9059999999999988	1.9059999999999988	1.9059999999999988
4.267806267806268	clr_local_full_smartSeq3_hek_s2_p10_k10	clr_local_red_smartSeq3_hek_s2_p10_k10	smartSeq3_hek	2	10	10	clr	FALSE	2.1270000000000024	2.1270000000000024	2.1270000000000024	2.1270000000000024
36.27350427350427	clr_local_full_smartSeq3_hek_s2_p10_k50	clr_local_red_smartSeq3_hek_s2_p10_k50	smartSeq3_hek	2	10	50	clr	FALSE	2.004000000000005	2.004000000000005	2.004000000000005	2.004000000000005
80.56695156695157	clr_local_full_smartSeq3_hek_s2_p10_k100	clr_local_red_smartSeq3_hek_s2_p10_k100	smartSeq3_hek	2	10	100	clr	FALSE	2.2734999999999985	2.2734999999999985	2.2734999999999985	2.2734999999999985
3.6524216524216526	clr_local_full_smartSeq3_hek_s2_p50_k10	clr_local_red_smartSeq3_hek_s2_p50_k10	smartSeq3_hek	2	50	10	clr	FALSE	5.954500000000003	5.954500000000003	5.954500000000003	5.954500000000003
30.77777777777778	clr_local_full_smartSeq3_hek_s2_p50_k50	clr_local_red_smartSeq3_hek_s2_p50_k50	smartSeq3_hek	2	50	50	clr	FALSE	5.8855	5.8855	5.8855	5.8855
68.9002849002849	clr_local_full_smartSeq3_hek_s2_p50_k100	clr_local_red_smartSeq3_hek_s2_p50_k100	smartSeq3_hek	2	50	100	clr	FALSE	6.150499999999994	6.150499999999994	6.150499999999994	6.150499999999994
4.669515669515669	clr_local_full_smartSeq3_hek_s3_p5_k10	clr_local_red_smartSeq3_hek_s3_p5_k10	smartSeq3_hek	3	5	10	clr	FALSE	1.8575000000000017	1.8575000000000017	1.8575000000000017	1.8575000000000017
39.05982905982906	clr_local_full_smartSeq3_hek_s3_p5_k50	clr_local_red_smartSeq3_hek_s3_p5_k50	smartSeq3_hek	3	5	50	clr	FALSE	1.7940000000000111	1.7940000000000111	1.7940000000000111	1.7940000000000111
84.62962962962963	clr_local_full_smartSeq3_hek_s3_p5_k100	clr_local_red_smartSeq3_hek_s3_p5_k100	smartSeq3_hek	3	5	100	clr	FALSE	1.8455000000000013	1.8455000000000013	1.8455000000000013	1.8455000000000013
4.282051282051282	clr_local_full_smartSeq3_hek_s3_p10_k10	clr_local_red_smartSeq3_hek_s3_p10_k10	smartSeq3_hek	3	10	10	clr	FALSE	2.25	2.25	2.25	2.25
36.45014245014245	clr_local_full_smartSeq3_hek_s3_p10_k50	clr_local_red_smartSeq3_hek_s3_p10_k50	smartSeq3_hek	3	10	50	clr	FALSE	2.1990000000000123	2.1990000000000123	2.1990000000000123	2.1990000000000123
80.3076923076923	clr_local_full_smartSeq3_hek_s3_p10_k100	clr_local_red_smartSeq3_hek_s3_p10_k100	smartSeq3_hek	3	10	100	clr	FALSE	2.038499999999999	2.038499999999999	2.038499999999999	2.038499999999999
3.561253561253561	clr_local_full_smartSeq3_hek_s3_p50_k10	clr_local_red_smartSeq3_hek_s3_p50_k10	smartSeq3_hek	3	50	10	clr	FALSE	5.796499999999995	5.796499999999995	5.796499999999995	5.796499999999995
30.811965811965813	clr_local_full_smartSeq3_hek_s3_p50_k50	clr_local_red_smartSeq3_hek_s3_p50_k50	smartSeq3_hek	3	50	50	clr	FALSE	6.084499999999991	6.084499999999991	6.084499999999991	6.084499999999991
68.00569800569801	clr_local_full_smartSeq3_hek_s3_p50_k100	clr_local_red_smartSeq3_hek_s3_p50_k100	smartSeq3_hek	3	50	100	clr	FALSE	5.6815	5.6815	5.6815	5.6815
4.706552706552706	clr_local_full_smartSeq3_hek_s4_p5_k10	clr_local_red_smartSeq3_hek_s4_p5_k10	smartSeq3_hek	4	5	10	clr	FALSE	1.741500000000002	1.741500000000002	1.741500000000002	1.741500000000002
38.78917378917379	clr_local_full_smartSeq3_hek_s4_p5_k50	clr_local_red_smartSeq3_hek_s4_p5_k50	smartSeq3_hek	4	5	50	clr	FALSE	1.669499999999999	1.669499999999999	1.669499999999999	1.669499999999999
84.24786324786325	clr_local_full_smartSeq3_hek_s4_p5_k100	clr_local_red_smartSeq3_hek_s4_p5_k100	smartSeq3_hek	4	5	100	clr	FALSE	1.6260000000000048	1.6260000000000048	1.6260000000000048	1.6260000000000048
4.572649572649572	clr_local_full_smartSeq3_hek_s4_p10_k10	clr_local_red_smartSeq3_hek_s4_p10_k10	smartSeq3_hek	4	10	10	clr	FALSE	1.977000000000004	1.977000000000004	1.977000000000004	1.977000000000004
36.98575498575499	clr_local_full_smartSeq3_hek_s4_p10_k50	clr_local_red_smartSeq3_hek_s4_p10_k50	smartSeq3_hek	4	10	50	clr	FALSE	1.9624999999999917	1.9624999999999917	1.9624999999999917	1.9624999999999917
81.11111111111111	clr_local_full_smartSeq3_hek_s4_p10_k100	clr_local_red_smartSeq3_hek_s4_p10_k100	smartSeq3_hek	4	10	100	clr	FALSE	1.9669999999999987	1.9669999999999987	1.9669999999999987	1.9669999999999987
3.5242165242165244	clr_local_full_smartSeq3_hek_s4_p50_k10	clr_local_red_smartSeq3_hek_s4_p50_k10	smartSeq3_hek	4	50	10	clr	FALSE	5.76100000000001	5.76100000000001	5.76100000000001	5.76100000000001
30.77207977207977	clr_local_full_smartSeq3_hek_s4_p50_k50	clr_local_red_smartSeq3_hek_s4_p50_k50	smartSeq3_hek	4	50	50	clr	FALSE	5.669499999999999	5.669499999999999	5.669499999999999	5.669499999999999
68.31339031339031	clr_local_full_smartSeq3_hek_s4_p50_k100	clr_local_red_smartSeq3_hek_s4_p50_k100	smartSeq3_hek	4	50	100	clr	FALSE	6.479000000000013	6.479000000000013	6.479000000000013	6.479000000000013
4.997150997150997	clr_local_full_smartSeq3_hek_s5_p5_k10	clr_local_red_smartSeq3_hek_s5_p5_k10	smartSeq3_hek	5	5	10	clr	FALSE	1.8059999999999832	1.8059999999999832	1.8059999999999832	1.8059999999999832
39.45584045584046	clr_local_full_smartSeq3_hek_s5_p5_k50	clr_local_red_smartSeq3_hek_s5_p5_k50	smartSeq3_hek	5	5	50	clr	FALSE	1.6935000000000002	1.6935000000000002	1.6935000000000002	1.6935000000000002
84.94017094017094	clr_local_full_smartSeq3_hek_s5_p5_k100	clr_local_red_smartSeq3_hek_s5_p5_k100	smartSeq3_hek	5	5	100	clr	FALSE	1.7145000000000152	1.7145000000000152	1.7145000000000152	1.7145000000000152
4.361823361823362	clr_local_full_smartSeq3_hek_s5_p10_k10	clr_local_red_smartSeq3_hek_s5_p10_k10	smartSeq3_hek	5	10	10	clr	FALSE	2.0175000000000125	2.0175000000000125	2.0175000000000125	2.0175000000000125
37.26495726495727	clr_local_full_smartSeq3_hek_s5_p10_k50	clr_local_red_smartSeq3_hek_s5_p10_k50	smartSeq3_hek	5	10	50	clr	FALSE	2.0064999999999884	2.0064999999999884	2.0064999999999884	2.0064999999999884
81.09401709401709	clr_local_full_smartSeq3_hek_s5_p10_k100	clr_local_red_smartSeq3_hek_s5_p10_k100	smartSeq3_hek	5	10	100	clr	FALSE	2.1040000000000134	2.1040000000000134	2.1040000000000134	2.1040000000000134
3.5954415954415953	clr_local_full_smartSeq3_hek_s5_p50_k10	clr_local_red_smartSeq3_hek_s5_p50_k10	smartSeq3_hek	5	50	10	clr	FALSE	5.992499999999978	5.992499999999978	5.992499999999978	5.992499999999978
30.883190883190885	clr_local_full_smartSeq3_hek_s5_p50_k50	clr_local_red_smartSeq3_hek_s5_p50_k50	smartSeq3_hek	5	50	50	clr	FALSE	6.525500000000022	6.525500000000022	6.525500000000022	6.525500000000022
68.8945868945869	clr_local_full_smartSeq3_hek_s5_p50_k100	clr_local_red_smartSeq3_hek_s5_p50_k100	smartSeq3_hek	5	50	100	clr	FALSE	5.9739999999999895	5.9739999999999895	5.9739999999999895	5.9739999999999895
3.4339227547696605	clr_local_full_smartSeq3_siRNA_knockdown_s1_p5_k10	clr_local_red_smartSeq3_siRNA_knockdown_s1_p5_k10	smartSeq3_siRNA_knockdown	1	5	10	clr	FALSE	26.2415	26.2415	26.2415	26.2415
25.32294090274546	clr_local_full_smartSeq3_siRNA_knockdown_s1_p5_k50	clr_local_red_smartSeq3_siRNA_knockdown_s1_p5_k50	smartSeq3_siRNA_knockdown	1	5	50	clr	FALSE	27.364499999999992	27.364499999999992	27.364499999999992	27.364499999999992
57.86016751977664	clr_local_full_smartSeq3_siRNA_knockdown_s1_p5_k100	clr_local_red_smartSeq3_siRNA_knockdown_s1_p5_k100	smartSeq3_siRNA_knockdown	1	5	100	clr	FALSE	26.6755	26.6755	26.6755	26.6755
5.375290832945556	clr_local_full_smartSeq3_siRNA_knockdown_s1_p10_k10	clr_local_red_smartSeq3_siRNA_knockdown_s1_p10_k10	smartSeq3_siRNA_knockdown	1	10	10	clr	FALSE	27.662500000000023	27.662500000000023	27.662500000000023	27.662500000000023
33.143089809213585	clr_local_full_smartSeq3_siRNA_knockdown_s1_p10_k50	clr_local_red_smartSeq3_siRNA_knockdown_s1_p10_k50	smartSeq3_siRNA_knockdown	1	10	50	clr	FALSE	27.78649999999999	27.78649999999999	27.78649999999999	27.78649999999999
71.20707305723592	clr_local_full_smartSeq3_siRNA_knockdown_s1_p10_k100	clr_local_red_smartSeq3_siRNA_knockdown_s1_p10_k100	smartSeq3_siRNA_knockdown	1	10	100	clr	FALSE	26.993499999999983	26.993499999999983	26.993499999999983	26.993499999999983
5.75476966030712	clr_local_full_smartSeq3_siRNA_knockdown_s1_p50_k10	clr_local_red_smartSeq3_siRNA_knockdown_s1_p50_k10	smartSeq3_siRNA_knockdown	1	50	10	clr	FALSE	46.5795	46.5795	46.5795	46.5795
34.778966961377385	clr_local_full_smartSeq3_siRNA_knockdown_s1_p50_k50	clr_local_red_smartSeq3_siRNA_knockdown_s1_p50_k50	smartSeq3_siRNA_knockdown	1	50	50	clr	FALSE	46.21449999999999	46.21449999999999	46.21449999999999	46.21449999999999
73.56654257794322	clr_local_full_smartSeq3_siRNA_knockdown_s1_p50_k100	clr_local_red_smartSeq3_siRNA_knockdown_s1_p50_k100	smartSeq3_siRNA_knockdown	1	50	100	clr	FALSE	44.99499999999995	44.99499999999995	44.99499999999995	44.99499999999995
3.462540716612378	clr_local_full_smartSeq3_siRNA_knockdown_s2_p5_k10	clr_local_red_smartSeq3_siRNA_knockdown_s2_p5_k10	smartSeq3_siRNA_knockdown	2	5	10	clr	FALSE	25.436500000000024	25.436500000000024	25.436500000000024	25.436500000000024
25.324802233597023	clr_local_full_smartSeq3_siRNA_knockdown_s2_p5_k50	clr_local_red_smartSeq3_siRNA_knockdown_s2_p5_k50	smartSeq3_siRNA_knockdown	2	5	50	clr	FALSE	26.157499999999914	26.157499999999914	26.157499999999914	26.157499999999914
57.83597021870637	clr_local_full_smartSeq3_siRNA_knockdown_s2_p5_k100	clr_local_red_smartSeq3_siRNA_knockdown_s2_p5_k100	smartSeq3_siRNA_knockdown	2	5	100	clr	FALSE	25.668499999999995	25.668499999999995	25.668499999999995	25.668499999999995
5.345974872033504	clr_local_full_smartSeq3_siRNA_knockdown_s2_p10_k10	clr_local_red_smartSeq3_siRNA_knockdown_s2_p10_k10	smartSeq3_siRNA_knockdown	2	10	10	clr	FALSE	28.075000000000045	28.075000000000045	28.075000000000045	28.075000000000045
32.98348068869242	clr_local_full_smartSeq3_siRNA_knockdown_s2_p10_k50	clr_local_red_smartSeq3_siRNA_knockdown_s2_p10_k50	smartSeq3_siRNA_knockdown	2	10	50	clr	FALSE	27.18100000000004	27.18100000000004	27.18100000000004	27.18100000000004
70.90018613308516	clr_local_full_smartSeq3_siRNA_knockdown_s2_p10_k100	clr_local_red_smartSeq3_siRNA_knockdown_s2_p10_k100	smartSeq3_siRNA_knockdown	2	10	100	clr	FALSE	27.91249999999991	27.91249999999991	27.91249999999991	27.91249999999991
5.756398324802234	clr_local_full_smartSeq3_siRNA_knockdown_s2_p50_k10	clr_local_red_smartSeq3_siRNA_knockdown_s2_p50_k10	smartSeq3_siRNA_knockdown	2	50	10	clr	FALSE	44.45600000000002	44.45600000000002	44.45600000000002	44.45600000000002
34.78129362494183	clr_local_full_smartSeq3_siRNA_knockdown_s2_p50_k50	clr_local_red_smartSeq3_siRNA_knockdown_s2_p50_k50	smartSeq3_siRNA_knockdown	2	50	50	clr	FALSE	45.749000000000024	45.749000000000024	45.749000000000024	45.749000000000024
73.52582596556537	clr_local_full_smartSeq3_siRNA_knockdown_s2_p50_k100	clr_local_red_smartSeq3_siRNA_knockdown_s2_p50_k100	smartSeq3_siRNA_knockdown	2	50	100	clr	FALSE	46.321500000000015	46.321500000000015	46.321500000000015	46.321500000000015
3.443927408096789	clr_local_full_smartSeq3_siRNA_knockdown_s3_p5_k10	clr_local_red_smartSeq3_siRNA_knockdown_s3_p5_k10	smartSeq3_siRNA_knockdown	3	5	10	clr	FALSE	25.629999999999995	25.629999999999995	25.629999999999995	25.629999999999995
25.193113075849233	clr_local_full_smartSeq3_siRNA_knockdown_s3_p5_k50	clr_local_red_smartSeq3_siRNA_knockdown_s3_p5_k50	smartSeq3_siRNA_knockdown	3	5	50	clr	FALSE	25.13650000000007	25.13650000000007	25.13650000000007	25.13650000000007
57.83783154955793	clr_local_full_smartSeq3_siRNA_knockdown_s3_p5_k100	clr_local_red_smartSeq3_siRNA_knockdown_s3_p5_k100	smartSeq3_siRNA_knockdown	3	5	100	clr	FALSE	25.52099999999996	25.52099999999996	25.52099999999996	25.52099999999996
5.379478827361564	clr_local_full_smartSeq3_siRNA_knockdown_s3_p10_k10	clr_local_red_smartSeq3_siRNA_knockdown_s3_p10_k10	smartSeq3_siRNA_knockdown	3	10	10	clr	FALSE	26.639999999999983	26.639999999999983	26.639999999999983	26.639999999999983
33.12075383899488	clr_local_full_smartSeq3_siRNA_knockdown_s3_p10_k50	clr_local_red_smartSeq3_siRNA_knockdown_s3_p10_k50	smartSeq3_siRNA_knockdown	3	10	50	clr	FALSE	26.241499999999977	26.241499999999977	26.241499999999977	26.241499999999977
71.0772452303397	clr_local_full_smartSeq3_siRNA_knockdown_s3_p10_k100	clr_local_red_smartSeq3_siRNA_knockdown_s3_p10_k100	smartSeq3_siRNA_knockdown	3	10	100	clr	FALSE	26.856500000000096	26.856500000000096	26.856500000000096	26.856500000000096
5.766402978129363	clr_local_full_smartSeq3_siRNA_knockdown_s3_p50_k10	clr_local_red_smartSeq3_siRNA_knockdown_s3_p50_k10	smartSeq3_siRNA_knockdown	3	50	10	clr	FALSE	44.27650000000017	44.27650000000017	44.27650000000017	44.27650000000017
34.815030246626335	clr_local_full_smartSeq3_siRNA_knockdown_s3_p50_k50	clr_local_red_smartSeq3_siRNA_knockdown_s3_p50_k50	smartSeq3_siRNA_knockdown	3	50	50	clr	FALSE	44.38700000000017	44.38700000000017	44.38700000000017	44.38700000000017
73.55630525825966	clr_local_full_smartSeq3_siRNA_knockdown_s3_p50_k100	clr_local_red_smartSeq3_siRNA_knockdown_s3_p50_k100	smartSeq3_siRNA_knockdown	3	50	100	clr	FALSE	45.85550000000012	45.85550000000012	45.85550000000012	45.85550000000012
3.452070730572359	clr_local_full_smartSeq3_siRNA_knockdown_s4_p5_k10	clr_local_red_smartSeq3_siRNA_knockdown_s4_p5_k10	smartSeq3_siRNA_knockdown	4	5	10	clr	FALSE	24.80550000000017	24.80550000000017	24.80550000000017	24.80550000000017
25.306886924150767	clr_local_full_smartSeq3_siRNA_knockdown_s4_p5_k50	clr_local_red_smartSeq3_siRNA_knockdown_s4_p5_k50	smartSeq3_siRNA_knockdown	4	5	50	clr	FALSE	26.103000000000065	26.103000000000065	26.103000000000065	26.103000000000065
57.92903676128432	clr_local_full_smartSeq3_siRNA_knockdown_s4_p5_k100	clr_local_red_smartSeq3_siRNA_knockdown_s4_p5_k100	smartSeq3_siRNA_knockdown	4	5	100	clr	FALSE	25.847999999999956	25.847999999999956	25.847999999999956	25.847999999999956
5.345044206607724	clr_local_full_smartSeq3_siRNA_knockdown_s4_p10_k10	clr_local_red_smartSeq3_siRNA_knockdown_s4_p10_k10	smartSeq3_siRNA_knockdown	4	10	10	clr	FALSE	25.30550000000017	25.30550000000017	25.30550000000017	25.30550000000017
33.013029315960914	clr_local_full_smartSeq3_siRNA_knockdown_s4_p10_k50	clr_local_red_smartSeq3_siRNA_knockdown_s4_p10_k50	smartSeq3_siRNA_knockdown	4	10	50	clr	FALSE	27.013500000000025	27.013500000000025	27.013500000000025	27.013500000000025
71.02256863657514	clr_local_full_smartSeq3_siRNA_knockdown_s4_p10_k100	clr_local_red_smartSeq3_siRNA_knockdown_s4_p10_k100	smartSeq3_siRNA_knockdown	4	10	100	clr	FALSE	26.84050000000002	26.84050000000002	26.84050000000002	26.84050000000002
5.726384364820847	clr_local_full_smartSeq3_siRNA_knockdown_s4_p50_k10	clr_local_red_smartSeq3_siRNA_knockdown_s4_p50_k10	smartSeq3_siRNA_knockdown	4	50	10	clr	FALSE	45.9670000000001	45.9670000000001	45.9670000000001	45.9670000000001
34.70660772452303	clr_local_full_smartSeq3_siRNA_knockdown_s4_p50_k50	clr_local_red_smartSeq3_siRNA_knockdown_s4_p50_k50	smartSeq3_siRNA_knockdown	4	50	50	clr	FALSE	45.21199999999999	45.21199999999999	45.21199999999999	45.21199999999999
73.47999069334574	clr_local_full_smartSeq3_siRNA_knockdown_s4_p50_k100	clr_local_red_smartSeq3_siRNA_knockdown_s4_p50_k100	smartSeq3_siRNA_knockdown	4	50	100	clr	FALSE	47.63499999999999	47.63499999999999	47.63499999999999	47.63499999999999
3.414844113541182	clr_local_full_smartSeq3_siRNA_knockdown_s5_p5_k10	clr_local_red_smartSeq3_siRNA_knockdown_s5_p5_k10	smartSeq3_siRNA_knockdown	5	5	10	clr	FALSE	25.936999999999895	25.936999999999895	25.936999999999895	25.936999999999895
25.25034899953467	clr_local_full_smartSeq3_siRNA_knockdown_s5_p5_k50	clr_local_red_smartSeq3_siRNA_knockdown_s5_p5_k50	smartSeq3_siRNA_knockdown	5	5	50	clr	FALSE	26.2645	26.2645	26.2645	26.2645
57.70497906002792	clr_local_full_smartSeq3_siRNA_knockdown_s5_p5_k100	clr_local_red_smartSeq3_siRNA_knockdown_s5_p5_k100	smartSeq3_siRNA_knockdown	5	5	100	clr	FALSE	26.770500000000084	26.770500000000084	26.770500000000084	26.770500000000084
5.3217775709632384	clr_local_full_smartSeq3_siRNA_knockdown_s5_p10_k10	clr_local_red_smartSeq3_siRNA_knockdown_s5_p10_k10	smartSeq3_siRNA_knockdown	5	10	10	clr	FALSE	25.75299999999993	25.75299999999993	25.75299999999993	25.75299999999993
32.90530479292694	clr_local_full_smartSeq3_siRNA_knockdown_s5_p10_k50	clr_local_red_smartSeq3_siRNA_knockdown_s5_p10_k50	smartSeq3_siRNA_knockdown	5	10	50	clr	FALSE	26.693500000000085	26.693500000000085	26.693500000000085	26.693500000000085
70.68380642159144	clr_local_full_smartSeq3_siRNA_knockdown_s5_p10_k100	clr_local_red_smartSeq3_siRNA_knockdown_s5_p10_k100	smartSeq3_siRNA_knockdown	5	10	100	clr	FALSE	28.12850000000003	28.12850000000003	28.12850000000003	28.12850000000003
5.749418334108888	clr_local_full_smartSeq3_siRNA_knockdown_s5_p50_k10	clr_local_red_smartSeq3_siRNA_knockdown_s5_p50_k10	smartSeq3_siRNA_knockdown	5	50	10	clr	FALSE	47.025499999999965	47.025499999999965	47.025499999999965	47.025499999999965
34.71591437878083	clr_local_full_smartSeq3_siRNA_knockdown_s5_p50_k50	clr_local_red_smartSeq3_siRNA_knockdown_s5_p50_k50	smartSeq3_siRNA_knockdown	5	50	50	clr	FALSE	45.928499999999985	45.928499999999985	45.928499999999985	45.928499999999985
73.44927873429502	clr_local_full_smartSeq3_siRNA_knockdown_s5_p50_k100	clr_local_red_smartSeq3_siRNA_knockdown_s5_p50_k100	smartSeq3_siRNA_knockdown	5	50	100	clr	FALSE	46.962499999999864	46.962499999999864	46.962499999999864	46.962499999999864
6.015123313168916	clr_local_full_smartSeq3_siRNA_knockdown_s1_p100_k10	clr_local_red_smartSeq3_siRNA_knockdown_s1_p100_k10	smartSeq3_siRNA_knockdown	1	100	10	clr	FALSE	1.2009999999999934	1.2009999999999934	1.2009999999999934	1.2009999999999934
35.297580269892975	clr_local_full_smartSeq3_siRNA_knockdown_s1_p100_k50	clr_local_red_smartSeq3_siRNA_knockdown_s1_p100_k50	smartSeq3_siRNA_knockdown	1	100	50	clr	FALSE	1.4249999999999972	1.4249999999999972	1.4249999999999972	1.4249999999999972
74.11633317822243	clr_local_full_smartSeq3_siRNA_knockdown_s1_p100_k100	clr_local_red_smartSeq3_siRNA_knockdown_s1_p100_k100	smartSeq3_siRNA_knockdown	1	100	100	clr	FALSE	1.6795000000000044	1.6795000000000044	1.6795000000000044	1.6795000000000044
6.020241973010703	clr_local_full_smartSeq3_siRNA_knockdown_s2_p100_k10	clr_local_red_smartSeq3_siRNA_knockdown_s2_p100_k10	smartSeq3_siRNA_knockdown	2	100	10	clr	FALSE	1.171999999999997	1.171999999999997	1.171999999999997	1.171999999999997
35.3573755234993	clr_local_full_smartSeq3_siRNA_knockdown_s2_p100_k50	clr_local_red_smartSeq3_siRNA_knockdown_s2_p100_k50	smartSeq3_siRNA_knockdown	2	100	50	clr	FALSE	1.3795000000000073	1.3795000000000073	1.3795000000000073	1.3795000000000073
73.99720800372266	clr_local_full_smartSeq3_siRNA_knockdown_s2_p100_k100	clr_local_red_smartSeq3_siRNA_knockdown_s2_p100_k100	smartSeq3_siRNA_knockdown	2	100	100	clr	FALSE	1.5275000000000034	1.5275000000000034	1.5275000000000034	1.5275000000000034
6.031875290832946	clr_local_full_smartSeq3_siRNA_knockdown_s3_p100_k10	clr_local_red_smartSeq3_siRNA_knockdown_s3_p100_k10	smartSeq3_siRNA_knockdown	3	100	10	clr	FALSE	1.3064999999999714	1.3064999999999714	1.3064999999999714	1.3064999999999714
35.3780828292229	clr_local_full_smartSeq3_siRNA_knockdown_s3_p100_k50	clr_local_red_smartSeq3_siRNA_knockdown_s3_p100_k50	smartSeq3_siRNA_knockdown	3	100	50	clr	FALSE	1.3935000000000173	1.3935000000000173	1.3935000000000173	1.3935000000000173
74.08562121917171	clr_local_full_smartSeq3_siRNA_knockdown_s3_p100_k100	clr_local_red_smartSeq3_siRNA_knockdown_s3_p100_k100	smartSeq3_siRNA_knockdown	3	100	100	clr	FALSE	1.8725000000000023	1.8725000000000023	1.8725000000000023	1.8725000000000023
6.022335970218706	clr_local_full_smartSeq3_siRNA_knockdown_s4_p100_k10	clr_local_red_smartSeq3_siRNA_knockdown_s4_p100_k10	smartSeq3_siRNA_knockdown	4	100	10	clr	FALSE	1.1875	1.1875	1.1875	1.1875
35.381107491856675	clr_local_full_smartSeq3_siRNA_knockdown_s4_p100_k50	clr_local_red_smartSeq3_siRNA_knockdown_s4_p100_k50	smartSeq3_siRNA_knockdown	4	100	50	clr	FALSE	1.4440000000000168	1.4440000000000168	1.4440000000000168	1.4440000000000168
74.08794788273616	clr_local_full_smartSeq3_siRNA_knockdown_s4_p100_k100	clr_local_red_smartSeq3_siRNA_knockdown_s4_p100_k100	smartSeq3_siRNA_knockdown	4	100	100	clr	FALSE	1.886000000000024	1.886000000000024	1.886000000000024	1.886000000000024
6.021870637505817	clr_local_full_smartSeq3_siRNA_knockdown_s5_p100_k10	clr_local_red_smartSeq3_siRNA_knockdown_s5_p100_k10	smartSeq3_siRNA_knockdown	5	100	10	clr	FALSE	1.384999999999991	1.384999999999991	1.384999999999991	1.384999999999991
35.271754304327594	clr_local_full_smartSeq3_siRNA_knockdown_s5_p100_k50	clr_local_red_smartSeq3_siRNA_knockdown_s5_p100_k50	smartSeq3_siRNA_knockdown	5	100	50	clr	FALSE	1.538499999999999	1.538499999999999	1.538499999999999	1.538499999999999
73.96486738017683	clr_local_full_smartSeq3_siRNA_knockdown_s5_p100_k100	clr_local_red_smartSeq3_siRNA_knockdown_s5_p100_k100	smartSeq3_siRNA_knockdown	5	100	100	clr	FALSE	1.6829999999999927	1.6829999999999927	1.6829999999999927	1.6829999999999927
