dataset	seed	pca_dim	perturbation	n_train	n_test	regression_knn	signature_n_genes	transformation	alpha	pearson	spearman	rmse	slope	sd_ratio
smartSeq3_siRNA_knockdown	1	50	Cdkn2b	548	156	30	50	acosh	TRUE	0.8955344849774097	0.8770937712380079	0.46192989279690505	0.7934382079685778	0.8859940306917311
smartSeq3_siRNA_knockdown	1	50	Fam78b	590	174	30	50	acosh	TRUE	0.918730033311696	0.9308681910077168	0.7959719384454478	0.90883533290423	0.9892300240019382
smartSeq3_siRNA_knockdown	1	50	Gsta4	769	252	30	50	acosh	TRUE	0.9483551304304518	0.9428680909713304	0.4526839641255469	0.8459135387568789	0.8919797147856677
smartSeq3_siRNA_knockdown	1	50	Hoxb	519	144	30	50	acosh	TRUE	0.8527073220072644	0.8386504300297404	0.5649001252087749	0.5803465469221046	0.6805928974035019
smartSeq3_siRNA_knockdown	1	50	Sox9	556	160	30	50	acosh	TRUE	0.8463618827768348	0.8486493613031758	0.5020275287737923	0.646730991708936	0.7641305744855517
smartSeq3_siRNA_knockdown	1	50	Tmc7	566	165	30	50	acosh	TRUE	0.8724279562125248	0.8562551759143004	0.5227430322996794	0.659651972439293	0.756110539262225
smartSeq3_siRNA_knockdown	1	50	Txnrd1	562	162	30	50	acosh	TRUE	0.9656565720993072	0.9462346925670476	0.646510049898245	0.960573543888665	0.9947361946705428
smartSeq3_siRNA_knockdown	1	50	Cdkn2b	548	156	30	50	clr	FALSE	0.8895624020331176	0.8693082138736545	0.4734430201695523	0.7738282055539689	0.869897607841075
smartSeq3_siRNA_knockdown	1	50	Fam78b	590	174	30	50	clr	FALSE	0.9225557169340258	0.931451351120476	0.7887351558496707	0.9205192842128354	0.9977926181759972
smartSeq3_siRNA_knockdown	1	50	Gsta4	769	252	30	50	clr	FALSE	0.948965866235118	0.9430968015759288	0.44798653786417736	0.8501781324917257	0.8958995921156602
smartSeq3_siRNA_knockdown	1	50	Hoxb	519	144	30	50	clr	FALSE	0.8482531684958338	0.8432601880877743	0.5650243563244276	0.5956270127502659	0.702180710749908
smartSeq3_siRNA_knockdown	1	50	Sox9	556	160	30	50	clr	FALSE	0.850444021454355	0.8461443806398686	0.4772622771113561	0.6763735513265169	0.7953181329558197
smartSeq3_siRNA_knockdown	1	50	Tmc7	566	165	30	50	clr	FALSE	0.871380530937229	0.854780541233671	0.5239580543584922	0.6685018226139845	0.7671755322499174
smartSeq3_siRNA_knockdown	1	50	Txnrd1	562	162	30	50	clr	FALSE	0.9664923967644068	0.9496895821248984	0.6384709437168268	0.963446204764871	0.9968481986927852
smartSeq3_siRNA_knockdown	1	50	Cdkn2b	548	156	30	50	logp1	FALSE	0.8890559699309522	0.8725766939040002	0.4746507709848384	0.7776993431682406	0.8747473381553703
smartSeq3_siRNA_knockdown	1	50	Fam78b	590	174	30	50	logp1	FALSE	0.920496427531204	0.9280503431191094	0.7949667355511414	0.917165813883534	0.9963817201804872
smartSeq3_siRNA_knockdown	1	50	Gsta4	769	252	30	50	logp1	FALSE	0.9483108604678676	0.9417275374316776	0.4509991958827293	0.847268277849488	0.8934499362703415
smartSeq3_siRNA_knockdown	1	50	Hoxb	519	144	30	50	logp1	FALSE	0.8458292760863088	0.8406157061329474	0.5702809558007969	0.5869254965801314	0.6939053934097233
smartSeq3_siRNA_knockdown	1	50	Sox9	556	160	30	50	logp1	FALSE	0.8512699059884428	0.8528008906597913	0.4776903113451505	0.6742128485623576	0.7920083205331951
smartSeq3_siRNA_knockdown	1	50	Tmc7	566	165	30	50	logp1	FALSE	0.8713939486874596	0.8525258461785058	0.524196487709026	0.6691959102455343	0.7679602449081876
smartSeq3_siRNA_knockdown	1	50	Txnrd1	562	162	30	50	logp1	FALSE	0.96619209765319	0.9489472324895104	0.6414214106681948	0.96250119109601	0.9961799454102922
smartSeq3_siRNA_knockdown	1	50	Cdkn2b	548	156	30	50	logp1_hvg	FALSE	0.8899436056355967	0.8692323497336851	0.475869601780348	0.765025966916838	0.8596342083613918
smartSeq3_siRNA_knockdown	1	50	Fam78b	590	174	30	50	logp1_hvg	FALSE	0.9151801976858644	0.9189589680799568	0.8325803437037236	0.9118086726414132	0.996315998692961
smartSeq3_siRNA_knockdown	1	50	Gsta4	769	252	30	50	logp1_hvg	FALSE	0.938959453067742	0.9360225201209094	0.4953078442048112	0.8062405876585798	0.8586532517718982
smartSeq3_siRNA_knockdown	1	50	Hoxb	519	144	30	50	logp1_hvg	FALSE	0.8274778466596698	0.7965276103207138	0.590294432141638	0.5832677184629722	0.7048741193706688
smartSeq3_siRNA_knockdown	1	50	Sox9	556	160	30	50	logp1_hvg	FALSE	0.8410695343981002	0.8375454119301534	0.5078027598430284	0.6416001888510592	0.7628384605681999
smartSeq3_siRNA_knockdown	1	50	Tmc7	566	165	30	50	logp1_hvg	FALSE	0.873548864356682	0.8565463628349319	0.5335027709224835	0.6457039957293471	0.7391732987997996
smartSeq3_siRNA_knockdown	1	50	Txnrd1	562	162	30	50	logp1_hvg	FALSE	0.968541271777475	0.9473383378424722	0.6196252575218345	0.9745601357817484	1.0062143598622575
smartSeq3_siRNA_knockdown	1	50	Cdkn2b	548	156	30	50	logp1_hvg_zscore	FALSE	0.8796665639147448	0.8429675522751339	0.4924307314205023	0.778685848995741	0.8852056914956361
smartSeq3_siRNA_knockdown	1	50	Fam78b	590	174	30	50	logp1_hvg_zscore	FALSE	0.9135511066715116	0.9182163501238644	0.8559949107226736	0.9211425188713892	1.0083097838144346
smartSeq3_siRNA_knockdown	1	50	Gsta4	769	252	30	50	logp1_hvg_zscore	FALSE	0.9379370270341032	0.932696093097964	0.5103588734669592	0.8146665091644708	0.8685727140345112
smartSeq3_siRNA_knockdown	1	50	Hoxb	519	144	30	50	logp1_hvg_zscore	FALSE	0.8324804224917546	0.8084197411783619	0.5834718469289655	0.5921190675007854	0.7112708617560913
smartSeq3_siRNA_knockdown	1	50	Sox9	556	160	30	50	logp1_hvg_zscore	FALSE	0.8267772222041628	0.8285772881753193	0.5226217997046206	0.6101281015242285	0.7379594951801471
smartSeq3_siRNA_knockdown	1	50	Tmc7	566	165	30	50	logp1_hvg_zscore	FALSE	0.8601694297740137	0.8367590094301821	0.556091370259441	0.6432701347227897	0.7478411955325955
smartSeq3_siRNA_knockdown	1	50	Txnrd1	562	162	30	50	logp1_hvg_zscore	FALSE	0.9640182529393646	0.9400983119308006	0.6631948186491167	0.9657782241897834	1.001825661749716
smartSeq3_siRNA_knockdown	1	50	Cdkn2b	548	156	30	50	logp1_size_normed	FALSE	0.8936514450383172	0.8823473629308844	0.4671269894769068	0.7885762466060017	0.8824203787553774
smartSeq3_siRNA_knockdown	1	50	Fam78b	590	174	30	50	logp1_size_normed	FALSE	0.920523820396947	0.9288089068595348	0.8326154930504392	0.9467644107279664	1.0285061502479145
smartSeq3_siRNA_knockdown	1	50	Gsta4	769	252	30	50	logp1_size_normed	FALSE	0.9459230900495482	0.937978183257934	0.4616212047684348	0.8387264042929049	0.8866750511915003
smartSeq3_siRNA_knockdown	1	50	Hoxb	519	144	30	50	logp1_size_normed	FALSE	0.82114611533357	0.8196607989711439	0.608153779574673	0.5524336128695613	0.6727592112460392
smartSeq3_siRNA_knockdown	1	50	Sox9	556	160	30	50	logp1_size_normed	FALSE	0.8364459078621722	0.8317766318996835	0.49636054809070135	0.6142337714109865	0.7343377086760747
smartSeq3_siRNA_knockdown	1	50	Tmc7	566	165	30	50	logp1_size_normed	FALSE	0.867182267017551	0.8458793043571182	0.5242792217358149	0.6519427884303696	0.7517944188048932
smartSeq3_siRNA_knockdown	1	50	Txnrd1	562	162	30	50	logp1_size_normed	FALSE	0.966067650906778	0.946260096166738	0.6449902420843937	0.9631106429179468	0.9969391294843012
smartSeq3_siRNA_knockdown	1	50	Cdkn2b	548	156	30	50	logp1_zscore	FALSE	0.8841913113540224	0.8663052583332016	0.5172749678976825	0.7694354007193795	0.8702137092266733
smartSeq3_siRNA_knockdown	1	50	Fam78b	590	174	30	50	logp1_zscore	FALSE	0.922457511207449	0.939533585808252	0.9171374532756986	0.973327138289872	1.0551457671105493
smartSeq3_siRNA_knockdown	1	50	Gsta4	769	252	30	50	logp1_zscore	FALSE	0.9379384973515326	0.9336589272497814	0.5454206609293992	0.8426771238101343	0.8984353730970754
smartSeq3_siRNA_knockdown	1	50	Hoxb	519	144	30	50	logp1_zscore	FALSE	0.7956824570636911	0.7772727272727273	0.6673907825565715	0.6729238846760937	0.8457191417282052
smartSeq3_siRNA_knockdown	1	50	Sox9	556	160	30	50	logp1_zscore	FALSE	0.8029243559766304	0.8026544005625219	0.6189572071670915	0.5719179019051556	0.7122936272240837
smartSeq3_siRNA_knockdown	1	50	Tmc7	566	165	30	50	logp1_zscore	FALSE	0.8453441287674364	0.8356129618251277	0.6905971837461949	0.6541646639237001	0.7738442152280779
smartSeq3_siRNA_knockdown	1	50	Txnrd1	562	162	30	50	logp1_zscore	FALSE	0.9516154638983452	0.925237206112106	0.7896349683589474	0.9351599434016444	0.982707804653269
smartSeq3_siRNA_knockdown	1	50	Cdkn2b	548	156	30	50	logp_alpha	TRUE	0.8897950164520697	0.8701427194133172	0.4767545696029053	0.7782557285413892	0.8746460860666235
smartSeq3_siRNA_knockdown	1	50	Fam78b	590	174	30	50	logp_alpha	TRUE	0.9219514852933858	0.9317953244682368	0.8009948519546107	0.9297821619721476	1.0084935886580515
smartSeq3_siRNA_knockdown	1	50	Gsta4	769	252	30	50	logp_alpha	TRUE	0.9472185550391522	0.9396706417319618	0.4607106205280309	0.8576159593348731	0.9054045180728372
smartSeq3_siRNA_knockdown	1	50	Hoxb	519	144	30	50	logp_alpha	TRUE	0.8413879400992634	0.8310867293625914	0.5737531933793875	0.5913688878486928	0.7028492561694261
smartSeq3_siRNA_knockdown	1	50	Sox9	556	160	30	50	logp_alpha	TRUE	0.8527391417981584	0.846056486581507	0.4827156162728608	0.6692111541544863	0.7847782766759488
smartSeq3_siRNA_knockdown	1	50	Tmc7	566	165	30	50	logp_alpha	TRUE	0.863022142122605	0.8423877327491787	0.5419499905515326	0.6539294279636689	0.7577203365319548
smartSeq3_siRNA_knockdown	1	50	Txnrd1	562	162	30	50	logp_alpha	TRUE	0.966692742442098	0.9493988520395562	0.6361381900198325	0.9617370937655386	0.9948736051705118
smartSeq3_siRNA_knockdown	1	50	Cdkn2b	548	156	30	50	logp_cpm	FALSE	0.874607061246243	0.8601286529373645	0.515622247950886	0.7900235829614016	0.9032897377202554
smartSeq3_siRNA_knockdown	1	50	Fam78b	590	174	30	50	logp_cpm	FALSE	0.9061747514632528	0.9184600928272444	0.8756086927000635	0.8914020244289493	0.9836977061980056
smartSeq3_siRNA_knockdown	1	50	Gsta4	769	252	30	50	logp_cpm	FALSE	0.942837405474942	0.9341051003964568	0.5010930268703622	0.8118424801783329	0.8610630798736486
smartSeq3_siRNA_knockdown	1	50	Hoxb	519	144	30	50	logp_cpm	FALSE	0.7601170007042385	0.7060244353347802	0.6928909851416338	0.5972711571630077	0.7857621347893077
smartSeq3_siRNA_knockdown	1	50	Sox9	556	160	30	50	logp_cpm	FALSE	0.8195567667573502	0.8254013828665182	0.5980772795640114	0.586130181688976	0.7151794792788454
smartSeq3_siRNA_knockdown	1	50	Tmc7	566	165	30	50	logp_cpm	FALSE	0.7994865906600983	0.7999732856036119	0.6498489504178151	0.5836140272851666	0.7299860111516115
smartSeq3_siRNA_knockdown	1	50	Txnrd1	562	162	30	50	logp_cpm	FALSE	0.958059272745352	0.9362284969113456	0.7311382526185309	0.945216441912524	0.9865949516922624
smartSeq3_siRNA_knockdown	1	50	Cdkn2b	548	156	30	50	pearson	TRUE	0.86675674132926706	0.8467923693319213	0.5542469767807238	0.7049599359594353	0.8133307793814234
smartSeq3_siRNA_knockdown	1	50	Fam78b	590	174	30	50	pearson	TRUE	0.925354190014174	0.9451510578319428	0.8719156279840496	0.9594698749312448	1.0368677045883887
smartSeq3_siRNA_knockdown	1	50	Gsta4	769	252	30	50	pearson	TRUE	0.9349575178007292	0.9245479966075844	0.5631144473522532	0.8837860977260015	0.945268721732837
smartSeq3_siRNA_knockdown	1	50	Hoxb	519	144	30	50	pearson	TRUE	0.7817188121046782	0.7168836910216221	0.790922648831174	0.7178411692885572	0.9182856522997844
smartSeq3_siRNA_knockdown	1	50	Sox9	556	160	30	50	pearson	TRUE	0.7905049713274755	0.7955349818352279	0.6027324690831157	0.578856596896891	0.7322618046599138
smartSeq3_siRNA_knockdown	1	50	Tmc7	566	165	30	50	pearson	TRUE	0.8418249363430689	0.8323351053882939	0.697797930196343	0.7023412161195457	0.8343079253158645
smartSeq3_siRNA_knockdown	1	50	Txnrd1	562	162	30	50	pearson	TRUE	0.9457486674311654	0.923046851294384	0.8355372521727764	0.9011466906622522	0.9528395034485636
smartSeq3_siRNA_knockdown	1	50	Cdkn2b	548	156	30	50	pearson_clip	TRUE	0.8650040693350709	0.8419275813563875	0.5559597780119371	0.6977294475908045	0.8066198441437972
smartSeq3_siRNA_knockdown	1	50	Fam78b	590	174	30	50	pearson_clip	TRUE	0.9244804224690882	0.9403627665935818	0.8729821379747641	0.9490429279983246	1.026568983974409
smartSeq3_siRNA_knockdown	1	50	Gsta4	769	252	30	50	pearson_clip	TRUE	0.936085050559024	0.928088886689268	0.5650406572640367	0.8853005424069399	0.945747976509447
smartSeq3_siRNA_knockdown	1	50	Hoxb	519	144	30	50	pearson_clip	TRUE	0.7839920908949454	0.7247287195563058	0.7963949663565281	0.7180907640806214	0.9159413371898996
smartSeq3_siRNA_knockdown	1	50	Sox9	556	160	30	50	pearson_clip	TRUE	0.7928835115249985	0.7990917613969295	0.58851499888769	0.5919864835192516	0.7466247877707158
smartSeq3_siRNA_knockdown	1	50	Tmc7	566	165	30	50	pearson_clip	TRUE	0.8416103569756048	0.8293324072342587	0.6866071074085701	0.6982305619903899	0.829636370564091
smartSeq3_siRNA_knockdown	1	50	Txnrd1	562	162	30	50	pearson_clip	TRUE	0.9460170778479996	0.9252033346458528	0.8345120765198363	0.8998605119751288	0.9512095849497062
smartSeq3_siRNA_knockdown	1	50	Cdkn2b	548	156	30	50	pearson_clip_hvg	TRUE	0.8081534482640372	0.7704762055285991	0.6945053028275582	0.5861245262535573	0.7252639056513196
smartSeq3_siRNA_knockdown	1	50	Fam78b	590	174	30	50	pearson_clip_hvg	TRUE	0.9199934234537576	0.9320048976337596	0.8037792609301669	0.8953452045725891	0.9732082662193
smartSeq3_siRNA_knockdown	1	50	Gsta4	769	252	30	50	pearson_clip_hvg	TRUE	0.8953994501441757	0.8708909890271402	0.727687458238919	0.8157580566884014	0.9110549001979508
smartSeq3_siRNA_knockdown	1	50	Hoxb	519	144	30	50	pearson_clip_hvg	TRUE	0.6501984647076159	0.5827626396591914	0.9916459151731744	0.5155458393090954	0.7929053470480406
smartSeq3_siRNA_knockdown	1	50	Sox9	556	160	30	50	pearson_clip_hvg	TRUE	0.7330207413433345	0.7310793390366811	0.6571704593544688	0.5042380083205299	0.6878905055216619
smartSeq3_siRNA_knockdown	1	50	Tmc7	566	165	30	50	pearson_clip_hvg	TRUE	0.8000562410625285	0.7736008334891674	0.7465880688153862	0.6117322648489512	0.764611577851739
smartSeq3_siRNA_knockdown	1	50	Txnrd1	562	162	30	50	pearson_clip_hvg	TRUE	0.9486814039673556	0.9202185838622222	0.8425000510833989	0.8299263830667396	0.8748209668662359
smartSeq3_siRNA_knockdown	1	50	Cdkn2b	548	156	30	50	pearson_clip_hvg_zscore	TRUE	0.8356368553267288	0.7973637211360655	0.6269376834153637	0.6793671276277659	0.8129932557392268
smartSeq3_siRNA_knockdown	1	50	Fam78b	590	174	30	50	pearson_clip_hvg_zscore	TRUE	0.929851866513606	0.9360277912241236	0.7928704544633719	0.9178029986454662	0.9870421641316736
smartSeq3_siRNA_knockdown	1	50	Gsta4	769	252	30	50	pearson_clip_hvg_zscore	TRUE	0.923840867868249	0.909840779925658	0.6345421581757772	0.8383791473560523	0.9074930288487908
smartSeq3_siRNA_knockdown	1	50	Hoxb	519	144	30	50	pearson_clip_hvg_zscore	TRUE	0.7303230634649701	0.6995780081986978	0.8637573006470898	0.619829310686012	0.8487056505449413
smartSeq3_siRNA_knockdown	1	50	Sox9	556	160	30	50	pearson_clip_hvg_zscore	TRUE	0.6966096816291335	0.6933464197820227	0.7066003417916681	0.4537448845360286	0.6513617259451134
smartSeq3_siRNA_knockdown	1	50	Tmc7	566	165	30	50	pearson_clip_hvg_zscore	TRUE	0.8086295727289408	0.7999064996126414	0.7108886423822425	0.6525610333143202	0.8069962505972608
smartSeq3_siRNA_knockdown	1	50	Txnrd1	562	162	30	50	pearson_clip_hvg_zscore	TRUE	0.9356873313970108	0.9096647995020894	0.9492568651380726	0.8269683471282414	0.883808425506362
smartSeq3_siRNA_knockdown	1	50	Cdkn2b	548	156	30	50	pearson_clip_zscore	TRUE	0.8750289140731707	0.862078993535743	0.5301690524192453	0.7515346609538289	0.8588683743666391
smartSeq3_siRNA_knockdown	1	50	Fam78b	590	174	30	50	pearson_clip_zscore	TRUE	0.9244019756408688	0.9358273299353626	0.857954534336137	0.9493647818004006	1.027004276080464
smartSeq3_siRNA_knockdown	1	50	Gsta4	769	252	30	50	pearson_clip_zscore	TRUE	0.9365811187312328	0.930956392761347	0.5425532130369007	0.8936204893951195	0.954130370048126
smartSeq3_siRNA_knockdown	1	50	Hoxb	519	144	30	50	pearson_clip_zscore	TRUE	0.7973237351592871	0.7647255043806768	0.7372651760496969	0.7497389815803579	0.9403194066843832
smartSeq3_siRNA_knockdown	1	50	Sox9	556	160	30	50	pearson_clip_zscore	TRUE	0.779016582055999	0.7803088011250439	0.6158267373980549	0.5872582636516119	0.7538456525555669
smartSeq3_siRNA_knockdown	1	50	Tmc7	566	165	30	50	pearson_clip_zscore	TRUE	0.8467264216873568	0.8430983356931051	0.6747664037311392	0.724749801730047	0.855943293095502
smartSeq3_siRNA_knockdown	1	50	Txnrd1	562	162	30	50	pearson_clip_zscore	TRUE	0.9453671617514222	0.921090774118248	0.8642640129207729	0.9210834049738736	0.9743128831209252
smartSeq3_siRNA_knockdown	1	50	Cdkn2b	548	156	30	50	scgpt	FALSE	0.8664060478812662	0.8516318692607987	0.5443945056312773	0.785050561614531	0.9061000480482748
smartSeq3_siRNA_knockdown	1	50	Fam78b	590	174	30	50	scgpt	FALSE	0.9036359624737984	0.9147196674164982	0.9028134408713562	0.8875724475635339	0.9822234665536232
smartSeq3_siRNA_knockdown	1	50	Gsta4	769	252	30	50	scgpt	FALSE	0.9433505066876502	0.9313328279203908	0.5069321126004954	0.8045566049097366	0.8528713338319445
smartSeq3_siRNA_knockdown	1	50	Hoxb	519	144	30	50	scgpt	FALSE	0.7420736575190068	0.687557270315891	0.7299074208762942	0.6139281059058371	0.8273142425758627
smartSeq3_siRNA_knockdown	1	50	Sox9	556	160	30	50	scgpt	FALSE	0.8228702332492515	0.8324827141685222	0.6168201049545776	0.5868782718079723	0.7132087759336945
smartSeq3_siRNA_knockdown	1	50	Tmc7	566	165	30	50	scgpt	FALSE	0.7971421556829789	0.7914887933107153	0.6549068236380543	0.5538114437359789	0.6947461500909853
smartSeq3_siRNA_knockdown	1	50	Txnrd1	562	162	30	50	scgpt	FALSE	0.9556515212631728	0.9291747640640678	0.7470651526037623	0.9408472301944574	0.9845086930336838
smartSeq3_siRNA_knockdown	2	50	Cdkn2b	548	156	30	50	acosh	TRUE	0.8565223342419104	0.8274217255930836	0.48773612679497025	0.7449805736966187	0.8697736695400771
smartSeq3_siRNA_knockdown	2	50	Fam78b	590	174	30	50	acosh	TRUE	0.9390927812893752	0.9265286596998775	0.6556203712057922	0.9219540525334615	0.9817496959859683
smartSeq3_siRNA_knockdown	2	50	Gsta4	769	252	30	50	acosh	TRUE	0.9377379627416486	0.9358433009914043	0.4792108360691213	0.8331257149442262	0.8884419187940626
smartSeq3_siRNA_knockdown	2	50	Hoxb	519	144	30	50	acosh	TRUE	0.7700774264615828	0.7893296358813601	0.6478611365335565	0.5347536919384848	0.6944154880576314
smartSeq3_siRNA_knockdown	2	50	Sox9	556	160	30	50	acosh	TRUE	0.8463123897646622	0.830039259346068	0.5943429410388462	0.6148074988853096	0.7264545649110387
smartSeq3_siRNA_knockdown	2	50	Tmc7	566	165	30	50	acosh	TRUE	0.873611883959089	0.861077124462373	0.5494010822874846	0.6099749904608397	0.6982219469090976
smartSeq3_siRNA_knockdown	2	50	Txnrd1	562	162	30	50	acosh	TRUE	0.9742856784768954	0.9308316432882985	0.5972221539989242	0.9981009800667145	1.0244438588351719
smartSeq3_siRNA_knockdown	2	50	Cdkn2b	548	156	30	50	clr	FALSE	0.8661367048887582	0.8404292645919931	0.46957664045707403	0.7495627891053418	0.8654093342015933
smartSeq3_siRNA_knockdown	2	50	Fam78b	590	174	30	50	clr	FALSE	0.9369895639647252	0.9266790056664483	0.6798030046632232	0.9365786572224465	0.9995614607055597
smartSeq3_siRNA_knockdown	2	50	Gsta4	769	252	30	50	clr	FALSE	0.9403658216012142	0.9388997745138401	0.4752248662563782	0.840211075531683	0.8934938470020185
smartSeq3_siRNA_knockdown	2	50	Hoxb	519	144	30	50	clr	FALSE	0.7713008023889834	0.7741499879430914	0.6651339627756523	0.5048915011384689	0.6545974016552906
smartSeq3_siRNA_knockdown	2	50	Sox9	556	160	30	50	clr	FALSE	0.8509948419489298	0.8464813078635883	0.578111441226383	0.6291462541594933	0.7393067773696913
smartSeq3_siRNA_knockdown	2	50	Tmc7	566	165	30	50	clr	FALSE	0.8724735389481498	0.8605107792589428	0.5423559448930576	0.6202396336646682	0.7108979309704068
smartSeq3_siRNA_knockdown	2	50	Txnrd1	562	162	30	50	clr	FALSE	0.9745775372445841	0.9371768979664419	0.5901660812236214	0.9980707112334294	1.0241060080814786
smartSeq3_siRNA_knockdown	2	50	Cdkn2b	548	156	30	50	logp1	FALSE	0.8677027556535606	0.839003650961736	0.46743531219416945	0.7530090409477538	0.8678191189799574
smartSeq3_siRNA_knockdown	2	50	Fam78b	590	174	30	50	logp1	FALSE	0.9365746927750938	0.9264557646857827	0.6812999775533579	0.9353292227327308	0.9986701861026457
smartSeq3_siRNA_knockdown	2	50	Gsta4	769	252	30	50	logp1	FALSE	0.9395912386288947	0.9375350095945975	0.4793910670045666	0.838408229980945	0.8923116728976715
smartSeq3_siRNA_knockdown	2	50	Hoxb	519	144	30	50	logp1	FALSE	0.7724554024532418	0.7776907001044933	0.6615258971772234	0.508330805497257	0.6580713965917625
smartSeq3_siRNA_knockdown	2	50	Sox9	556	160	30	50	logp1	FALSE	0.8469719693318022	0.8421334817766317	0.5829578891206509	0.6270155330046263	0.7403025787255914
smartSeq3_siRNA_knockdown	2	50	Tmc7	566	165	30	50	logp1	FALSE	0.8698291624614006	0.8576042529319052	0.5479739267398246	0.6183657609503923	0.7109048392911667
smartSeq3_siRNA_knockdown	2	50	Txnrd1	562	162	30	50	logp1	FALSE	0.9741703115243394	0.9340353194714357	0.5948395677067886	0.9971829659511393	1.0236228246278523
smartSeq3_siRNA_knockdown	2	50	Cdkn2b	548	156	30	50	logp1_hvg	FALSE	0.8679585959829147	0.8370596323750217	0.47926576265299775	0.7575731154545307	0.872821720944674
smartSeq3_siRNA_knockdown	2	50	Fam78b	590	174	30	50	logp1_hvg	FALSE	0.9281292132372749	0.9145488197272131	0.7345673941651607	0.9287648705764576	1.000684880219388
smartSeq3_siRNA_knockdown	2	50	Gsta4	769	252	30	50	logp1_hvg	FALSE	0.9359140871650115	0.9297670976174355	0.498865387282986	0.8421059268066704	0.8997684064757505
smartSeq3_siRNA_knockdown	2	50	Hoxb	519	144	30	50	logp1_hvg	FALSE	0.7918097214987823	0.8026243871071457	0.6464597018539775	0.491512238396673	0.6207453950758662
smartSeq3_siRNA_knockdown	2	50	Sox9	556	160	30	50	logp1_hvg	FALSE	0.8324364869908246	0.8254922067268251	0.5999128177108815	0.6079533934233085	0.7303300647248174
smartSeq3_siRNA_knockdown	2	50	Tmc7	566	165	30	50	logp1_hvg	FALSE	0.8819989960729043	0.8655411000988434	0.5571587931957124	0.625285355278719	0.7089411190520606
smartSeq3_siRNA_knockdown	2	50	Txnrd1	562	162	30	50	logp1_hvg	FALSE	0.9751689211703214	0.9376144044055487	0.5725315083331632	1.0056450071876524	1.0312521096147687
smartSeq3_siRNA_knockdown	2	50	Cdkn2b	548	156	30	50	logp1_hvg_zscore	FALSE	0.8715224756378807	0.8411404909042056	0.4630929109742448	0.7447867883605126	0.8545812749297058
smartSeq3_siRNA_knockdown	2	50	Fam78b	590	174	30	50	logp1_hvg_zscore	FALSE	0.9370557702315774	0.9203508072553319	0.687977958707876	0.9387898659604536	1.0018505789985663
smartSeq3_siRNA_knockdown	2	50	Gsta4	769	252	30	50	logp1_hvg_zscore	FALSE	0.9336964924964481	0.9279794055473946	0.518822514376296	0.8272511752567157	0.8859958047447224
smartSeq3_siRNA_knockdown	2	50	Hoxb	519	144	30	50	logp1_hvg_zscore	FALSE	0.7784958016164361	0.8012418615866892	0.6510164085324659	0.5000940137446043	0.6423849848724039
smartSeq3_siRNA_knockdown	2	50	Sox9	556	160	30	50	logp1_hvg_zscore	FALSE	0.8330418841271722	0.8197029180827375	0.5947231934488727	0.6003122483697739	0.7206267293495776
smartSeq3_siRNA_knockdown	2	50	Tmc7	566	165	30	50	logp1_hvg_zscore	FALSE	0.8698747153242676	0.8596826329709082	0.5600080647607485	0.5933706012498531	0.6821334047267472
smartSeq3_siRNA_knockdown	2	50	Txnrd1	562	162	30	50	logp1_hvg_zscore	FALSE	0.9726137659068134	0.9308542242658007	0.6129864624383785	0.9998876337198962	1.028041827875687
smartSeq3_siRNA_knockdown	2	50	Cdkn2b	548	156	30	50	logp1_size_normed	FALSE	0.8677064460722702	0.8398855715888796	0.47630632934862616	0.7819594278934091	0.9011796920871107
smartSeq3_siRNA_knockdown	2	50	Fam78b	590	174	30	50	logp1_size_normed	FALSE	0.9344527085583517	0.9230889262222729	0.7239082071739364	0.9555876021414509	1.0226174030954494
smartSeq3_siRNA_knockdown	2	50	Gsta4	769	252	30	50	logp1_size_normed	FALSE	0.9377709957072772	0.9360600136626467	0.49596096091661945	0.8205218801847389	0.8749704180879374
smartSeq3_siRNA_knockdown	2	50	Hoxb	519	144	30	50	logp1_size_normed	FALSE	0.7820496313757276	0.7799975886182783	0.6531384615750357	0.5176418803389474	0.6619041293176601
smartSeq3_siRNA_knockdown	2	50	Sox9	556	160	30	50	logp1_size_normed	FALSE	0.8542858330799551	0.8482157506152583	0.5828896143616252	0.6073233919860974	0.710913570691575
smartSeq3_siRNA_knockdown	2	50	Tmc7	566	165	30	50	logp1_size_normed	FALSE	0.8687527334629184	0.8496620628856892	0.5598557783051975	0.5954637326844491	0.685423722709778
smartSeq3_siRNA_knockdown	2	50	Txnrd1	562	162	30	50	logp1_size_normed	FALSE	0.9749669231641644	0.9334849081448174	0.5798828451571354	0.9934847137298483	1.0189932500536385
smartSeq3_siRNA_knockdown	2	50	Cdkn2b	548	156	30	50	logp1_zscore	FALSE	0.8328704680464054	0.7886203790045991	0.5714461097943392	0.733866756544105	0.8811295209751824
smartSeq3_siRNA_knockdown	2	50	Fam78b	590	174	30	50	logp1_zscore	FALSE	0.9345749260778334	0.9188063441441954	0.8615538756056049	1.012692525941891	1.0835862355005568
smartSeq3_siRNA_knockdown	2	50	Gsta4	769	252	30	50	logp1_zscore	FALSE	0.9218836530934843	0.9237028921768228	0.5694477596390676	0.7701644976097322	0.8354248337361856
smartSeq3_siRNA_knockdown	2	50	Hoxb	519	144	30	50	logp1_zscore	FALSE	0.7211722329555257	0.7231733783457921	0.7360729735530513	0.6991033311960819	0.969398569785473
smartSeq3_siRNA_knockdown	2	50	Sox9	556	160	30	50	logp1_zscore	FALSE	0.8332537804461233	0.8214315012305167	0.6698103962787346	0.5634239483425814	0.6761732878558613
smartSeq3_siRNA_knockdown	2	50	Tmc7	566	165	30	50	logp1_zscore	FALSE	0.8346694390081452	0.8099243982582216	0.683021769557101	0.5727291628565654	0.6861748329220623
smartSeq3_siRNA_knockdown	2	50	Txnrd1	562	162	30	50	logp1_zscore	FALSE	0.9670556918460623	0.9172632984316099	0.7159839309098114	0.9739889996558636	1.007169502096168
smartSeq3_siRNA_knockdown	2	50	Cdkn2b	548	156	30	50	logp_alpha	TRUE	0.8656601697606418	0.8333517725340202	0.4791416336355315	0.7482594752558431	0.8643801590903043
smartSeq3_siRNA_knockdown	2	50	Fam78b	590	174	30	50	logp_alpha	TRUE	0.9348789284638473	0.9232916654802243	0.696199267311121	0.9376523347558453	1.002966594077112
smartSeq3_siRNA_knockdown	2	50	Gsta4	769	252	30	50	logp_alpha	TRUE	0.9392341631916702	0.9357968089996499	0.4818328842450378	0.8402915093709558	0.8946560317988301
smartSeq3_siRNA_knockdown	2	50	Hoxb	519	144	30	50	logp_alpha	TRUE	0.7856832738564316	0.7952777107949522	0.6540574093674779	0.50788708297188	0.646427256213535
smartSeq3_siRNA_knockdown	2	50	Sox9	556	160	30	50	logp_alpha	TRUE	0.8519274904677401	0.8454002109457399	0.5826787672465096	0.6435481001998175	0.7554024343626762
smartSeq3_siRNA_knockdown	2	50	Tmc7	566	165	30	50	logp_alpha	TRUE	0.8655387007813944	0.851385141452729	0.5584221931449964	0.6188702747533995	0.7150116733020644
smartSeq3_siRNA_knockdown	2	50	Txnrd1	562	162	30	50	logp_alpha	TRUE	0.9732761120867056	0.9320961780284267	0.5996678254659634	0.9946236580873882	1.021933699733895
smartSeq3_siRNA_knockdown	2	50	Cdkn2b	548	156	30	50	logp_cpm	FALSE	0.821540536010858	0.7796494444532249	0.5496304186511498	0.7003643755715621	0.8525013007542043
smartSeq3_siRNA_knockdown	2	50	Fam78b	590	174	30	50	logp_cpm	FALSE	0.9350096273071503	0.911961046726843	0.6759944906657388	0.9095849758141927	0.9728081393491311
smartSeq3_siRNA_knockdown	2	50	Gsta4	769	252	30	50	logp_cpm	FALSE	0.9169561243849768	0.9136958658871012	0.5683699277179457	0.7564718814196049	0.8249815463384219
smartSeq3_siRNA_knockdown	2	50	Hoxb	519	144	30	50	logp_cpm	FALSE	0.6969567679310849	0.6913551965276103	0.7139913405136074	0.5554958288671081	0.7970305396647445
smartSeq3_siRNA_knockdown	2	50	Sox9	556	160	30	50	logp_cpm	FALSE	0.8122427036293695	0.793454822454002	0.6743252737324202	0.5013383222587494	0.6172272401076718
smartSeq3_siRNA_knockdown	2	50	Tmc7	566	165	30	50	logp_cpm	FALSE	0.8594250774270421	0.8459220473913394	0.5808465706311385	0.5914998766305166	0.6882506598496717
smartSeq3_siRNA_knockdown	2	50	Txnrd1	562	162	30	50	logp_cpm	FALSE	0.9702290952560492	0.9289461316668572	0.6596977325390673	0.9723199365926065	1.0021549975637511
smartSeq3_siRNA_knockdown	2	50	Cdkn2b	548	156	30	50	pearson	TRUE	0.8247245868671655	0.7846501556795371	0.5625628340158322	0.7001240187779569	0.8489185722441943
smartSeq3_siRNA_knockdown	2	50	Fam78b	590	174	30	50	pearson	TRUE	0.9308527937044178	0.9169566331615365	0.7811143324044061	0.9720420829541809	1.0442489827911958
smartSeq3_siRNA_knockdown	2	50	Gsta4	769	252	30	50	pearson	TRUE	0.903156262767442	0.900348165028574	0.6388889402805522	0.7956712208031056	0.8809895403537554
smartSeq3_siRNA_knockdown	2	50	Hoxb	519	144	30	50	pearson	TRUE	0.7955077339194352	0.780258821638132	0.6929043791524359	0.7672622032838952	0.9644937070613064
smartSeq3_siRNA_knockdown	2	50	Sox9	556	160	30	50	pearson	TRUE	0.8154337457797233	0.7992118832766903	0.7131070747081071	0.5972559269159946	0.7324395513517713
smartSeq3_siRNA_knockdown	2	50	Tmc7	566	165	30	50	pearson	TRUE	0.8374141722805293	0.8241578286538618	0.7220803267368048	0.607253413320374	0.7251530167762044
smartSeq3_siRNA_knockdown	2	50	Txnrd1	562	162	30	50	pearson	TRUE	0.9597066287113071	0.9074349279737384	0.7811056970019592	0.9452143126740068	0.9848992227377222
smartSeq3_siRNA_knockdown	2	50	Cdkn2b	548	156	30	50	pearson_clip	TRUE	0.8275713433520365	0.7940509870240711	0.5673573353375071	0.7060885167244614	0.8532056147141169
smartSeq3_siRNA_knockdown	2	50	Fam78b	590	174	30	50	pearson_clip	TRUE	0.9313904446839548	0.9174167829380108	0.7794438539092376	0.9709969286588517	1.0425240394089896
smartSeq3_siRNA_knockdown	2	50	Gsta4	769	252	30	50	pearson_clip	TRUE	0.9067184765722008	0.9059444510683037	0.6367115885035012	0.7944149885108737	0.8761429363545284
smartSeq3_siRNA_knockdown	2	50	Hoxb	519	144	30	50	pearson_clip	TRUE	0.7876966044989678	0.7741741017603085	0.7086341774700462	0.764190911650129	0.97015895115634
smartSeq3_siRNA_knockdown	2	50	Sox9	556	160	30	50	pearson_clip	TRUE	0.8275545108105381	0.8133364584554083	0.7136968305470401	0.6173100357127127	0.7459448624213234
smartSeq3_siRNA_knockdown	2	50	Tmc7	566	165	30	50	pearson_clip	TRUE	0.8326943990119003	0.8140491010605617	0.7269616101539075	0.5983087115519813	0.7185213594110296
smartSeq3_siRNA_knockdown	2	50	Txnrd1	562	162	30	50	pearson_clip	TRUE	0.9599932805391744	0.904733678540027	0.7815880201344101	0.948656537421048	0.9881908099275871
smartSeq3_siRNA_knockdown	2	50	Cdkn2b	548	156	30	50	pearson_clip_hvg	TRUE	0.8031741283351592	0.7808759147160625	0.73414444682601	0.6627737412032392	0.8251930905407204
smartSeq3_siRNA_knockdown	2	50	Fam78b	590	174	30	50	pearson_clip_hvg	TRUE	0.9013584644383252	0.8853293089210967	0.8406049919101483	0.8889825131215139	0.9862696676127362
smartSeq3_siRNA_knockdown	2	50	Gsta4	769	252	30	50	pearson_clip_hvg	TRUE	0.8682808357521086	0.8615356004928152	0.780244382685831	0.7564648603094374	0.8712214172666646
smartSeq3_siRNA_knockdown	2	50	Hoxb	519	144	30	50	pearson_clip_hvg	TRUE	0.74992676251324	0.7335463387187525	0.8012610273623764	0.68108057195616	0.9081961146094393
smartSeq3_siRNA_knockdown	2	50	Sox9	556	160	30	50	pearson_clip_hvg	TRUE	0.7387908339373604	0.7051007851869212	0.8344154953905759	0.4744476661301911	0.6421948464109096
smartSeq3_siRNA_knockdown	2	50	Tmc7	566	165	30	50	pearson_clip_hvg	TRUE	0.8164431337237307	0.8029225549648707	0.7676956420066194	0.5737328365249675	0.7027223487179304
smartSeq3_siRNA_knockdown	2	50	Txnrd1	562	162	30	50	pearson_clip_hvg	TRUE	0.9488588248471358	0.9021171077719491	0.8764636053645213	0.8471027450271998	0.8927595157937964
smartSeq3_siRNA_knockdown	2	50	Cdkn2b	548	156	30	50	pearson_clip_hvg_zscore	TRUE	0.8184738121218849	0.7831012628218298	0.6542794879277132	0.6797160457288274	0.8304676773550899
smartSeq3_siRNA_knockdown	2	50	Fam78b	590	174	30	50	pearson_clip_hvg_zscore	TRUE	0.9072976682751533	0.8953592072667216	0.8408656801258853	0.8975874682021355	0.9892976688769873
smartSeq3_siRNA_knockdown	2	50	Gsta4	769	252	30	50	pearson_clip_hvg_zscore	TRUE	0.8913202089749793	0.8892920694410389	0.7000627003668738	0.7664677288753121	0.8599241004046693
smartSeq3_siRNA_knockdown	2	50	Hoxb	519	144	30	50	pearson_clip_hvg_zscore	TRUE	0.7768124755060603	0.7616590306245479	0.6873879279093397	0.6619493767101478	0.8521353577372921
smartSeq3_siRNA_knockdown	2	50	Sox9	556	160	30	50	pearson_clip_hvg_zscore	TRUE	0.7738705947424719	0.7451570373842727	0.8143073404402553	0.5078135001235585	0.6561995036037622
smartSeq3_siRNA_knockdown	2	50	Tmc7	566	165	30	50	pearson_clip_hvg_zscore	TRUE	0.8263306456135884	0.7994977693479017	0.7429008867659147	0.5786279766442772	0.7002378281815018
smartSeq3_siRNA_knockdown	2	50	Txnrd1	562	162	30	50	pearson_clip_hvg_zscore	TRUE	0.9475133420011396	0.8939004545833034	0.8972827507539929	0.8647404382934772	0.9126419649850559
smartSeq3_siRNA_knockdown	2	50	Cdkn2b	548	156	30	50	pearson_clip_zscore	TRUE	0.8174073133726888	0.7807463134769482	0.5579423418231786	0.7137475067404327	0.8731846352040245
smartSeq3_siRNA_knockdown	2	50	Fam78b	590	174	30	50	pearson_clip_zscore	TRUE	0.9271175932647345	0.9141319513653577	0.7896347076582962	0.966490103269489	1.0424676549024479
smartSeq3_siRNA_knockdown	2	50	Gsta4	769	252	30	50	pearson_clip_zscore	TRUE	0.9147778108835464	0.9167568386345453	0.5839527393739392	0.7974996275781285	0.8717959903376484
smartSeq3_siRNA_knockdown	2	50	Hoxb	519	144	30	50	pearson_clip_zscore	TRUE	0.763606693481782	0.7522787557270315	0.7258307020843002	0.744210965864273	0.9745998459899942
smartSeq3_siRNA_knockdown	2	50	Sox9	556	160	30	50	pearson_clip_zscore	TRUE	0.8264190351284744	0.818205789288644	0.6782653149734047	0.615369774752366	0.7446219757712879
smartSeq3_siRNA_knockdown	2	50	Tmc7	566	165	30	50	pearson_clip_zscore	TRUE	0.8328007708290223	0.8042529319050038	0.7147207264288603	0.5735966014020307	0.6887560884832469
smartSeq3_siRNA_knockdown	2	50	Txnrd1	562	162	30	50	pearson_clip_zscore	TRUE	0.9619001947745011	0.909935771232117	0.7960809611080241	0.9698092775516458	1.0082223528180068
smartSeq3_siRNA_knockdown	2	50	Cdkn2b	548	156	30	50	scgpt	FALSE	0.8169763146622869	0.7719271072055127	0.5708142110224897	0.6984998019600505	0.854981704394685
smartSeq3_siRNA_knockdown	2	50	Fam78b	590	174	30	50	scgpt	FALSE	0.9361480940265416	0.9123004641362226	0.6793807005154551	0.9107273317194672	0.9728453623211096
smartSeq3_siRNA_knockdown	2	50	Gsta4	769	252	30	50	scgpt	FALSE	0.9124464279729231	0.9077808847426033	0.5777023049906931	0.7535254698067996	0.825829820475948
smartSeq3_siRNA_knockdown	2	50	Hoxb	519	144	30	50	scgpt	FALSE	0.6468892727245886	0.6321758701069047	0.7716795175605757	0.5231332449077033	0.8086905548833025
smartSeq3_siRNA_knockdown	2	50	Sox9	556	160	30	50	scgpt	FALSE	0.8193825822560823	0.7947497949138638	0.6817121805431459	0.5095230774669198	0.6218378184998787
smartSeq3_siRNA_knockdown	2	50	Tmc7	566	165	30	50	scgpt	FALSE	0.8758097491473795	0.8614618117703632	0.5736657387186237	0.5906795087368593	0.6744381520209143
smartSeq3_siRNA_knockdown	2	50	Txnrd1	562	162	30	50	scgpt	FALSE	0.9669157403683157	0.9207379463447748	0.6969575770947803	0.971817930144723	1.0050699244740182
smartSeq3_siRNA_knockdown	3	50	Cdkn2b	548	156	30	50	acosh	TRUE	0.8539226849261689	0.855848651040761	0.5331523963084812	0.7459910654663687	0.8736049277469055
smartSeq3_siRNA_knockdown	3	50	Fam78b	590	174	30	50	acosh	TRUE	0.9071174558761019	0.9105418719211823	0.7977865176033079	0.9148321880705037	1.0085046673332405
smartSeq3_siRNA_knockdown	3	50	Gsta4	769	252	30	50	acosh	TRUE	0.90655759744834	0.9132646901571206	0.5067553307845107	0.785919244182285	0.8669269844457616
smartSeq3_siRNA_knockdown	3	50	Hoxb	519	144	30	50	acosh	TRUE	0.8188897063264219	0.8154529378667309	0.5683754006820935	0.6033493929480535	0.7367895679806593
smartSeq3_siRNA_knockdown	3	50	Sox9	556	160	30	50	acosh	TRUE	0.8762855618135921	0.8640366811203561	0.5226965914315109	0.6796593168786002	0.7756139624986552
smartSeq3_siRNA_knockdown	3	50	Tmc7	566	165	30	50	acosh	TRUE	0.870707587488167	0.8620655571287369	0.5005337227629252	0.6161759460949104	0.7076726503239344
smartSeq3_siRNA_knockdown	3	50	Txnrd1	562	162	30	50	acosh	TRUE	0.972944029631085	0.9471887388665197	0.5814860925284825	0.9685395929938957	0.9954730832370088
smartSeq3_siRNA_knockdown	3	50	Cdkn2b	548	156	30	50	clr	FALSE	0.8533175125184683	0.8468081743610816	0.5296937005972417	0.73422639788103	0.8604375125433035
smartSeq3_siRNA_knockdown	3	50	Fam78b	590	174	30	50	clr	FALSE	0.9098265129451845	0.915011247472878	0.8031784102294005	0.9401290161091609	1.0333058036151141
smartSeq3_siRNA_knockdown	3	50	Gsta4	769	252	30	50	clr	FALSE	0.9138352715010178	0.9238326198312341	0.4938983647273259	0.7969669859277124	0.8721123059943353
smartSeq3_siRNA_knockdown	3	50	Hoxb	519	144	30	50	clr	FALSE	0.8393938143328152	0.8305361305361306	0.5447692023226246	0.6032280255792709	0.7186472133568699
smartSeq3_siRNA_knockdown	3	50	Sox9	556	160	30	50	clr	FALSE	0.8785759413724877	0.8648540958631196	0.5069380389332159	0.682910691572954	0.7772927295347162
smartSeq3_siRNA_knockdown	3	50	Tmc7	566	165	30	50	clr	FALSE	0.8723850798889121	0.8615633264766385	0.4954145985743306	0.6228546415145644	0.7139675538626555
smartSeq3_siRNA_knockdown	3	50	Txnrd1	562	162	30	50	clr	FALSE	0.9730519542674327	0.9458931552823258	0.5835549721295348	0.9816409547775092	1.0088268673346865
smartSeq3_siRNA_knockdown	3	50	Cdkn2b	548	156	30	50	logp1	FALSE	0.8539939972651783	0.8490777765484977	0.5295198376278832	0.7375821748055985	0.863685432412434
smartSeq3_siRNA_knockdown	3	50	Fam78b	590	174	30	50	logp1	FALSE	0.9084598173830547	0.9138289814630257	0.806862413755253	0.9369197783045128	1.0313277047337555
smartSeq3_siRNA_knockdown	3	50	Gsta4	769	252	30	50	logp1	FALSE	0.9127590722682001	0.9238228715103826	0.49664611759988087	0.7969736760656237	0.8731479097601842
smartSeq3_siRNA_knockdown	3	50	Hoxb	519	144	30	50	logp1	FALSE	0.8398124034210471	0.8352463628325697	0.5420981706394731	0.612406317589673	0.7292179957035455
smartSeq3_siRNA_knockdown	3	50	Sox9	556	160	30	50	logp1	FALSE	0.8763247471335188	0.8589681237548341	0.5120173271630801	0.6788113178708195	0.7746116038503182
smartSeq3_siRNA_knockdown	3	50	Tmc7	566	165	30	50	logp1	FALSE	0.871896545147866	0.8641813373226833	0.49460513972333364	0.6245672834370914	0.7163318709230236
smartSeq3_siRNA_knockdown	3	50	Txnrd1	562	162	30	50	logp1	FALSE	0.9720840530608182	0.9456560550185518	0.5936985400141689	0.9804657089945279	1.00862235719979
smartSeq3_siRNA_knockdown	3	50	Cdkn2b	548	156	30	50	logp1_hvg	FALSE	0.8494827407902558	0.8448388677277109	0.5518120725379757	0.7523693631258506	0.8856793987667573
smartSeq3_siRNA_knockdown	3	50	Fam78b	590	174	30	50	logp1_hvg	FALSE	0.9025962673652391	0.9068766194937213	0.8304560769126632	0.9286934711429995	1.028913485155372
smartSeq3_siRNA_knockdown	3	50	Gsta4	769	252	30	50	logp1_hvg	FALSE	0.9108548427305295	0.9203892129580681	0.5273468389149177	0.8006032525195603	0.8789581116125362
smartSeq3_siRNA_knockdown	3	50	Hoxb	519	144	30	50	logp1_hvg	FALSE	0.8326349473927065	0.8157664174905555	0.5571714719509262	0.5871425999783909	0.705162090321762
smartSeq3_siRNA_knockdown	3	50	Sox9	556	160	30	50	logp1_hvg	FALSE	0.8657310285155876	0.8510254306808859	0.5468761800891234	0.6698044913040496	0.7736865946141721
smartSeq3_siRNA_knockdown	3	50	Tmc7	566	165	30	50	logp1_hvg	FALSE	0.8540990100554737	0.84069404001816606	0.5515271937426407	0.5836481012085928	0.6833494645669762
smartSeq3_siRNA_knockdown	3	50	Txnrd1	562	162	30	50	logp1_hvg	FALSE	0.9716021667028394	0.9436802194871012	0.6027129074016806	0.990445309504538	1.019393887176727
smartSeq3_siRNA_knockdown	3	50	Cdkn2b	548	156	30	50	logp1_hvg_zscore	FALSE	0.8613707395412669	0.8376349354364557	0.5373974642480926	0.766546803784861	0.8899150721013522
smartSeq3_siRNA_knockdown	3	50	Fam78b	590	174	30	50	logp1_hvg_zscore	FALSE	0.9039923182567016	0.9041863378797801	0.8307264987367955	0.933771196304127	1.032941516698784
smartSeq3_siRNA_knockdown	3	50	Gsta4	769	252	30	50	logp1_hvg_zscore	FALSE	0.9014118942369025	0.9093106212454907	0.5418059531437818	0.8008709655064964	0.8884628332805385
smartSeq3_siRNA_knockdown	3	50	Hoxb	519	144	30	50	logp1_hvg_zscore	FALSE	0.7947901875933835	0.7675548589341693	0.5950903619242706	0.6003785282463805	0.7553924766790597
smartSeq3_siRNA_knockdown	3	50	Sox9	556	160	30	50	logp1_hvg_zscore	FALSE	0.8665533174523705	0.8522383686862767	0.541160483316001	0.6669820280023979	0.7696953142632893
smartSeq3_siRNA_knockdown	3	50	Tmc7	566	165	30	50	logp1_hvg_zscore	FALSE	0.8543375421290791	0.8520209440867685	0.53016451774766	0.6106553978681304	0.7147706471453037
smartSeq3_siRNA_knockdown	3	50	Txnrd1	562	162	30	50	logp1_hvg_zscore	FALSE	0.9697744872287596	0.9386700651037807	0.6252843054656103	0.9906246464147987	1.021500007950942
smartSeq3_siRNA_knockdown	3	50	Cdkn2b	548	156	30	50	logp1_size_normed	FALSE	0.8509788852721557	0.8467639202794328	0.5436338871031444	0.7675519117604541	0.9019635211218899
smartSeq3_siRNA_knockdown	3	50	Fam78b	590	174	30	50	logp1_size_normed	FALSE	0.9057684780018448	0.9064597511318659	0.8546088415512982	0.9511528828615763	1.050105966328008
smartSeq3_siRNA_knockdown	3	50	Gsta4	769	252	30	50	logp1_size_normed	FALSE	0.9136045491849281	0.9232462208384606	0.5050680018550365	0.7905946776960773	0.8653576412260702
smartSeq3_siRNA_knockdown	3	50	Hoxb	519	144	30	50	logp1_size_normed	FALSE	0.8281783560971593	0.8132666184390323	0.560871685747648	0.587439322957611	0.7093149907055704
smartSeq3_siRNA_knockdown	3	50	Sox9	556	160	30	50	logp1_size_normed	FALSE	0.8637294456939293	0.8403316535802179	0.5353870390060942	0.6494962720929602	0.7519672686059095
smartSeq3_siRNA_knockdown	3	50	Tmc7	566	165	30	50	logp1_size_normed	FALSE	0.8597826577060719	0.8485026580824409	0.5188546699432042	0.6103919125855611	0.7099374558380912
smartSeq3_siRNA_knockdown	3	50	Txnrd1	562	162	30	50	logp1_size_normed	FALSE	0.9724219409486741	0.9448600755615959	0.5902047920260142	0.975892888959951	1.0035693847136884
smartSeq3_siRNA_knockdown	3	50	Cdkn2b	548	156	30	50	logp1_zscore	FALSE	0.8347781189042764	0.8434859572315909	0.6113209318822911	0.7430761459000559	0.8901480873449494
smartSeq3_siRNA_knockdown	3	50	Fam78b	590	174	30	50	logp1_zscore	FALSE	0.9138272100711486	0.921738090492326	0.8765343891138242	0.9729083741286271	1.0646524456772068
smartSeq3_siRNA_knockdown	3	50	Gsta4	769	252	30	50	logp1_zscore	FALSE	0.8953635732095399	0.9038163176392867	0.5763971857192445	0.7516705464310582	0.8395143257130767
smartSeq3_siRNA_knockdown	3	50	Hoxb	519	144	30	50	logp1_zscore	FALSE	0.7623376817591069	0.7490595611285266	0.7290223192167851	0.7575606790837521	0.9937337445207596
smartSeq3_siRNA_knockdown	3	50	Sox9	556	160	30	50	logp1_zscore	FALSE	0.833584577328697	0.816193015352162	0.6293745648543448	0.6150835706045357	0.7378778198795747
smartSeq3_siRNA_knockdown	3	50	Tmc7	566	165	30	50	logp1_zscore	FALSE	0.8339640092306617	0.8286592044452757	0.6516568095158446	0.5966596197513097	0.7154500831537478
smartSeq3_siRNA_knockdown	3	50	Txnrd1	562	162	30	50	logp1_zscore	FALSE	0.9643958709680475	0.9302078437847976	0.6850373160041828	0.93583668000774	0.9703864441770783
smartSeq3_siRNA_knockdown	3	50	Cdkn2b	548	156	30	50	logp_alpha	TRUE	0.8507969093517507	0.8415419386448767	0.5373011084626048	0.7398682865189105	0.8696179762602099
smartSeq3_siRNA_knockdown	3	50	Fam78b	590	174	30	50	logp_alpha	TRUE	0.9141391954154912	0.9221777385460862	0.7943257984605383	0.9506225642445534	1.0399100804473003
smartSeq3_siRNA_knockdown	3	50	Gsta4	769	252	30	50	logp_alpha	TRUE	0.9071168377355863	0.9174707156692261	0.5147399619335906	0.8052564564436864	0.8877097447048035
smartSeq3_siRNA_knockdown	3	50	Hoxb	519	144	30	50	logp_alpha	TRUE	0.8402515708938396	0.8339964633068081	0.542558675963091	0.6093858892412839	0.7252421897801795
smartSeq3_siRNA_knockdown	3	50	Sox9	556	160	30	50	logp_alpha	TRUE	0.8761772919894604	0.8621996953005975	0.516727791776724	0.6806988320884017	0.7768962267246133
smartSeq3_siRNA_knockdown	3	50	Tmc7	566	165	30	50	logp_alpha	TRUE	0.8659716655337197	0.8562525044746616	0.5072735165977557	0.6196306902110579	0.715532291497279
smartSeq3_siRNA_knockdown	3	50	Txnrd1	562	162	30	50	logp_alpha	TRUE	0.9733512394439184	0.9454528262210311	0.5775652207857191	0.9765380372600068	1.0032740471136694
smartSeq3_siRNA_knockdown	3	50	Cdkn2b	548	156	30	50	logp_cpm	FALSE	0.8325326555433937	0.841949708397212	0.585829690851114	0.73720577515922	0.8854977282279056
smartSeq3_siRNA_knockdown	3	50	Fam78b	590	174	30	50	logp_cpm	FALSE	0.8923393287755935	0.8971793046499046	0.8533365791562082	0.8709491584745584	0.9760291073011585
smartSeq3_siRNA_knockdown	3	50	Gsta4	769	252	30	50	logp_cpm	FALSE	0.8947413655254051	0.9081663183516641	0.5318442682269047	0.7197034596815913	0.804370388373595
smartSeq3_siRNA_knockdown	3	50	Hoxb	519	144	30	50	logp_cpm	FALSE	0.7250360664578356	0.7338477614339683	0.7265914824257027	0.6250289058731604	0.8620659506315871
smartSeq3_siRNA_knockdown	3	50	Sox9	556	160	30	50	logp_cpm	FALSE	0.8311221647588916	0.8103861478964021	0.631187920378428	0.5721682309382075	0.6884285550298047
smartSeq3_siRNA_knockdown	3	50	Tmc7	566	165	30	50	logp_cpm	FALSE	0.8435975590117126	0.8221542489247456	0.5747988647718074	0.5746972124210241	0.6812457033354752
smartSeq3_siRNA_knockdown	3	50	Txnrd1	562	162	30	50	logp_cpm	FALSE	0.9659354509658067	0.9296546098359916	0.662332478513657	0.9321115503974536	0.9649832703266723
smartSeq3_siRNA_knockdown	3	50	Cdkn2b	548	156	30	50	pearson	TRUE	0.8166356960631496	0.81389262063188506	0.6389191591087067	0.7371072894363927	0.9026145844344684
smartSeq3_siRNA_knockdown	3	50	Fam78b	590	174	30	50	pearson	TRUE	0.9055598514631125	0.9189316324496711	0.8736407169020594	0.9643393633567703	1.0649095825070958
smartSeq3_siRNA_knockdown	3	50	Gsta4	769	252	30	50	pearson	TRUE	0.8790744405317171	0.8911712457529193	0.6155706503073132	0.7804139660674397	0.887767781753953
smartSeq3_siRNA_knockdown	3	50	Hoxb	519	144	30	50	pearson	TRUE	0.7933406353660591	0.7703279479141548	0.79914946911702045	0.8176253043423107	1.0306106455331723
smartSeq3_siRNA_knockdown	3	50	Sox9	556	160	30	50	pearson	TRUE	0.8230421444433393	0.8146079924997068	0.6338389032531481	0.5858347952118694	0.7117919770780342
smartSeq3_siRNA_knockdown	3	50	Tmc7	566	165	30	50	pearson	TRUE	0.8414217477208695	0.8337509683968692	0.6641650463567305	0.5980005332117119	0.7107024923369226
smartSeq3_siRNA_knockdown	3	50	Txnrd1	562	162	30	50	pearson	TRUE	0.9540027696561834	0.9221915967714848	0.7620717086765029	0.9133535359100056	0.9573908640109843
smartSeq3_siRNA_knockdown	3	50	Cdkn2b	548	156	30	50	pearson_clip	TRUE	0.8146765379983416	0.8086579949740007	0.6413046120626453	0.7151144549382543	0.8777894312450549
smartSeq3_siRNA_knockdown	3	50	Fam78b	590	174	30	50	pearson_clip	TRUE	0.907500734499698	0.922840627580512	0.8676224808725297	0.9629665363033509	1.0611192913625913
smartSeq3_siRNA_knockdown	3	50	Gsta4	769	252	30	50	pearson_clip	TRUE	0.880487625873101	0.8913414664324072	0.6183404650348799	0.7806454892993329	0.8866058606164232
smartSeq3_siRNA_knockdown	3	50	Hoxb	519	144	30	50	pearson_clip	TRUE	0.8009900143803266	0.77351499075637	0.7892706509349211	0.8154730607951518	1.0180814319215086
smartSeq3_siRNA_knockdown	3	50	Sox9	556	160	30	50	pearson_clip	TRUE	0.8376555625308711	0.8330686745575998	0.6137927861419115	0.6143280947705574	0.7333898588513426
smartSeq3_siRNA_knockdown	3	50	Tmc7	566	165	30	50	pearson_clip	TRUE	0.8398784109373685	0.8389308898565438	0.6759045938197596	0.5879019556065045	0.6999846024740185
smartSeq3_siRNA_knockdown	3	50	Txnrd1	562	162	30	50	pearson_clip	TRUE	0.9530845894575664	0.9194056686721397	0.7677070565359048	0.9073371630878971	0.952000665129099
smartSeq3_siRNA_knockdown	3	50	Cdkn2b	548	156	30	50	pearson_clip_hvg	TRUE	0.7838788421079977	0.80170694314931	0.7661062540200928	0.660045521281927	0.8420249225083564
smartSeq3_siRNA_knockdown	3	50	Fam78b	590	174	30	50	pearson_clip_hvg	TRUE	0.9218590323932744	0.9212916085309947	0.7587581851343062	0.894663701569664	0.9704994691509308
smartSeq3_siRNA_knockdown	3	50	Gsta4	769	252	30	50	pearson_clip_hvg	TRUE	0.8105157159995469	0.8109703103640399	0.8071029356542204	0.6768680945532374	0.8351079210333476
smartSeq3_siRNA_knockdown	3	50	Hoxb	519	144	30	50	pearson_clip_hvg	TRUE	0.726408528681355	0.7069407603890363	0.91701751600643	0.6335619056522693	0.8721840130406651
smartSeq3_siRNA_knockdown	3	50	Sox9	556	160	30	50	pearson_clip_hvg	TRUE	0.8012786955617232	0.7819231219969529	0.6775136824627748	0.5336293416864397	0.6659722074756368
smartSeq3_siRNA_knockdown	3	50	Tmc7	566	165	30	50	pearson_clip_hvg	TRUE	0.7967992264239412	0.7809232495391768	0.7531742494061714	0.5219174269454461	0.6550174870121637
smartSeq3_siRNA_knockdown	3	50	Txnrd1	562	162	30	50	pearson_clip_hvg	TRUE	0.9464828114105643	0.917565319005703	0.8448557664334504	0.8365474076433167	0.8838484941914495
smartSeq3_siRNA_knockdown	3	50	Cdkn2b	548	156	30	50	pearson_clip_hvg_zscore	TRUE	0.7916651253975429	0.7967283589638221	0.7220308042294078	0.7030597031184913	0.8880771434328913
smartSeq3_siRNA_knockdown	3	50	Fam78b	590	174	30	50	pearson_clip_hvg_zscore	TRUE	0.9331416947984436	0.9353444004669837	0.7143818793375645	0.9376616293500707	1.0048437815787485
smartSeq3_siRNA_knockdown	3	50	Gsta4	769	252	30	50	pearson_clip_hvg_zscore	TRUE	0.8485799770460705	0.8571811005554295	0.7460208180531468	0.7137524558853874	0.8411139494122616
smartSeq3_siRNA_knockdown	3	50	Hoxb	519	144	30	50	pearson_clip_hvg_zscore	TRUE	0.786153285873025	0.7624065589582831	0.8016273156244705	0.7039433602502247	0.8954276130366792
smartSeq3_siRNA_knockdown	3	50	Sox9	556	160	30	50	pearson_clip_hvg_zscore	TRUE	0.7713004234187102	0.7392652056720965	0.7417902055743905	0.5318640860523747	0.6895679943943781
smartSeq3_siRNA_knockdown	3	50	Tmc7	566	165	30	50	pearson_clip_hvg_zscore	TRUE	0.8330977931077059	0.815494349905164	0.7066700614492399	0.5854231714385572	0.7027064244819952
smartSeq3_siRNA_knockdown	3	50	Txnrd1	562	162	30	50	pearson_clip_hvg_zscore	TRUE	0.9521813131888696	0.9212403730942008	0.8027073352937323	0.8627724517947705	0.9061010123222573
smartSeq3_siRNA_knockdown	3	50	Cdkn2b	548	156	30	50	pearson_clip_zscore	TRUE	0.8051013536158299	0.793033143146149	0.6333772239802833	0.7126436386476103	0.8851601546153437
smartSeq3_siRNA_knockdown	3	50	Fam78b	590	174	30	50	pearson_clip_zscore	TRUE	0.9124260104909654	0.9219112161508015	0.8107975322281461	0.9482805023261974	1.0392957800665275
smartSeq3_siRNA_knockdown	3	50	Gsta4	769	252	30	50	pearson_clip_zscore	TRUE	0.9008474055331083	0.9098977701090988	0.5521501073252486	0.7972731234824633	0.8850257197673213
smartSeq3_siRNA_knockdown	3	50	Hoxb	519	144	30	50	pearson_clip_zscore	TRUE	0.7862831039869191	0.7591753074511695	0.7939374827830074	0.8310561070605021	1.0569425984693779
smartSeq3_siRNA_knockdown	3	50	Sox9	556	160	30	50	pearson_clip_zscore	TRUE	0.8273625017866882	0.8136851048869096	0.6412770479678523	0.6365177811175547	0.7693336110145131
smartSeq3_siRNA_knockdown	3	50	Tmc7	566	165	30	50	pearson_clip_zscore	TRUE	0.849364817778996	0.8410279699730187	0.660750989772187	0.6270059954479436	0.7382057536683723
smartSeq3_siRNA_knockdown	3	50	Txnrd1	562	162	30	50	pearson_clip_zscore	TRUE	0.9567063191596754	0.9214915864689137	0.7623790727125607	0.9173138259608377	0.9588248844917863
smartSeq3_siRNA_knockdown	3	50	Cdkn2b	548	156	30	50	scgpt	FALSE	0.8309383553212487	0.8299378862354001	0.6022370809598011	0.7375222991889105	0.8875776337268452
smartSeq3_siRNA_knockdown	3	50	Fam78b	590	174	30	50	scgpt	FALSE	0.8916126290558997	0.9013274865457443	0.8627585628411267	0.8698812942053117	0.9756269324341017
smartSeq3_siRNA_knockdown	3	50	Gsta4	769	252	30	50	scgpt	FALSE	0.9001098697181804	0.9075649219421956	0.5314619937416721	0.7252747072017135	0.8057624203462983
smartSeq3_siRNA_knockdown	3	50	Hoxb	519	144	30	50	scgpt	FALSE	0.709668021540207	0.7193031106824211	0.7536176106266126	0.6216655478638695	0.8759948722427366
smartSeq3_siRNA_knockdown	3	50	Sox9	556	160	30	50	scgpt	FALSE	0.8343761637720569	0.8146138521035977	0.6415790778866999	0.5640596911127139	0.6760256531810622
smartSeq3_siRNA_knockdown	3	50	Tmc7	566	165	30	50	scgpt	FALSE	0.8411777158639561	0.830884513664414	0.5792807014115569	0.5831808465231009	0.6932908891007982
smartSeq3_siRNA_knockdown	3	50	Txnrd1	562	162	30	50	scgpt	FALSE	0.9629006053457739	0.9230299155612572	0.6884093116609106	0.9200254967461692	0.9554729653698696
smartSeq3_siRNA_knockdown	4	50	Cdkn2b	548	156	30	50	acosh	TRUE	0.8912224970175296	0.8881636136618671	0.4683958817135558	0.7661844822254326	0.8597005627544906
smartSeq3_siRNA_knockdown	4	50	Fam78b	590	174	30	50	acosh	TRUE	0.921353800909906	0.9089222358267605	0.7863550773226502	0.8737086671389105	0.9482879066391836
smartSeq3_siRNA_knockdown	4	50	Gsta4	769	252	30	50	acosh	TRUE	0.9487332088685525	0.9422067048950821	0.4209114763872452	0.8053612655529164	0.8488806526688149
smartSeq3_siRNA_knockdown	4	50	Hoxb	519	144	30	50	acosh	TRUE	0.80056924437522	0.7637890844787396	0.6865404635487048	0.5164282647081015	0.6450763232993441
smartSeq3_siRNA_knockdown	4	50	Sox9	556	160	30	50	acosh	TRUE	0.8362433652410075	0.8423327083089182	0.5360153712104917	0.6134336380687909	0.7335587504386331
smartSeq3_siRNA_knockdown	4	50	Tmc7	566	165	30	50	acosh	TRUE	0.8656640211956655	0.8411508561964044	0.5336601171791414	0.6451970001966498	0.7453203372198564
smartSeq3_siRNA_knockdown	4	50	Txnrd1	562	162	30	50	acosh	TRUE	0.9664687624011016	0.9284916894946237	0.6348578851296566	0.9349341062574773	0.9673712618861275
smartSeq3_siRNA_knockdown	4	50	Cdkn2b	548	156	30	50	clr	FALSE	0.896180711968018	0.8908062145374658	0.45502892440216325	0.7881295164954997	0.8794314650722204
smartSeq3_siRNA_knockdown	4	50	Fam78b	590	174	30	50	clr	FALSE	0.9246424418997958	0.913537401406646	0.7862246341479858	0.9009905018583824	0.9744204473322492
smartSeq3_siRNA_knockdown	4	50	Gsta4	769	252	30	50	clr	FALSE	0.9454619183364315	0.9393294505021511	0.4292017597013092	0.7974756467534416	0.8434772795044175
smartSeq3_siRNA_knockdown	4	50	Hoxb	519	144	30	50	clr	FALSE	0.8254059233061297	0.809183345390242	0.667494562583846	0.5303911840221652	0.642582236262256
smartSeq3_siRNA_knockdown	4	50	Sox9	556	160	30	50	clr	FALSE	0.8399020328344811	0.844216570959803	0.5163932216916025	0.6333179173521891	0.7540378432171229
smartSeq3_siRNA_knockdown	4	50	Tmc7	566	165	30	50	clr	FALSE	0.8765640929461788	0.8527395613496115	0.5220721823301238	0.6500608194179903	0.7416010131479391
smartSeq3_siRNA_knockdown	4	50	Txnrd1	562	162	30	50	clr	FALSE	0.9679497851425944	0.9295191239709778	0.6241064550313139	0.9431700303068918	0.9743997517060742
smartSeq3_siRNA_knockdown	4	50	Cdkn2b	548	156	30	50	logp1	FALSE	0.8957509018321332	0.8907271893916643	0.4566939627197825	0.7934847494296566	0.8858319291743879
smartSeq3_siRNA_knockdown	4	50	Fam78b	590	174	30	50	logp1	FALSE	0.9226557626280553	0.9111683134485606	0.795550895511388	0.8992593569986511	0.9746423242805493
smartSeq3_siRNA_knockdown	4	50	Gsta4	769	252	30	50	logp1	FALSE	0.9437426726675113	0.9377232271741194	0.4344098859495767	0.7971565703849639	0.8446757717670869
smartSeq3_siRNA_knockdown	4	50	Hoxb	519	144	30	50	logp1	FALSE	0.8225089713305972	0.8064464271360823	0.6667893624134281	0.5331552387447087	0.6482059859872501
smartSeq3_siRNA_knockdown	4	50	Sox9	556	160	30	50	logp1	FALSE	0.8379431661915113	0.8414772061408647	0.5201358107348267	0.6301853089113778	0.7520621139206822
smartSeq3_siRNA_knockdown	4	50	Tmc7	566	165	30	50	logp1	FALSE	0.8734994303193074	0.8521812304650977	0.5273590710863396	0.6436765934041264	0.7368941192884704
smartSeq3_siRNA_knockdown	4	50	Txnrd1	562	162	30	50	logp1	FALSE	0.9674038459141463	0.92877677433559	0.6284430062265874	0.942700434127589	0.9744642199936536
smartSeq3_siRNA_knockdown	4	50	Cdkn2b	548	156	30	50	logp1_hvg	FALSE	0.9003350316265036	0.8915206018555103	0.46004502329587466	0.7981441747533456	0.886496855855376
smartSeq3_siRNA_knockdown	4	50	Fam78b	590	174	30	50	logp1_hvg	FALSE	0.92098019249451	0.909940488054899	0.8096132931855177	0.8965557056828687	0.973479899990588
smartSeq3_siRNA_knockdown	4	50	Gsta4	769	252	30	50	logp1_hvg	FALSE	0.938812285736892	0.9301840258015559	0.45787079730887276	0.7976039916962055	0.8495883616075072
smartSeq3_siRNA_knockdown	4	50	Hoxb	519	144	30	50	logp1_hvg	FALSE	0.8142839707397379	0.8039426091150229	0.665295009476143	0.5357266276339124	0.6579113023030898
smartSeq3_siRNA_knockdown	4	50	Sox9	556	160	30	50	logp1_hvg	FALSE	0.8516478835619753	0.8482333294269306	0.5371297075714568	0.6232750110087717	0.7318458990374692
smartSeq3_siRNA_knockdown	4	50	Tmc7	566	165	30	50	logp1_hvg	FALSE	0.8543474104182206	0.8248337028824836	0.5776976267668167	0.6178174715719885	0.723145483954302
smartSeq3_siRNA_knockdown	4	50	Txnrd1	562	162	30	50	logp1_hvg	FALSE	0.9718479572572121	0.936304707710416	0.5794545722580102	0.959840772221055	0.9876449963736668
smartSeq3_siRNA_knockdown	4	50	Cdkn2b	548	156	30	50	logp1_hvg_zscore	FALSE	0.8860586445141052	0.8760316732784371	0.49656831571441723	0.7883233736151026	0.8896966115006997
smartSeq3_siRNA_knockdown	4	50	Fam78b	590	174	30	50	logp1_hvg_zscore	FALSE	0.913602377576179	0.9026031492924058	0.8562638414363376	0.8917548422038384	0.9760863851621058
smartSeq3_siRNA_knockdown	4	50	Gsta4	769	252	30	50	logp1_hvg_zscore	FALSE	0.9409165783086388	0.9335884393913151	0.45970103157928194	0.7909520849048344	0.8406187149201089
smartSeq3_siRNA_knockdown	4	50	Hoxb	519	144	30	50	logp1_hvg_zscore	FALSE	0.7898031862112482	0.7634715858853789	0.6944494611052429	0.5199264355062164	0.6582987313590704
smartSeq3_siRNA_knockdown	4	50	Sox9	556	160	30	50	logp1_hvg_zscore	FALSE	0.847895585604607	0.8423092698933551	0.5424615979106361	0.6057904482563067	0.7144635006258904
smartSeq3_siRNA_knockdown	4	50	Tmc7	566	165	30	50	logp1_hvg_zscore	FALSE	0.8575685655967735	0.8334036812438225	0.5678677084159462	0.6146125847258253	0.7166920633315456
smartSeq3_siRNA_knockdown	4	50	Txnrd1	562	162	30	50	logp1_hvg_zscore	FALSE	0.9642388598348738	0.9207774630554038	0.6576567048446472	0.9538092745211016	0.9891836081823566
smartSeq3_siRNA_knockdown	4	50	Cdkn2b	548	156	30	50	logp1_size_normed	FALSE	0.894917667593121	0.891217145295633	0.4706866454758067	0.7988590562800391	0.892662068487896
smartSeq3_siRNA_knockdown	4	50	Fam78b	590	174	30	50	logp1_size_normed	FALSE	0.9207748319914831	0.9119929382955096	0.831888887230018	0.9128851356663631	0.9914314596240037
smartSeq3_siRNA_knockdown	4	50	Gsta4	769	252	30	50	logp1_size_normed	FALSE	0.9425880799623876	0.9342258296008513	0.442301290224852	0.7943044512508435	0.84268459164319
smartSeq3_siRNA_knockdown	4	50	Hoxb	519	144	30	50	logp1_size_normed	FALSE	0.8113787887687309	0.785174021380918	0.6970281487295145	0.5024715628531516	0.6192811172888227
smartSeq3_siRNA_knockdown	4	50	Sox9	556	160	30	50	logp1_size_normed	FALSE	0.8324681446330369	0.8345189265205671	0.5449309028404634	0.6009143409377101	0.7218466494025444
smartSeq3_siRNA_knockdown	4	50	Tmc7	566	165	30	50	logp1_size_normed	FALSE	0.8675410065027009	0.8508909251195471	0.5477285346066069	0.6254411409438738	0.7209355364828242
smartSeq3_siRNA_knockdown	4	50	Txnrd1	562	162	30	50	logp1_size_normed	FALSE	0.9665883081950024	0.9240658179041747	0.6373720900669855	0.9400516710013299	0.9725460809232973
smartSeq3_siRNA_knockdown	4	50	Cdkn2b	548	156	30	50	logp1_zscore	FALSE	0.8460411306368899	0.8188490777765484	0.6114853648698554	0.7776784969305022	0.9191970328263763
smartSeq3_siRNA_knockdown	4	50	Fam78b	590	174	30	50	logp1_zscore	FALSE	0.9281291126943473	0.9244283721062673	0.8209197530911199	0.9145158150915135	0.9853325389575219
smartSeq3_siRNA_knockdown	4	50	Gsta4	769	252	30	50	logp1_zscore	FALSE	0.910317758113838	0.9144142421467903	0.5578801975606593	0.7388199625422356	0.8116066680639701
smartSeq3_siRNA_knockdown	4	50	Hoxb	519	144	30	50	logp1_zscore	FALSE	0.7586919176255068	0.7241660638212363	0.7236872863486039	0.640490023066843	0.8442030397152471
smartSeq3_siRNA_knockdown	4	50	Sox9	556	160	30	50	logp1_zscore	FALSE	0.7960014615399186	0.7899712879409351	0.6246286008084204	0.5396029759915162	0.6778919412379194
smartSeq3_siRNA_knockdown	4	50	Tmc7	566	165	30	50	logp1_zscore	FALSE	0.835338202306084	0.8081478908984052	0.6703141191384745	0.6100681863638031	0.7303247770539083
smartSeq3_siRNA_knockdown	4	50	Txnrd1	562	162	30	50	logp1_zscore	FALSE	0.9505903089982346	0.9107091697115703	0.8060003001394646	0.8863449802386152	0.9324153337652653
smartSeq3_siRNA_knockdown	4	50	Cdkn2b	548	156	30	50	logp_alpha	TRUE	0.8895572182603128	0.8851827851622386	0.47679644338852817	0.7853035828586932	0.8828027773126201
smartSeq3_siRNA_knockdown	4	50	Fam78b	590	174	30	50	logp_alpha	TRUE	0.9229995843480517	0.9160773370540164	0.805441482972034	0.9141820201046649	0.9904468383378355
smartSeq3_siRNA_knockdown	4	50	Gsta4	769	252	30	50	logp_alpha	TRUE	0.9405546294088556	0.930932396894635	0.4507162629385555	0.8058774215335313	0.85681086067274
smartSeq3_siRNA_knockdown	4	50	Hoxb	519	144	30	50	logp_alpha	TRUE	0.8338782556362575	0.8085724620207378	0.6527839495160873	0.5362338981414352	0.6430601763710496
smartSeq3_siRNA_knockdown	4	50	Sox9	556	160	30	50	logp_alpha	TRUE	0.8456602998763887	0.8469471463729051	0.5287946274328329	0.6331402242387512	0.7486933279607648
smartSeq3_siRNA_knockdown	4	50	Tmc7	566	165	30	50	logp_alpha	TRUE	0.8680887548091218	0.8491892180696179	0.5345755046893673	0.6391235851619561	0.7362422121255202
smartSeq3_siRNA_knockdown	4	50	Txnrd1	562	162	30	50	logp_alpha	TRUE	0.9668329362901558	0.9266033552509946	0.6344762479034012	0.9459042548539888	0.9783533631813659
smartSeq3_siRNA_knockdown	4	50	Cdkn2b	548	156	30	50	logp_cpm	FALSE	0.8463834101788885	0.8536643960108105	0.5790165931932401	0.7029163428328583	0.8304939987945799
smartSeq3_siRNA_knockdown	4	50	Fam78b	590	174	30	50	logp_cpm	FALSE	0.9160923905755133	0.9073800506848145	0.8121099184709427	0.8447804357525875	0.9221563724832099
smartSeq3_siRNA_knockdown	4	50	Gsta4	769	252	30	50	logp_cpm	FALSE	0.9286607202202405	0.9237418854602296	0.5008082706182222	0.7380086660350293	0.7947021446756177
smartSeq3_siRNA_knockdown	4	50	Hoxb	519	144	30	50	logp_cpm	FALSE	0.6574320078238299	0.6322240977413391	0.8377547940874274	0.5281118221917789	0.8032949657256346
smartSeq3_siRNA_knockdown	4	50	Sox9	556	160	30	50	logp_cpm	FALSE	0.8159687529622883	0.8119272237196764	0.6185144396268862	0.5196475993579038	0.6368474251880091
smartSeq3_siRNA_knockdown	4	50	Tmc7	566	165	30	50	logp_cpm	FALSE	0.8430021174238892	0.8311356289904631	0.5855273869677784	0.6052174647983435	0.7179311324244522
smartSeq3_siRNA_knockdown	4	50	Txnrd1	562	162	30	50	logp_cpm	FALSE	0.9575123295699253	0.9105511028690544	0.7311164915937307	0.9014365427355041	0.9414359636918638
smartSeq3_siRNA_knockdown	4	50	Cdkn2b	548	156	30	50	pearson	TRUE	0.8386646056040351	0.8113891040128968	0.6136240231457682	0.7471663869361824	0.8909001070792143
smartSeq3_siRNA_knockdown	4	50	Fam78b	590	174	30	50	pearson	TRUE	0.9286204512381022	0.921273384777471	0.7868295746403128	0.9270019107820144	0.9982570484486643
smartSeq3_siRNA_knockdown	4	50	Gsta4	769	252	30	50	pearson	TRUE	0.9054244547014004	0.9030619475795295	0.5984395965592487	0.7734714643767086	0.8542639425746362
smartSeq3_siRNA_knockdown	4	50	Hoxb	519	144	30	50	pearson	TRUE	0.8029059853342998	0.7587171449240414	0.6985507013914191	0.6784686567021014	0.8450163146057665
smartSeq3_siRNA_knockdown	4	50	Sox9	556	160	30	50	pearson	TRUE	0.7684136637542622	0.7565217391304346	0.6953778359075403	0.5489292707044975	0.7143668789315604
smartSeq3_siRNA_knockdown	4	50	Tmc7	566	165	30	50	pearson	TRUE	0.816260977108862	0.7933908583335562	0.7219665448151772	0.6113990130116498	0.7490239398399048
smartSeq3_siRNA_knockdown	4	50	Txnrd1	562	162	30	50	pearson	TRUE	0.9353788632615068	0.8990319817206988	0.9092380234915826	0.8571940377230873	0.9164137350016637
smartSeq3_siRNA_knockdown	4	50	Cdkn2b	548	156	30	50	pearson_clip	TRUE	0.8318298605696293	0.7974490682935309	0.6226650611780344	0.7320208808271824	0.8800127472292244
smartSeq3_siRNA_knockdown	4	50	Fam78b	590	174	30	50	pearson_clip	TRUE	0.9285151066992637	0.9203485292861414	0.7900003249503719	0.923411761089202	0.994503755972045
smartSeq3_siRNA_knockdown	4	50	Gsta4	769	252	30	50	pearson_clip	TRUE	0.90797483786708	0.9051878313960422	0.5935004829061793	0.775701665354262	0.8543206628682126
smartSeq3_siRNA_knockdown	4	50	Hoxb	519	144	30	50	pearson_clip	TRUE	0.8178416465989264	0.7725062294027811	0.6872512101162844	0.6988842440508398	0.8545471448625991
smartSeq3_siRNA_knockdown	4	50	Sox9	556	160	30	50	pearson_clip	TRUE	0.7926137882680018	0.7830335169342552	0.6617811566852568	0.5943146526929043	0.7498161923117496
smartSeq3_siRNA_knockdown	4	50	Tmc7	566	165	30	50	pearson_clip	TRUE	0.8102370306438972	0.7879250928325277	0.7473034394167896	0.6025657993499167	0.743690767714056
smartSeq3_siRNA_knockdown	4	50	Txnrd1	562	162	30	50	pearson_clip	TRUE	0.9333120389587614	0.8953230561659475	0.9249445980595726	0.8524396447655705	0.9133490292449076
smartSeq3_siRNA_knockdown	4	50	Cdkn2b	548	156	30	50	pearson_clip_hvg	TRUE	0.831241291408787	0.8043432220132446	0.6881894175769746	0.6760732835782515	0.8133297642522584
smartSeq3_siRNA_knockdown	4	50	Fam78b	590	174	30	50	pearson_clip_hvg	TRUE	0.9247411287279276	0.9154987328796379	0.769657277269695	0.8608019667689689	0.9308572313130337
smartSeq3_siRNA_knockdown	4	50	Gsta4	769	252	30	50	pearson_clip_hvg	TRUE	0.8676507806394179	0.845588847321049	0.7319351181180572	0.6913695461277166	0.7968292791924987
smartSeq3_siRNA_knockdown	4	50	Hoxb	519	144	30	50	pearson_clip_hvg	TRUE	0.7662084347298508	0.7568844948155293	0.8052409448932109	0.5867523822883932	0.7657869003951513
smartSeq3_siRNA_knockdown	4	50	Sox9	556	160	30	50	pearson_clip_hvg	TRUE	0.7340918296550176	0.7012598148365169	0.7905281249232315	0.46646034424083604	0.6354250590965526
smartSeq3_siRNA_knockdown	4	50	Tmc7	566	165	30	50	pearson_clip_hvg	TRUE	0.7477467770217513	0.7084043491037322	0.835277110189626	0.553053224593106	0.7396263569278054
smartSeq3_siRNA_knockdown	4	50	Txnrd1	562	162	30	50	pearson_clip_hvg	TRUE	0.9332803910052998	0.9047421464065902	0.9476159942691957	0.7988099319801283	0.8559163351966247
smartSeq3_siRNA_knockdown	4	50	Cdkn2b	548	156	30	50	pearson_clip_hvg_zscore	TRUE	0.8166627840696844	0.7695911238956236	0.6916820403854644	0.7062910425360922	0.8648502862055554
smartSeq3_siRNA_knockdown	4	50	Fam78b	590	174	30	50	pearson_clip_hvg_zscore	TRUE	0.9324016374702255	0.9149406304279735	0.733029854548892	0.8709071616066143	0.9340472245088964
smartSeq3_siRNA_knockdown	4	50	Gsta4	769	252	30	50	pearson_clip_hvg_zscore	TRUE	0.8982919402320462	0.8925232628679711	0.6760835791700136	0.713950189046556	0.7947863685186008
smartSeq3_siRNA_knockdown	4	50	Hoxb	519	144	30	50	pearson_clip_hvg_zscore	TRUE	0.766118409319101	0.7297484125070333	0.764929105914287	0.5990346486355469	0.781908698901972
smartSeq3_siRNA_knockdown	4	50	Sox9	556	160	30	50	pearson_clip_hvg_zscore	TRUE	0.7008330279115919	0.6938415563107933	0.8018984947474811	0.4166096760136101	0.5944492616951327
smartSeq3_siRNA_knockdown	4	50	Tmc7	566	165	30	50	pearson_clip_hvg_zscore	TRUE	0.7923282437075543	0.788950925653835	0.7737161928964522	0.5409308256408951	0.6827105179410352
smartSeq3_siRNA_knockdown	4	50	Txnrd1	562	162	30	50	pearson_clip_hvg_zscore	TRUE	0.9330066077781937	0.8938073080511063	0.9487007252761042	0.8110442413045991	0.8692802757699344
smartSeq3_siRNA_knockdown	4	50	Cdkn2b	548	156	30	50	pearson_clip_zscore	TRUE	0.8309355284587479	0.8031420397970633	0.6247225445710665	0.7608179243485472	0.9156160716340317
smartSeq3_siRNA_knockdown	4	50	Fam78b	590	174	30	50	pearson_clip_zscore	TRUE	0.9305038855168029	0.9207540078020444	0.7673530404837158	0.902945751651827	0.9703836445028166
smartSeq3_siRNA_knockdown	4	50	Gsta4	769	252	30	50	pearson_clip_zscore	TRUE	0.9102565798249739	0.9077508899092132	0.5668356591459307	0.7857146514978487	0.8631793154946792
smartSeq3_siRNA_knockdown	4	50	Hoxb	519	144	30	50	pearson_clip_zscore	TRUE	0.7590331595514888	0.7345792138895587	0.7890409966712949	0.6986468325168625	0.9204430975448971
smartSeq3_siRNA_knockdown	4	50	Sox9	556	160	30	50	pearson_clip_zscore	TRUE	0.7780608306253999	0.7744667760459392	0.6872798594147214	0.600784574929956	0.7721563035721126
smartSeq3_siRNA_knockdown	4	50	Tmc7	566	165	30	50	pearson_clip_zscore	TRUE	0.8260833917241784	0.7949883792375713	0.7275244200674319	0.607398716124668	0.7352753029653856
smartSeq3_siRNA_knockdown	4	50	Txnrd1	562	162	30	50	pearson_clip_zscore	TRUE	0.9344778328936989	0.8996586038463873	0.9302583193887939	0.8636846209465042	0.9242430270090234
smartSeq3_siRNA_knockdown	4	50	Cdkn2b	548	156	30	50	scgpt	FALSE	0.8451659647701335	0.8536960060691311	0.5912295764928052	0.689531143276924	0.815852947254521
smartSeq3_siRNA_knockdown	4	50	Fam78b	590	174	30	50	scgpt	FALSE	0.9134171765143447	0.9019243144736468	0.8263601756838594	0.8445670709448567	0.924623592220781
smartSeq3_siRNA_knockdown	4	50	Gsta4	769	252	30	50	scgpt	FALSE	0.9308034088706912	0.9239900927065314	0.49568591406160195	0.7408637723716363	0.7959401150781109
smartSeq3_siRNA_knockdown	4	50	Hoxb	519	144	30	50	scgpt	FALSE	0.6552740388888884	0.6245358090185676	0.8416539513872415	0.5223113330866278	0.7970883967450959
smartSeq3_siRNA_knockdown	4	50	Sox9	556	160	30	50	scgpt	FALSE	0.8008094279624661	0.79436013125512706	0.6483129004170542	0.503349138424734	0.6285504651280482
smartSeq3_siRNA_knockdown	4	50	Tmc7	566	165	30	50	scgpt	FALSE	0.831068568368452	0.8164186680201962	0.6022195481974332	0.5937841017077398	0.7144826844714546
smartSeq3_siRNA_knockdown	4	50	Txnrd1	562	162	30	50	scgpt	FALSE	0.9546180554087411	0.9083833290288346	0.7525235083838768	0.8967219242352983	0.9393515230039797
smartSeq3_siRNA_knockdown	5	50	Cdkn2b	548	156	30	50	acosh	TRUE	0.8830217749108094	0.8727126171547785	0.5027195236787245	0.7876123383517473	0.8919512074674498
smartSeq3_siRNA_knockdown	5	50	Fam78b	590	174	30	50	acosh	TRUE	0.9278366922316952	0.9032409806657364	0.7610504572147563	0.8986724130294244	0.9685674435528918
smartSeq3_siRNA_knockdown	5	50	Gsta4	769	252	30	50	acosh	TRUE	0.9225390715342144	0.9145664659262444	0.4572128723704515	0.7976888815025619	0.8646667725150965
smartSeq3_siRNA_knockdown	5	50	Hoxb	519	144	30	50	acosh	TRUE	0.8355770481638549	0.7891809340085202	0.5926920954416166	0.6142962650464477	0.7351760874671424
smartSeq3_siRNA_knockdown	5	50	Sox9	556	160	30	50	acosh	TRUE	0.8690294903122041	0.8619125747099495	0.524454995839788	0.6620393429709642	0.7618145878261533
smartSeq3_siRNA_knockdown	5	50	Tmc7	566	165	30	50	acosh	TRUE	0.88457883093193	0.8697325888921542	0.5366952269688882	0.7102879518371147	0.8029673862857477
smartSeq3_siRNA_knockdown	5	50	Txnrd1	562	162	30	50	acosh	TRUE	0.966414327492553	0.9422124559494526	0.6943886025111232	0.9588156015555432	0.9921371965203318
smartSeq3_siRNA_knockdown	5	50	Cdkn2b	548	156	30	50	clr	FALSE	0.8836243983664824	0.8714798248802769	0.49459391222096255	0.7955025023184553	0.9002722240230867
smartSeq3_siRNA_knockdown	5	50	Fam78b	590	174	30	50	clr	FALSE	0.9298641375635648	0.9118813178051767	0.7616511301695323	0.9064398053711055	0.9748088658910583
smartSeq3_siRNA_knockdown	5	50	Gsta4	769	252	30	50	clr	FALSE	0.9211613727350044	0.9132106994570186	0.4592422284930233	0.8067329630677159	0.8757781067962714
smartSeq3_siRNA_knockdown	5	50	Hoxb	519	144	30	50	clr	FALSE	0.8108054843750575	0.7721204083273048	0.6283717151624973	0.5709988918846803	0.7042365929786314
smartSeq3_siRNA_knockdown	5	50	Sox9	556	160	30	50	clr	FALSE	0.8442374480688878	0.8368422594632602	0.5328234749634085	0.6578232265485268	0.7791921906013933
smartSeq3_siRNA_knockdown	5	50	Tmc7	566	165	30	50	clr	FALSE	0.8971091019652204	0.8912483637432214	0.5192386954465994	0.7301802847664731	0.8139258459945728
smartSeq3_siRNA_knockdown	5	50	Txnrd1	562	162	30	50	clr	FALSE	0.9669005323879283	0.944001998416509	0.6869667780062771	0.9612660986470896	0.9941726852430994
smartSeq3_siRNA_knockdown	5	50	Cdkn2b	548	156	30	50	logp1	FALSE	0.8833675622817166	0.8730192347204879	0.49523320437529234	0.7954311966829809	0.9004532548471683
smartSeq3_siRNA_knockdown	5	50	Fam78b	590	174	30	50	logp1	FALSE	0.9271755727816574	0.9072980437939576	0.772259824496176	0.9028739782826165	0.9737896519144341
smartSeq3_siRNA_knockdown	5	50	Gsta4	769	252	30	50	logp1	FALSE	0.9219842394098434	0.9130277309733401	0.4574367666695774	0.80446798785737506	0.87253984772268
smartSeq3_siRNA_knockdown	5	50	Hoxb	519	144	30	50	logp1	FALSE	0.8096113481398438	0.7662808455911905	0.6291265677593696	0.5732656606366889	0.7080751300655788
smartSeq3_siRNA_knockdown	5	50	Sox9	556	160	30	50	logp1	FALSE	0.8484199304137593	0.8439470291808273	0.5307244403987066	0.6552123421110604	0.772273633165977
smartSeq3_siRNA_knockdown	5	50	Tmc7	566	165	30	50	logp1	FALSE	0.8939624878791219	0.8936419736596053	0.5248230195505904	0.7265035495499634	0.8126778912989456
smartSeq3_siRNA_knockdown	5	50	Txnrd1	562	162	30	50	logp1	FALSE	0.9668497733198994	0.943880625662434	0.6884457061697058	0.9603817303007495	0.9933101882033435
smartSeq3_siRNA_knockdown	5	50	Cdkn2b	548	156	30	50	logp1_hvg	FALSE	0.8862074793935178	0.8765216291824057	0.501463450040331	0.8092738663066179	0.9131878088644093
smartSeq3_siRNA_knockdown	5	50	Fam78b	590	174	30	50	logp1_hvg	FALSE	0.9283636616381985	0.9078242546769555	0.750090460681085	0.8915728727076707	0.9603702832728225
smartSeq3_siRNA_knockdown	5	50	Gsta4	769	252	30	50	logp1_hvg	FALSE	0.906809403963508	0.9101204817470192	0.5117149129906838	0.8182127603680952	0.9022984949117512
smartSeq3_siRNA_knockdown	5	50	Hoxb	519	144	30	50	logp1_hvg	FALSE	0.8068623058604616	0.7631420303834097	0.6288140950778465	0.5930497249630193	0.7350073496500413
smartSeq3_siRNA_knockdown	5	50	Sox9	556	160	30	50	logp1_hvg	FALSE	0.8265322417748662	0.8182145786944801	0.5725913790020685	0.6494512680439478	0.7857543060260278
smartSeq3_siRNA_knockdown	5	50	Tmc7	566	165	30	50	logp1_hvg	FALSE	0.8882631184342757	0.8740523067881283	0.5687672316086737	0.710819726364176	0.8002355513950913
smartSeq3_siRNA_knockdown	5	50	Txnrd1	562	162	30	50	logp1_hvg	FALSE	0.9739212028719124	0.9489754587113882	0.6066092440175544	0.9803164201949756	1.0065664627735842
smartSeq3_siRNA_knockdown	5	50	Cdkn2b	548	156	30	50	logp1_hvg_zscore	FALSE	0.8780115311977971	0.8670322896745744	0.5152582889266493	0.8051180458646265	0.9169788974938309
smartSeq3_siRNA_knockdown	5	50	Fam78b	590	174	30	50	logp1_hvg_zscore	FALSE	0.9214157708132509	0.8978535835302828	0.7903952203843875	0.8880840470041516	0.9638255336353967
smartSeq3_siRNA_knockdown	5	50	Gsta4	769	252	30	50	logp1_hvg_zscore	FALSE	0.9036885162577972	0.8983505091248034	0.5093469584965008	0.8370436454417486	0.926252387169833
smartSeq3_siRNA_knockdown	5	50	Hoxb	519	144	30	50	logp1_hvg_zscore	FALSE	0.7782364755703036	0.7427578168957479	0.6657902328810404	0.5881924449732596	0.755801691950024
smartSeq3_siRNA_knockdown	5	50	Sox9	556	160	30	50	logp1_hvg_zscore	FALSE	0.8398715238888027	0.8405015820930504	0.555510025892822	0.6491913126868919	0.7729650240800915
smartSeq3_siRNA_knockdown	5	50	Tmc7	566	165	30	50	logp1_hvg_zscore	FALSE	0.8958751770406173	0.8788742553362009	0.549129180590019	0.7210183668063507	0.8048201192359429
smartSeq3_siRNA_knockdown	5	50	Txnrd1	562	162	30	50	logp1_hvg_zscore	FALSE	0.9696550699927017	0.943341504824567	0.6571225327755789	0.9710549830254875	1.001443722696975
smartSeq3_siRNA_knockdown	5	50	Cdkn2b	548	156	30	50	logp1_size_normed	FALSE	0.8858423811689328	0.8763572568791389	0.4994063699187117	0.7943750975466448	0.8967454193130948
smartSeq3_siRNA_knockdown	5	50	Fam78b	590	174	30	50	logp1_size_normed	FALSE	0.9266271699059448	0.9024345795723113	0.8182750745902101	0.9284424487075121	1.0019590174565594
smartSeq3_siRNA_knockdown	5	50	Gsta4	769	252	30	50	logp1_size_normed	FALSE	0.9197918527976827	0.9125193185473803	0.46545276059207513	0.8302317668602914	0.9026300508479395
smartSeq3_siRNA_knockdown	5	50	Hoxb	519	144	30	50	logp1_size_normed	FALSE	0.8102448846069965	0.7532634032634032	0.6263070220187794	0.5840153550353903	0.7207886975042884
smartSeq3_siRNA_knockdown	5	50	Sox9	556	160	30	50	logp1_size_normed	FALSE	0.8491306227772664	0.8412311027774522	0.5200521947022072	0.6537880181808015	0.7699498765483744
smartSeq3_siRNA_knockdown	5	50	Tmc7	566	165	30	50	logp1_size_normed	FALSE	0.893980707424892	0.8997836133892557	0.5339286474795385	0.71548343099873	0.8003343081750354
smartSeq3_siRNA_knockdown	5	50	Txnrd1	562	162	30	50	logp1_size_normed	FALSE	0.967748566648097	0.9466213918067745	0.68039093297295306	0.9559770388867216	0.9878361713289354
smartSeq3_siRNA_knockdown	5	50	Cdkn2b	548	156	30	50	logp1_zscore	FALSE	0.827254837648381	0.7985238102764298	0.6815638267839843	0.7245770917873362	0.8758813594213306
smartSeq3_siRNA_knockdown	5	50	Fam78b	590	174	30	50	logp1_zscore	FALSE	0.9293116006563863	0.914011218998263	0.8944210391427305	0.9501758425820059	1.0224512875023652
smartSeq3_siRNA_knockdown	5	50	Gsta4	769	252	30	50	logp1_zscore	FALSE	0.8929536963138974	0.8903426384805219	0.5660238198363647	0.7892593556358034	0.8838748961943467
smartSeq3_siRNA_knockdown	5	50	Hoxb	519	144	30	50	logp1_zscore	FALSE	0.8069185406962307	0.7365886986576641	0.6870773845739666	0.7177638862786072	0.889512199904715
smartSeq3_siRNA_knockdown	5	50	Sox9	556	160	30	50	logp1_zscore	FALSE	0.8007676566243823	0.7882895816242821	0.6305388498675448	0.5597361602662486	0.6989994608745852
smartSeq3_siRNA_knockdown	5	50	Tmc7	566	165	30	50	logp1_zscore	FALSE	0.8505258824665941	0.8602756925707266	0.6762473483820748	0.7017853059085085	0.8251192825235073
smartSeq3_siRNA_knockdown	5	50	Txnrd1	562	162	30	50	logp1_zscore	FALSE	0.9437657587239646	0.919639946313726	0.9381772029739449	0.9036828460711069	0.9575287487574747
smartSeq3_siRNA_knockdown	5	50	Cdkn2b	548	156	30	50	logp_alpha	TRUE	0.8835412813485899	0.871321774588674	0.5043569038485536	0.7953134046601582	0.90014289252703
smartSeq3_siRNA_knockdown	5	50	Fam78b	590	174	30	50	logp_alpha	TRUE	0.9304576827173304	0.9125897662234118	0.7591381350388222	0.904886295794006	0.9725174100893603
smartSeq3_siRNA_knockdown	5	50	Gsta4	769	252	30	50	logp_alpha	TRUE	0.921260116985456	0.9165626220883455	0.460091928197866	0.8184179188506959	0.8883679036586548
smartSeq3_siRNA_knockdown	5	50	Hoxb	519	144	30	50	logp_alpha	TRUE	0.8217815894179656	0.7769833614661201	0.6099259442226204	0.5979900076401077	0.7276751089832021
smartSeq3_siRNA_knockdown	5	50	Sox9	556	160	30	50	logp_alpha	TRUE	0.8386954646709918	0.8245370912926285	0.5483991089274266	0.6519465058530456	0.7773340065798428
smartSeq3_siRNA_knockdown	5	50	Tmc7	566	165	30	50	logp_alpha	TRUE	0.8943674314798216	0.883925947693212	0.5330116542243348	0.7283460888850509	0.8143700935978054
smartSeq3_siRNA_knockdown	5	50	Txnrd1	562	162	30	50	logp_alpha	TRUE	0.966331837474274	0.945650409774176	0.6912249332178729	0.9593556879113805	0.9927807930026108
smartSeq3_siRNA_knockdown	5	50	Cdkn2b	548	156	30	50	logp_cpm	FALSE	0.830681994415939	0.8109339191730808	0.6358546583532791	0.7012342677605349	0.8441669284689143
smartSeq3_siRNA_knockdown	5	50	Fam78b	590	174	30	50	logp_cpm	FALSE	0.9139911573137587	0.8843452262308154	0.8159200985729091	0.8815470800798855	0.964502854350115
smartSeq3_siRNA_knockdown	5	50	Gsta4	769	252	30	50	logp_cpm	FALSE	0.8903249355222319	0.8700608820130735	0.5579002359104007	0.7241628498827023	0.8133691655596902
smartSeq3_siRNA_knockdown	5	50	Hoxb	519	144	30	50	logp_cpm	FALSE	0.7534463687533437	0.7080741097982477	0.737517749778647	0.6109474304971866	0.8108704956771681
smartSeq3_siRNA_knockdown	5	50	Sox9	556	160	30	50	logp_cpm	FALSE	0.8450683888436068	0.8414156803000116	0.601465199292383	0.5831886029573528	0.6901081742690537
smartSeq3_siRNA_knockdown	5	50	Tmc7	566	165	30	50	logp_cpm	FALSE	0.8360330442866448	0.806358026340395	0.6242355427668849	0.6693719830911318	0.8006525431806121
smartSeq3_siRNA_knockdown	5	50	Txnrd1	562	162	30	50	logp_cpm	FALSE	0.9655369161530011	0.931034872085819	0.715502616288051	0.941613285921395	0.9752224593059317
smartSeq3_siRNA_knockdown	5	50	Cdkn2b	548	156	30	50	pearson	TRUE	0.8324281573333909	0.8076464731077428	0.6937932331531138	0.7517420792465229	0.9030714213880771
smartSeq3_siRNA_knockdown	5	50	Fam78b	590	174	30	50	pearson	TRUE	0.9333676507139514	0.9207881773399015	0.8405329046981855	0.9711703610543259	1.0405014147549028
smartSeq3_siRNA_knockdown	5	50	Gsta4	769	252	30	50	pearson	TRUE	0.8883853455877465	0.8836275451553472	0.6062315424852132	0.7898536183779842	0.8890889773237156
smartSeq3_siRNA_knockdown	5	50	Hoxb	519	144	30	50	pearson	TRUE	0.827685603795298	0.7734265734265735	0.7420278005716245	0.7992893282773845	0.9656919543028115
smartSeq3_siRNA_knockdown	5	50	Sox9	556	160	30	50	pearson	TRUE	0.7614245491187217	0.7482069612094222	0.6637875229576361	0.577798111177863	0.7588383009801961
smartSeq3_siRNA_knockdown	5	50	Tmc7	566	165	30	50	pearson	TRUE	0.8620435042379319	0.8537092939385036	0.709145612962877	0.7118963964157297	0.8258242106296751
smartSeq3_siRNA_knockdown	5	50	Txnrd1	562	162	30	50	pearson	TRUE	0.94443925333326	0.9244130004332725	0.9087655775061976	0.8953641598831285	0.9480378507384905
smartSeq3_siRNA_knockdown	5	50	Cdkn2b	548	156	30	50	pearson_clip	TRUE	0.8282336754804265	0.8035909026252153	0.7004312629131066	0.7388938363579489	0.8921320857055766
smartSeq3_siRNA_knockdown	5	50	Fam78b	590	174	30	50	pearson_clip	TRUE	0.9310803947445715	0.9153666106665908	0.8446433924225216	0.9574311359404958	1.0283012523350936
smartSeq3_siRNA_knockdown	5	50	Gsta4	769	252	30	50	pearson_clip	TRUE	0.8955537734249582	0.8893715557495223	0.5918630282112946	0.7831182075908939	0.8744513515876727
smartSeq3_siRNA_knockdown	5	50	Hoxb	519	144	30	50	pearson_clip	TRUE	0.8261199655357521	0.7688971947592638	0.7661005145193098	0.8034817500451035	0.9725969393852286
smartSeq3_siRNA_knockdown	5	50	Sox9	556	160	30	50	pearson_clip	TRUE	0.7772303138319093	0.7678952302824328	0.6555859193062913	0.6067033067637441	0.7805965567304859
smartSeq3_siRNA_knockdown	5	50	Tmc7	566	165	30	50	pearson_clip	TRUE	0.862646815244208	0.8544920257526784	0.715110585931494	0.7024559951549977	0.8143031223689594
smartSeq3_siRNA_knockdown	5	50	Txnrd1	562	162	30	50	pearson_clip	TRUE	0.9410141587014289	0.9248081675395626	0.9383146177348504	0.8891122994251134	0.9448447626463574
smartSeq3_siRNA_knockdown	5	50	Cdkn2b	548	156	30	50	pearson_clip_hvg	TRUE	0.8079940989223927	0.7836070237549587	0.8001611010913414	0.6605009456968757	0.8174576356161184
smartSeq3_siRNA_knockdown	5	50	Fam78b	590	174	30	50	pearson_clip_hvg	TRUE	0.910177370830983	0.8981041601412342	0.8442720384260763	0.8740397080619453	0.9602960214929931
smartSeq3_siRNA_knockdown	5	50	Gsta4	769	252	30	50	pearson_clip_hvg	TRUE	0.8466416780019022	0.829844559274665	0.7433261800125903	0.7145125108819498	0.8439373225379356
smartSeq3_siRNA_knockdown	5	50	Hoxb	519	144	30	50	pearson_clip_hvg	TRUE	0.7592916431533017	0.6950727433486055	0.9039764047230867	0.6843678532062057	0.9013240951316919
smartSeq3_siRNA_knockdown	5	50	Sox9	556	160	30	50	pearson_clip_hvg	TRUE	0.709391334621084	0.6962293448962849	0.7161947050476435	0.5115319563741328	0.7210857130745241
smartSeq3_siRNA_knockdown	5	50	Tmc7	566	165	30	50	pearson_clip_hvg	TRUE	0.8267181202390953	0.8040178452167875	0.7826626878261186	0.6563505693566315	0.7939230473946887
smartSeq3_siRNA_knockdown	5	50	Txnrd1	562	162	30	50	pearson_clip_hvg	TRUE	0.9427620895470564	0.9072825063755978	0.9383624733365915	0.8242005177376486	0.8742402000208025
smartSeq3_siRNA_knockdown	5	50	Cdkn2b	548	156	30	50	pearson_clip_hvg_zscore	TRUE	0.7971652278313016	0.7516081617170582	0.8030592080409457	0.7178628308534164	0.9005194980799293
smartSeq3_siRNA_knockdown	5	50	Fam78b	590	174	30	50	pearson_clip_hvg_zscore	TRUE	0.9151201641859267	0.9054938921951081	0.8484996157153082	0.8910636888610509	0.973712222431165
smartSeq3_siRNA_knockdown	5	50	Gsta4	769	252	30	50	pearson_clip_hvg_zscore	TRUE	0.850820052691942	0.8349444308217912	0.7180706017244874	0.7164415218453126	0.8420599862198088
smartSeq3_siRNA_knockdown	5	50	Hoxb	519	144	30	50	pearson_clip_hvg_zscore	TRUE	0.7949930648109959	0.7378024274575998	0.8118961811383391	0.7373114804276188	0.9274439150018366
smartSeq3_siRNA_knockdown	5	50	Sox9	556	160	30	50	pearson_clip_hvg_zscore	TRUE	0.7269937181255453	0.7075325208015937	0.746261290048966	0.5030181301722416	0.6919153737245564
smartSeq3_siRNA_knockdown	5	50	Tmc7	566	165	30	50	pearson_clip_hvg_zscore	TRUE	0.8454395074989324	0.8322335906820186	0.7557386654791161	0.6834076162157613	0.8083459669840702
smartSeq3_siRNA_knockdown	5	50	Txnrd1	562	162	30	50	pearson_clip_hvg_zscore	TRUE	0.9439120773397609	0.9042086708130986	0.9285988459253474	0.847224266668365	0.8975669312931217
smartSeq3_siRNA_knockdown	5	50	Cdkn2b	548	156	30	50	pearson_clip_zscore	TRUE	0.8273316157380608	0.8039797063425581	0.7208956023849834	0.7760975928936287	0.9380731717852628
smartSeq3_siRNA_knockdown	5	50	Fam78b	590	174	30	50	pearson_clip_zscore	TRUE	0.9231848292810076	0.9069335687234831	0.8498216813064764	0.9203736384581693	0.9969548992426276
smartSeq3_siRNA_knockdown	5	50	Gsta4	769	252	30	50	pearson_clip_zscore	TRUE	0.8921054418110309	0.8873948962291246	0.5836346376306798	0.8169138668983075	0.9157144756789298
smartSeq3_siRNA_knockdown	5	50	Hoxb	519	144	30	50	pearson_clip_zscore	TRUE	0.8238460332831429	0.7594164456233422	0.769741771134399	0.8465695164732563	1.0275821965174208
smartSeq3_siRNA_knockdown	5	50	Sox9	556	160	30	50	pearson_clip_zscore	TRUE	0.8036606788208369	0.8011719207781552	0.6673557885079573	0.60961526015543	0.7585480741074475
smartSeq3_siRNA_knockdown	5	50	Tmc7	566	165	30	50	pearson_clip_zscore	TRUE	0.8569299572281172	0.8508374963267706	0.719611537193062	0.7148945604440822	0.834250867779822
smartSeq3_siRNA_knockdown	5	50	Txnrd1	562	162	30	50	pearson_clip_zscore	TRUE	0.9395264945008118	0.9354805020315823	0.9816006660044286	0.9052023591628897	0.9634665594436918
smartSeq3_siRNA_knockdown	5	50	Cdkn2b	548	156	30	50	scgpt	FALSE	0.838417334817304	0.8271435570798628	0.6441639489528646	0.7193922841131118	0.8580360331765697
smartSeq3_siRNA_knockdown	5	50	Fam78b	590	174	30	50	scgpt	FALSE	0.9159976215711428	0.8912201372476436	0.8182319781016371	0.8893872719847893	0.9709493245837149
smartSeq3_siRNA_knockdown	5	50	Gsta4	769	252	30	50	scgpt	FALSE	0.8893675156040597	0.8696312060247624	0.5572286727212495	0.7166785795274441	0.8058294990015187
smartSeq3_siRNA_knockdown	5	50	Hoxb	519	144	30	50	scgpt	FALSE	0.7402045191548235	0.6994333252953941	0.768509214732345	0.6226517466389265	0.8411887938077963
smartSeq3_siRNA_knockdown	5	50	Sox9	556	160	30	50	scgpt	FALSE	0.8326843911297923	0.8308185866635414	0.6280970483877796	0.5730126491341722	0.6881510632818565
smartSeq3_siRNA_knockdown	5	50	Tmc7	566	165	30	50	scgpt	FALSE	0.8313760563531569	0.7953276520717015	0.6413552732871917	0.6514381813503015	0.7835662049347971
smartSeq3_siRNA_knockdown	5	50	Txnrd1	562	162	30	50	scgpt	FALSE	0.9649482179455567	0.9310546304411335	0.723497575609198	0.9340815213482643	0.9680120694320674
