ds,alpha,ncells,ngenes,ngenes_filt,sbar,raw,PF,sqrt,log1p,log1pCP10k,log1pCPM,scalelog1pCP10k,log1pPF,PFlogPF
10xv3_hek_293t,0.14000,2378,20383,12664,33436.520,28.99616,28.99616,1.71118,0.37589,0.76442,0.85515,0.24743,0.37589,0.52866
10xv3_nih_3t3,0.24000,2458,16879,10681,16180.413,35.64386,35.64386,1.65489,0.44365,0.61709,0.79386,0.14611,0.44365,0.45670
10xv3_pbmc,0.62000,1222,14043,8881,7550.034,29.55391,29.55391,2.24643,0.67709,0.53752,0.62619,0.25361,0.67709,0.30252
CRX102285,1.76210,8991,24729,6192,2707.570,17.73427,17.73427,1.89464,1.25278,0.35387,0.47903,0.33622,1.25278,0.13249
CRX102286,16.53583,70820,27940,1831,766.744,11.20143,11.20143,2.56153,2.27329,0.32269,0.20696,0.38633,2.27329,0.07247
CRX102287,2.61000,10785,27176,7386,4109.375,17.84560,17.84560,2.86351,1.36464,0.65032,0.46111,0.24796,1.36464,0.07673
CRX102288,2.02000,12531,27800,7847,4930.433,18.54705,18.54705,2.83311,1.21731,0.66873,0.49476,0.20295,1.21731,0.10361
CRX102289,2.61000,9200,26210,7157,3513.660,17.62329,17.62329,2.64006,1.40080,0.56184,0.44759,0.25351,1.40080,0.07658
CRX102290,1.94000,7632,21976,4291,1753.690,14.56947,14.56947,1.77788,1.37797,0.21391,0.45962,0.39909,1.37797,0.12276
CRX102291,0.52000,3963,23902,8796,5946.679,16.54327,16.54327,1.30568,0.67652,0.44097,0.61805,0.29161,0.67652,0.36446
CRX102292,15.09361,85238,26994,998,453.092,12.50025,12.50025,2.40802,2.08897,0.13639,0.22983,0.50283,2.08897,0.07701
CRX102293,1.50000,12626,25857,5853,2540.724,23.18164,23.18164,1.87032,1.20030,0.30073,0.47891,0.34139,1.20030,0.16228
CRX102294,2.45000,10577,26731,7496,4126.935,24.17688,24.17688,3.19204,1.35748,0.62776,0.45254,0.24947,1.35748,0.08204
CRX118012,1.65000,14992,27545,7614,3933.411,24.55416,24.55416,2.34267,1.12035,0.48471,0.50485,0.27280,1.12035,0.13464
CRX118013,1.66000,10963,23855,7271,3788.157,25.23059,25.23059,2.46879,1.15484,0.47806,0.49894,0.26242,1.15484,0.13639
CRX118014,1.83379,16881,24987,6065,3043.166,25.44274,25.44274,2.55183,1.27183,0.41292,0.48028,0.26944,1.27183,0.12571
CRX118015,1.60000,9789,23626,7008,3744.980,19.41525,19.41525,2.28589,1.16554,0.47045,0.49913,0.29026,1.16554,0.14410
ERS3861771,0.44213,1108,24576,14985,13875.723,70.33030,70.33030,1.80473,0.58675,0.74038,0.69366,0.17210,0.58675,0.37223
ERS3861772,0.57000,850,22721,13010,11295.276,63.06711,63.06711,2.10661,0.67192,0.73539,0.65977,0.20121,0.67192,0.33342
ERS3861773,216.13000,15628,15580,587,227.098,7.78018,7.78018,1.92308,2.04434,0.19664,0.02368,0.52288,2.04434,0.01275
ERS3861774,2.02000,2075,24730,11436,21048.416,69.95212,69.95212,7.75464,1.02679,1.58956,0.48381,0.38951,1.02679,0.09993
ERS3861775,23.05000,9683,21736,2682,1005.143,17.35687,17.35687,2.74645,2.26791,0.47374,0.16041,0.40771,2.26791,0.06384
ERS3861776,268.16000,12126,19621,1552,646.005,14.39616,14.39616,3.03972,2.33763,0.48694,0.01352,0.38387,2.33763,0.01023
ERS3861777,0.55000,1322,25009,13705,11339.213,53.08193,53.08193,1.71883,0.65896,0.72315,0.66294,0.21607,0.65896,0.33840
ERS3861778,2.11000,1954,24866,11984,20580.803,72.53045,72.53045,7.58588,1.02171,1.55346,0.48163,0.45498,1.02171,0.09621
ERS3861779,3.54000,1645,22537,11576,8334.743,25.67433,25.67433,3.58468,1.32742,1.17290,0.42207,0.18905,1.32742,0.06654
ERS3861780,24.52000,10669,22792,2683,853.111,24.59106,24.59106,2.61975,2.26228,0.41209,0.15252,0.39567,2.26228,0.06095
ERS3861781,0.45000,1128,25893,14915,13543.193,70.86088,70.86088,1.79707,0.59786,0.74048,0.69363,0.17879,0.59786,0.37478
ERS3861782,6.82000,1683,17814,6075,2665.346,39.06666,39.06666,3.82332,1.78413,0.68432,0.32934,0.42450,1.78413,0.07166
ERS3861783,8.77000,4866,23106,6927,4965.761,53.85452,53.85452,6.89167,1.69628,1.08890,0.27894,0.28930,1.69628,0.08231
ERS3861784,10.64000,2959,17468,3851,1298.901,26.75020,26.75020,2.66834,2.13869,0.44252,0.25833,0.44187,2.13869,0.07275
ERS3861785,1.38000,1396,22167,11086,7518.809,39.70771,39.70771,2.57503,0.97053,0.77714,0.56329,0.25450,0.97053,0.16085
ERS3861786,5.55000,5779,27046,9291,7207.741,34.86751,34.86751,5.54917,1.57634,1.27049,0.33973,0.20667,1.57634,0.07448
ERS3861787,4.40000,13328,29353,8244,7084.945,35.70065,35.70065,4.62861,1.41553,1.13298,0.39590,0.26561,1.41553,0.07231
ERS3861788,0.74000,4079,26476,9965,13240.721,45.13083,45.13083,3.42136,0.76361,0.94297,0.64039,0.19331,0.76361,0.27561
ERS3861789,3.95000,7037,25702,8228,6544.244,59.47140,59.47140,6.24256,1.46955,1.10001,0.41121,0.23635,1.46955,0.06754
ERS3861790,1.24000,4915,27505,10644,18831.445,53.51004,53.51004,5.19613,0.86568,1.31166,0.58330,0.31209,0.86568,0.16002
ERS3861791,0.57000,850,22721,13010,11295.276,63.06711,63.06711,2.10661,0.67192,0.73539,0.65977,0.20121,0.67192,0.33342
ERS3861792,1.07000,3952,26560,10738,20307.515,58.11118,58.11118,5.53266,0.81687,1.31120,0.59818,0.31587,0.81687,0.18410
ERS3861793,38.28000,11124,19707,1245,549.264,9.63646,9.63646,2.22626,2.19200,0.32617,0.11489,0.51105,2.19200,0.05076
ERS3861794,0.24000,4954,27050,11311,10270.661,19.88887,19.88887,0.99400,0.54396,0.55403,0.67566,0.19703,0.54396,0.55941
ERS3861795,4.84000,6203,27850,9348,6653.208,46.61000,46.61000,5.86719,1.54000,1.16245,0.36523,0.20485,1.54000,0.06876
ERS3861796,1.76000,3107,29437,13128,27076.041,32.89743,32.89743,5.34685,0.93876,1.67839,0.48230,0.62176,0.93876,0.11275
ERS3861797,2.79527,10255,26492,7690,5277.751,37.26268,37.26268,4.45557,1.37739,0.83903,0.45987,0.19893,1.37739,0.07301
ERS3861798,1.23000,5399,29820,11395,19181.248,26.98452,26.98452,4.26492,0.85340,1.31517,0.58314,0.36334,0.85340,0.16386
ERS3861799,4.09000,5764,26083,9599,7593.617,54.07023,54.07023,6.69170,1.37981,1.14237,0.38896,0.23463,1.37981,0.06794
ERS3861800,0.92000,5105,25749,10115,11389.496,60.83027,60.83027,4.63009,0.78744,0.87013,0.62093,0.16051,0.78744,0.21430
ERS3861801,0.97000,6473,27749,10665,7926.947,19.48267,19.48267,2.21445,0.88332,0.72856,0.56734,0.26946,0.88332,0.22893
ERS3861802,0.92000,6286,27671,10687,7866.917,18.79827,18.79827,2.10662,0.86450,0.70846,0.57271,0.27612,0.86450,0.24068
ERS3861803,0.68000,7791,28325,10367,7519.657,19.68979,19.68979,1.79582,0.76149,0.60292,0.59261,0.21842,0.76149,0.30822
ERS3861804,3.33000,7633,27795,9097,6982.359,52.57509,52.57509,5.90929,1.41486,1.09479,0.42699,0.17346,1.41486,0.06636
ERS3861805,2.93000,8094,28129,9065,6968.655,53.18982,53.18982,5.67843,1.36153,1.04602,0.44656,0.17997,1.36153,0.07043
ERS3861806,2.93000,7970,28201,9112,7081.433,54.21042,54.21042,5.69727,1.35796,1.05686,0.44605,0.18090,1.35796,0.07037
ERS3861807,3.32000,6601,29865,10740,12501.184,38.38831,38.38831,5.27202,1.27072,1.46125,0.41486,0.36794,1.27072,0.07282
ERS3861808,3.28114,6684,27861,10328,12589.209,39.23558,39.23558,5.27769,1.25094,1.44274,0.41862,0.36389,1.25094,0.07375
ERS3861809,2.63000,6935,29016,10081,7869.289,51.71107,51.71107,4.84415,1.25720,1.05609,0.46589,0.16944,1.25720,0.07607
ERS3861810,32.52000,86769,29251,2315,1047.902,20.66824,20.66824,3.41797,2.37428,0.54089,0.12329,0.39685,2.37428,0.05448
ERS3861811,0.58000,3325,23366,7056,3629.812,34.68855,34.68855,1.21895,0.77784,0.31208,0.56559,0.33416,0.77784,0.37153
ERS3861813,1.26000,5218,12458,920,1205.605,20.06623,20.06623,7.53885,1.09654,0.11492,0.53987,0.64470,1.09654,0.20620
ERS3861814,2.06197,3805,23516,2913,1319.150,36.01139,36.01139,4.02604,1.39525,0.13796,0.42973,0.36627,1.39525,0.11644
ERS3861815,1.35000,3318,23655,9824,7151.136,28.02468,28.02468,2.77536,1.01573,0.77210,0.54707,0.21274,1.01573,0.16491
ERS3861816,0.48000,7621,28057,10523,8314.745,22.69781,22.69781,1.58369,0.66298,0.57387,0.62259,0.23066,0.66298,0.38733
ERS3861817,0.45000,7681,28500,11009,9011.686,23.10351,23.10351,1.57596,0.64533,0.59572,0.62858,0.21278,0.64533,0.40136
ERS3861818,2.88000,10515,28981,8716,5862.941,51.61075,51.61075,4.73941,1.38587,0.92106,0.44529,0.23742,1.38587,0.07036
ERS3861819,2.75000,11207,29191,8756,5896.508,52.51760,52.51760,4.67764,1.36115,0.90636,0.45207,0.23808,1.36115,0.07312
ERS3861820,3.68668,6831,27947,10923,13445.997,41.75119,41.75119,5.49049,1.25422,1.50103,0.38871,0.35471,1.25422,0.07490
ERS3861821,3.47413,7041,28004,10803,13192.484,42.16751,42.16751,5.42976,1.23831,1.46933,0.40067,0.34999,1.23831,0.07390
ERS3861822,3.14000,10285,28665,9117,6173.441,46.44448,46.44448,4.81998,1.36601,0.95424,0.43735,0.22423,1.36601,0.06627
ERS3861823,2.06000,3490,25698,9759,6929.381,36.02378,36.02378,3.67437,1.22089,0.91320,0.48812,0.15053,1.22089,0.10224
ERS3861824,4.65950,7337,23821,6200,3376.880,27.48010,27.48010,3.76714,1.77254,0.75577,0.37650,0.22690,1.77254,0.06138
ERS3861825,4.97000,8050,28362,8922,7852.728,28.90748,28.90748,4.44166,1.46004,1.25799,0.36874,0.29376,1.46004,0.07649
ERS3861826,0.99000,4495,23223,7186,4464.208,19.60787,19.60787,1.84720,0.98400,0.47459,0.55099,0.30620,0.98400,0.24501
ERS3861827,0.16000,1914,23664,11594,11901.121,18.29196,18.29196,0.84312,0.51202,0.57221,0.67614,0.21381,0.51202,0.67776
ERS3861828,0.38000,1662,21796,8244,5146.998,19.43274,19.43274,0.97658,0.67382,0.39228,0.59170,0.29414,0.67382,0.48341
ERS3861829,0.93000,6733,30170,10705,6767.892,25.87260,25.87260,1.78307,0.86231,0.62741,0.58176,0.25766,0.86231,0.24212
ERS3861831,4.77134,3530,22092,8793,8999.572,61.11099,61.11099,10.25842,1.52652,1.42674,0.35421,0.36841,1.52652,0.07300
ERS3861832,2.36000,1638,20257,9955,14171.049,66.69589,66.69589,11.60883,1.19111,1.50680,0.45184,0.42156,1.19111,0.08553
ERS3861833,12.05000,5943,24934,8382,5841.326,27.67178,27.67178,5.12351,1.88216,1.37190,0.21384,0.25596,1.88216,0.08181
ERS3861834,7.51000,5193,24954,8835,6241.603,27.03068,27.03068,4.63081,1.73961,1.29583,0.29197,0.22644,1.73961,0.08084
ERS3861835,7.15000,5360,24778,8490,5701.280,27.17505,27.17505,4.52198,1.75399,1.22382,0.30441,0.22066,1.75399,0.07904
ERS3861836,0.76909,2693,22646,9575,7704.924,59.69511,59.69511,3.43169,0.80708,0.65214,0.60163,0.20347,0.80708,0.28121
ERS3861837,2.93000,4687,24088,7558,4491.313,50.66698,50.66698,4.71980,1.44279,0.76603,0.44679,0.25365,1.44279,0.06980
ERS3861838,2.89000,6095,27134,9352,10981.510,65.34162,65.34162,7.92518,1.23239,1.31126,0.44818,0.29453,1.23239,0.07384
ERS3861839,1.25000,3245,27195,11450,19252.577,68.48117,68.48117,6.83423,0.88333,1.37524,0.56367,0.32062,0.88333,0.16469
ERS3861840,1.23000,3247,26412,11272,14603.043,58.50113,58.50113,5.43941,0.84405,1.10845,0.58878,0.20540,0.84405,0.15702
ERS3861841,7.39000,7068,28642,9291,5415.138,35.84235,35.84235,5.35962,1.76004,1.15185,0.29263,0.16694,1.76004,0.07535
ERS3861842,1.82000,8406,29477,9427,10581.508,70.69998,70.69998,7.08763,1.05214,1.09554,0.53166,0.28595,1.05214,0.11178
ERS3861843,1.47000,4089,26400,10151,8680.855,37.81838,37.81838,3.78586,0.96672,0.86542,0.54949,0.18682,0.96672,0.13701
ERS3861844,0.98000,3505,27405,11716,24232.207,35.03227,35.03227,4.09775,0.70844,1.26807,0.62809,0.43248,0.70844,0.18058
ERS3861845,0.98000,8181,29191,8873,5260.886,38.39435,38.39435,2.02432,0.89489,0.51508,0.56469,0.39534,0.89489,0.23385
ERS3861846,5.53000,8164,28012,8110,6967.319,55.08206,55.08206,6.86312,1.53766,1.21413,0.34676,0.36759,1.53766,0.07567
ERS3861847,14.85000,6809,27342,8754,6781.724,52.59347,52.59347,9.44451,1.87972,1.49192,0.16796,0.31273,1.87972,0.07738
ERS3861848,8.80000,6100,28479,9828,11386.526,27.99691,27.99691,5.78564,1.53853,1.65320,0.22571,0.40282,1.53853,0.08825
ERS3861849,1.16000,3985,27632,11754,17216.147,28.13782,28.13782,3.85292,0.79343,1.16285,0.59381,0.40834,0.79343,0.15857
ERS3861850,3.91000,5154,25531,10094,11469.525,31.91181,31.91181,4.88875,1.24757,1.35697,0.39409,0.39848,1.24757,0.07518
ERS4228628,0.88892,1000,18524,8776,3781.191,25.22326,25.22326,1.20703,0.87846,0.36611,0.54140,0.30026,0.87846,0.26249
ERS4228634,1.06000,6496,26986,8896,5599.389,23.55236,23.55236,1.83436,0.87351,0.53718,0.58954,0.37652,0.87351,0.20322
ERS4228635,1.07000,7247,26474,8288,4667.425,24.26484,24.26484,1.68217,0.89572,0.46296,0.57419,0.39156,0.89572,0.20576
ERS4228636,0.96808,4000,25206,9694,6716.364,20.22884,20.22884,2.00502,0.82245,0.59393,0.60101,0.23505,0.82245,0.21750
ERS4228637,1.11000,4822,25171,8899,5591.311,19.65047,19.65047,2.01987,0.90189,0.55378,0.57385,0.30731,0.90189,0.19823
ERS4228638,1.23000,5289,26519,9422,6408.114,20.49604,20.49604,2.27344,0.91444,0.63640,0.57508,0.28519,0.91444,0.17376
ERS4228639,1.32000,5695,23709,7614,3821.688,18.35484,18.35484,1.80522,1.02320,0.43384,0.53410,0.34483,1.02320,0.17666
ERS4228662,4.09000,10774,10152,160,83.804,8.77708,8.77708,1.88495,1.83552,0.31131,0.38229,0.67472,1.83552,0.04821
ERS4228663,5.27000,3140,7813,286,123.068,5.90766,5.90766,1.10912,1.69853,0.25418,0.35696,0.59822,1.69853,0.05393
ERS4228664,1.27000,14824,13115,369,132.452,8.79676,8.79676,0.50136,1.02792,0.34093,0.42457,0.62587,1.02792,0.21239
ERS4228665,6.58707,1183,4695,361,178.089,9.17496,9.17496,2.13795,1.92596,0.20134,0.35166,0.58981,1.92596,0.07070
ERS4228668,8.06000,6117,9831,265,120.136,4.64956,4.64956,1.19722,1.77059,0.21356,0.32525,0.62174,1.77059,0.07233
ERS4228669,6.63000,6414,9714,244,110.041,4.73917,4.73917,1.05318,1.65928,0.25126,0.35068,0.62167,1.65928,0.06567
ERS4228670,4.70000,4856,9513,303,132.929,6.21379,6.21379,1.14295,1.66739,0.26938,0.37957,0.63473,1.66739,0.05177
ERS4228671,3.97000,1987,8040,607,216.247,7.98721,7.98721,1.22155,1.69788,0.22121,0.37400,0.56525,1.69788,0.05010
ERS4228672,3.56000,5029,9772,339,137.221,6.43093,6.43093,0.96072,1.56492,0.28871,0.39429,0.60450,1.56492,0.05372
ERS4228673,6.19000,5134,9042,244,118.021,5.49151,5.49151,1.27655,1.71562,0.26039,0.37106,0.64416,1.71562,0.06457
ERX2756708,3.60000,1289,15547,3696,1550.070,30.48755,30.48755,3.25127,1.70521,0.28173,0.40285,0.42368,1.70521,0.05848
ERX2756710,4.63000,2055,18339,4418,1898.117,29.54121,29.54121,3.63848,1.86203,0.43099,0.37030,0.36822,1.86203,0.05617
ERX2756711,0.31000,700,11124,4089,2142.581,21.35447,21.35447,0.61062,0.66676,0.19705,0.59603,0.41777,0.66676,0.56507
ERX2756712,10.54000,70373,23421,659,276.874,12.39486,12.39486,2.48183,1.82766,0.05049,0.29021,0.61404,1.82766,0.07864
ERX2756713,4.58000,7362,24759,5667,2515.738,52.48571,52.48571,3.97349,1.71012,0.56935,0.38498,0.36313,1.71012,0.06002
ERX2756714,1.70000,12365,27623,6920,4583.347,45.85271,45.85271,3.21273,1.15827,0.60203,0.53280,0.30354,1.15827,0.13234
ERX2756718,13.22000,5224,15483,1048,478.412,22.14283,22.14283,3.08625,2.07467,0.12955,0.24879,0.52252,2.07467,0.07859
ERX2756720,13.91000,60000,17885,191,82.029,8.62080,8.62080,1.53173,1.60936,0.16186,0.24800,0.78421,1.60936,0.07508
ERX2756721,3.01000,9293,14632,663,269.099,10.34112,10.34112,1.32117,1.39218,0.25627,0.45095,0.66866,1.39218,0.06544
ERX2756722,0.85000,4916,14858,1844,775.645,9.35864,9.35864,0.67048,0.98080,0.20824,0.54447,0.57519,0.98080,0.29572
ERX2756723,2.29000,7564,28990,9540,6257.813,17.23835,17.23835,2.41789,1.18694,0.84220,0.50991,0.18860,1.18694,0.08844
ERX2756724,0.55000,6415,11575,527,215.137,6.83848,6.83848,0.33378,0.77675,0.44321,0.58355,0.77902,0.77675,0.43947
ERX2756725,0.40000,1754,2087,137,36.692,1.92001,1.92001,0.07295,0.52699,0.43951,0.47042,0.77170,0.52699,0.39974
ERX2756726,2.72000,2036,20989,8093,5810.495,13.46816,13.46816,2.81397,1.29957,0.87824,0.48624,0.23309,1.29957,0.07613
ERX2756727,9.02000,7125,28393,9182,7101.676,16.28882,16.28882,4.31179,1.65552,1.35366,0.25669,0.34085,1.65552,0.08491
ERX2756728,0.13000,4529,22285,4985,3231.211,24.64169,24.64169,0.45353,0.57072,0.26242,0.56129,0.35715,0.57072,0.87578
ERX2756729,70.01000,73299,24701,611,273.868,10.83225,10.83225,2.58468,2.07817,0.18869,0.07251,0.54337,2.07817,0.03420
ERX2756730,1.06000,4249,27010,10821,11934.184,41.33155,41.33155,3.43671,0.89529,1.02397,0.58511,0.26751,0.89529,0.20449
ERX2756731,29.50193,77083,30155,2859,1025.570,8.03506,8.03506,2.38522,2.30944,0.50525,0.13299,0.35341,2.30944,0.05680
ERX2756732,1.68000,6045,30145,11766,12689.699,16.42948,16.42948,3.09138,0.97864,1.14852,0.55386,0.19810,0.97864,0.11843
ERX2756733,0.79000,6259,29621,11194,15203.591,13.83578,13.83578,2.46607,0.72995,0.98210,0.67043,0.21951,0.72995,0.24606
ERX2756735,3.14000,8272,28264,9443,9328.005,12.87105,12.87105,3.55597,1.27141,1.21579,0.45299,0.30786,1.27141,0.07262
ERX2756736,0.37231,4996,17359,1604,1386.513,17.43066,17.43066,2.05044,0.74940,0.17568,0.54977,0.57626,0.74940,0.54353
ERX2756737,2.31000,2996,16772,3339,1747.413,22.63451,22.63451,2.55011,1.42311,0.24379,0.48420,0.47204,1.42311,0.09595
ERX2756738,0.19000,1443,22912,11341,16574.656,29.45919,29.45919,1.51131,0.53272,0.74292,0.66291,0.18678,0.53272,0.63940
ERX2756739,1.75000,604,8338,3789,1946.392,12.81746,12.81746,1.76219,1.26138,0.23276,0.51782,0.46459,1.26138,0.13469
ERX2756740,3.11000,7265,28165,9272,7083.865,19.45108,19.45108,3.43110,1.36844,1.07611,0.45064,0.24566,1.36844,0.06980
ERX2756741,1.33000,2614,25301,11027,18009.215,14.10142,14.10142,3.58742,0.94605,1.39206,0.56180,0.49831,0.94605,0.15714
ERX2756742,11.65000,5556,26199,8684,7089.147,14.85560,14.85560,4.38866,1.72078,1.41999,0.21350,0.31592,1.72078,0.08506
GSM2560245,0.31000,3679,16020,2650,1373.172,17.16924,17.16924,0.54225,0.70472,0.19855,0.57088,0.53934,0.70472,0.59034
GSM2560248,0.64000,15707,23455,3279,1608.997,26.30559,26.30559,1.29511,0.85031,0.15096,0.55167,0.46181,0.85031,0.35777
GSM2786157,1.02000,666,25983,17018,41392.503,22.53614,22.53614,5.11825,0.76428,1.84299,0.50090,0.53723,0.76428,0.18895
GSM2786158,0.48000,753,25358,16104,26780.347,35.81135,35.81135,3.70587,0.61084,1.22985,0.60788,0.19062,0.61084,0.35936
GSM2803967,0.26712,266,13506,9327,7588.282,45.23902,45.23902,1.40099,0.58546,0.48158,0.59626,0.27655,0.58546,0.55898
GSM2877959,5.98486,17075,22892,3349,1610.636,18.51609,18.51609,3.19355,1.95888,0.42396,0.35172,0.36592,1.95888,0.06655
GSM2877960,6.43561,6277,20456,3794,2183.244,29.93418,29.93418,4.83456,2.00743,0.60946,0.33563,0.27053,2.00743,0.06976
GSM2894834,2.80443,12728,28410,9061,6238.548,64.05989,64.05989,7.31124,1.27692,0.90374,0.46751,0.19069,1.27692,0.07149
GSM2894835,2.59000,12259,31061,9463,6544.181,58.48359,58.48359,6.08305,1.24220,0.90562,0.47503,0.21510,1.24220,0.07615
GSM2905290,5.29000,8319,26747,5580,2343.694,34.64883,34.64883,3.25262,1.89586,0.56525,0.34985,0.33703,1.89586,0.05924
GSM2905291,0.79000,8296,32111,11987,10623.735,52.46312,52.46312,2.68946,0.76057,0.79651,0.62189,0.15432,0.76057,0.26208
GSM2905292,8.70000,9939,23729,3476,1344.974,31.43700,31.43700,3.17032,2.17959,0.41908,0.28661,0.37272,2.17959,0.07083
GSM2905293,1.24000,8509,32752,12293,10560.522,53.11775,53.11775,3.34800,0.89792,0.93543,0.57289,0.16162,0.89792,0.17103
GSM2928377,0.29000,2893,33451,15809,12017.647,24.46036,24.46036,0.85214,0.55749,0.63176,0.69519,0.14071,0.55749,0.50175
GSM2928378,0.32000,3462,33333,14463,8888.473,22.23733,22.23733,0.79228,0.58932,0.54219,0.65111,0.18349,0.58932,0.49340
GSM2928379,0.41000,3494,29751,12344,10262.099,16.69053,16.69053,1.04957,0.60831,0.61954,0.72195,0.16577,0.60831,0.41600
GSM2928380,17.24000,19962,33726,6662,2305.990,50.19274,50.19274,4.72000,1.83132,0.76690,0.18923,0.29380,1.83132,0.07198
GSM2928381,12.50000,6280,35945,14743,9479.656,55.43387,55.43387,3.87070,1.45603,1.41916,0.17899,0.44063,1.45603,0.08542
GSM2928382,18.49000,7899,37475,14864,8698.092,22.30934,22.30934,3.05417,1.52389,1.42381,0.11937,0.47462,1.52389,0.07449
GSM2928383,1.90000,2212,32861,18064,37173.117,16.34329,16.34329,2.74597,0.90050,1.70273,0.42629,0.99288,0.90050,0.10364
GSM2928384,20.87000,11360,35994,12307,6114.743,38.45329,38.45329,3.16085,1.62873,1.27738,0.12717,0.37797,1.62873,0.07045
GSM3020393,0.17000,3017,21653,6132,2387.440,61.42028,61.42028,0.59259,0.57983,0.19888,0.53280,0.36923,0.57983,0.74702
GSM3052917,20.75000,11420,35486,11758,5732.229,39.40539,39.40539,3.18107,1.63142,1.23854,0.13194,0.35002,1.63142,0.07061
GSM3052919,8.39000,3800,31558,12513,6305.106,63.06561,63.06561,7.23726,1.63087,1.23066,0.26735,0.38663,1.63087,0.07918
GSM3052921,10.71000,7247,31722,8315,3385.634,48.18649,48.18649,7.87380,1.90209,0.91998,0.23971,0.28386,1.90209,0.07335
GSM3073088,0.94941,6799,26730,8818,4991.627,45.27688,45.27688,2.00590,0.90103,0.49358,0.56063,0.31314,0.90103,0.24623
GSM3073089,0.49090,4552,26672,10493,6617.239,53.72678,53.72678,1.52279,0.68779,0.49624,0.60818,0.28063,0.68779,0.39698
GSM3143601,0.60000,10711,31444,9043,4205.001,51.00650,51.00650,1.32762,0.75318,0.36080,0.56716,0.30632,0.75318,0.35761
GSM3148575,1.55751,1673,12171,1239,765.610,32.35518,32.35518,5.55905,1.32578,0.11594,0.43632,0.44261,1.32578,0.16360
GSM3148576,1.57168,1517,12131,1381,801.121,33.94558,33.94558,5.37998,1.31437,0.10712,0.43438,0.43369,1.31437,0.16263
GSM3148577,1.81354,992,12612,2126,1127.972,37.42034,37.42034,5.47439,1.32209,0.09826,0.44285,0.39296,1.32209,0.14004
GSM3148578,2.07327,1378,12950,2065,887.073,39.41174,39.41174,5.31147,1.34896,0.07402,0.41301,0.40947,1.34896,0.11582
GSM3148579,2.26934,1290,12930,2081,919.404,40.17923,40.17923,5.97129,1.39404,0.07303,0.40599,0.39763,1.39404,0.10019
GSM3168248,1.70837,8333,25391,7631,3850.994,66.65447,66.65447,4.20118,1.18332,0.50164,0.48367,0.26639,1.18332,0.13354
GSM3169075,0.14753,2949,21518,6850,3579.780,43.86998,43.86998,0.52813,0.56298,0.27531,0.54286,0.31114,0.56298,0.79289
GSM3178782,3.43708,15841,20925,1193,1358.644,12.84430,12.84430,5.80994,1.75180,0.22795,0.42549,0.47518,1.75180,0.06338
GSM3178783,0.16597,71720,23787,689,910.150,18.70445,18.70445,1.38158,0.61772,0.29888,0.65434,0.66958,0.61772,0.80930
GSM3178784,0.84220,17262,22242,2470,2011.075,15.53039,15.53039,2.62268,0.98901,0.18294,0.55218,0.47721,0.98901,0.29713
GSM3178785,0.41300,6319,20744,2955,2455.091,20.67626,20.67626,2.11402,0.78753,0.21555,0.52270,0.47116,0.78753,0.50088
GSM3178786,0.89373,8609,21920,2476,2743.477,23.07603,23.07603,5.57135,1.07530,0.27752,0.48407,0.37669,1.07530,0.28443
GSM3273570,0.77588,3244,27956,13610,16242.173,22.19853,22.19853,3.14791,0.71553,1.02625,0.61269,0.42407,0.71553,0.24986
GSM3302524,67.76000,13945,34222,9270,3949.179,15.62459,15.62459,2.52498,1.79839,1.14761,0.03032,0.38154,1.79839,0.03305
GSM3302525,5.11000,6066,33410,13061,8753.191,57.95173,57.95173,3.74837,1.30895,1.21935,0.36929,0.32571,1.30895,0.08082
GSM3309832,0.26000,7236,26007,6976,5641.370,22.79197,22.79197,1.02578,0.61332,0.40161,0.62801,0.31309,0.61332,0.59664
GSM3309833,0.88000,1760,24357,11027,11703.862,16.41671,16.41671,2.97101,0.80687,0.91014,0.59966,0.20700,0.80687,0.24090
GSM3309834,0.61000,4805,26702,9692,9089.006,15.02821,15.02821,2.03107,0.71152,0.66087,0.64081,0.25378,0.71152,0.32728
GSM3309836,0.36000,9514,28426,9495,6859.720,14.76756,14.76756,1.03272,0.60226,0.45379,0.66477,0.24539,0.60226,0.45819
GSM3319032,0.24000,5089,23426,4521,2213.506,24.78457,24.78457,0.46996,0.65504,0.20215,0.55292,0.40388,0.65504,0.67558
GSM3319033,0.32000,2249,21450,5849,2417.520,40.88217,40.88217,0.61031,0.67065,0.20302,0.53933,0.39268,0.67065,0.55419
GSM3319034,0.16000,2848,22487,6051,2875.354,23.60896,23.60896,0.31297,0.58160,0.23229,0.58646,0.38179,0.58160,0.78048
GSM3319035,0.26000,3311,23158,5967,2754.309,28.40283,28.40283,0.50669,0.63643,0.22588,0.56387,0.39634,0.63643,0.61815
GSM3319036,0.47000,3683,23797,6699,2659.172,35.22635,35.22635,0.69273,0.71648,0.22017,0.56037,0.38958,0.71648,0.42912
GSM3319037,0.32000,2032,21238,6577,3349.962,38.06982,38.06982,0.87681,0.66605,0.26686,0.56058,0.34459,0.66605,0.54931
GSM3319038,0.29000,4671,23851,5121,2154.790,27.25900,27.25900,0.51042,0.67852,0.19002,0.53956,0.39329,0.67852,0.60394
GSM3319039,0.47000,3829,22825,5465,2073.616,20.94466,20.94466,0.52225,0.75141,0.17422,0.54251,0.41380,0.75141,0.43956
GSM3319040,0.57000,643,14422,5660,2284.159,19.58559,19.58559,0.69677,0.78911,0.19198,0.54392,0.43146,0.78911,0.38252
GSM3319041,0.63000,1270,17489,6062,2622.689,17.57179,17.57179,0.82310,0.80833,0.22819,0.55719,0.36502,0.80833,0.35688
GSM3319042,0.65000,1181,14690,3185,1168.755,22.83873,22.83873,0.64245,0.87835,0.14809,0.51077,0.50419,0.87835,0.36495
GSM3319043,0.75000,7286,22298,2713,1014.928,28.36900,28.36900,0.83236,0.96240,0.15114,0.49205,0.48253,0.96240,0.33340
GSM3319044,0.30000,4274,19555,2611,1106.696,22.18207,22.18207,0.40776,0.70397,0.20540,0.55294,0.51427,0.70397,0.60996
GSM3319045,0.31000,7040,19278,1711,791.827,14.89509,14.89509,0.38245,0.72261,0.26318,0.56826,0.58060,0.72261,0.60882
GSM3319046,2.40000,1675,13014,1307,503.623,22.68973,22.68973,1.43141,1.39572,0.16291,0.45363,0.60484,1.39572,0.09503
GSM3319047,0.34000,137,3378,2959,909.226,31.63902,31.63902,0.52556,0.69835,0.20371,0.53357,0.56022,0.69835,0.54875
GSM3360833,2.78000,10860,29414,9266,3676.977,64.31437,64.31437,3.65731,1.36235,0.59256,0.43638,0.25252,1.36235,0.07084
GSM3360834,0.28424,4701,26146,10151,4438.114,76.82973,76.82973,0.92398,0.59452,0.32199,0.58481,0.30581,0.59452,0.54367
GSM3360835,11.54367,8620,27916,7639,2511.683,46.50475,46.50475,10.12626,2.07478,0.73624,0.22045,0.21359,2.07478,0.06599
GSM3360836,0.29052,1157,6562,1310,1022.095,6.99450,6.99450,0.46172,0.63299,0.33553,0.78869,0.94941,0.63299,0.57063
GSM3360837,0.63881,12947,27946,6403,1986.093,69.91347,69.91347,1.54906,0.78671,0.16768,0.48684,0.40490,0.78671,0.35204
GSM3360838,0.41097,7332,26280,7828,2707.758,74.54059,74.54059,1.06765,0.67454,0.22095,0.53115,0.35752,0.67454,0.46005
GSM3375767,0.73000,2086,22549,8929,5962.536,27.06170,27.06170,1.77187,0.81107,0.52222,0.59390,0.27566,0.81107,0.30019
GSM3377671,0.60000,2965,29131,13881,12890.937,60.49715,60.49715,2.62826,0.66056,0.79782,0.63791,0.22153,0.66056,0.31123
GSM3377672,2.86000,12262,30829,9298,4653.746,42.29326,42.29326,3.29886,1.38033,0.74231,0.43653,0.30355,1.38033,0.06837
GSM3378054,0.39000,2733,25931,10990,14481.256,20.50966,20.50966,2.16714,0.64274,0.84823,0.63869,0.16299,0.64274,0.44805
GSM3378055,0.34000,2771,25957,11002,14836.307,17.14248,17.14248,1.97719,0.61612,0.82423,0.64449,0.15189,0.61612,0.48411
GSM3378056,0.37000,2263,23786,9378,9914.133,16.38838,16.38838,1.70042,0.66095,0.65655,0.61816,0.19905,0.66095,0.48275
GSM3378057,0.26000,2393,25730,11417,15542.735,28.09163,28.09163,1.84082,0.56718,0.77403,0.64851,0.19628,0.56718,0.55126
GSM3378058,0.25000,2562,25571,11027,14613.516,15.28256,15.28256,1.47635,0.56742,0.74142,0.66546,0.17689,0.56742,0.56742
GSM3378059,0.40000,4081,26458,9987,11833.415,15.59582,15.59582,1.84222,0.65475,0.74511,0.64375,0.16497,0.65475,0.44512
GSM3396161,9.16000,6992,26554,7645,5193.157,52.89240,52.89240,9.22235,2.02083,1.27274,0.25313,0.30182,2.02083,0.07582
GSM3396162,8.35000,6425,24498,5700,3498.913,43.57382,43.57382,7.37177,2.16203,0.97325,0.27574,0.33716,2.16203,0.07193
GSM3396163,3.81000,8775,25588,4364,3053.458,58.55115,58.55115,13.78891,1.84486,0.64962,0.37704,0.31048,1.84486,0.05631
GSM3396164,12.61000,4092,15865,1603,952.416,33.32318,33.32318,10.02690,2.25083,0.35459,0.24033,0.40961,2.25083,0.07389
GSM3396165,4.97000,9412,24827,3557,2431.241,53.06952,53.06952,13.35587,2.00760,0.59708,0.34956,0.31308,2.00760,0.05714
GSM3396166,0.30161,2103,16389,4224,6000.968,54.66400,54.66400,8.51056,0.66538,0.44470,0.55657,0.35806,0.66538,0.57539
GSM3396167,2.36787,1379,19025,8200,6904.117,70.36353,70.36353,11.18610,1.38409,1.01535,0.43951,0.24951,1.38409,0.08978
GSM3396168,1.03000,6594,23301,4704,5258.487,60.74933,60.74933,14.77045,1.05428,0.58385,0.50007,0.35478,1.05428,0.24545
GSM3396169,4.59000,5893,24117,5363,4209.069,59.12739,59.12739,13.72584,1.89658,0.93732,0.35300,0.27259,1.89658,0.05797
GSM3396170,4.60844,5000,25331,7208,5171.183,61.80213,61.80213,11.74527,1.81838,1.06675,0.34983,0.31503,1.81838,0.05748
GSM3396171,2.14724,869,18019,8810,8365.191,73.54439,73.54439,11.67868,1.29031,1.11632,0.45531,0.22780,1.29031,0.09973
GSM3396172,7.78000,4827,24096,6257,3821.718,40.90717,40.90717,7.11400,2.06469,1.00801,0.28558,0.27114,2.06469,0.07197
GSM3396173,4.25107,9198,23140,4195,3175.339,52.75601,52.75601,12.84614,1.89670,0.71703,0.36873,0.29390,1.89670,0.05709
GSM3396174,11.24000,5675,24552,6046,3616.712,37.47049,37.47049,7.31097,2.23843,1.08347,0.23117,0.33982,2.23843,0.07481
GSM3396175,1.40000,6018,24973,6243,3488.812,37.46735,37.46735,2.74288,1.19396,0.42814,0.48093,0.32728,1.19396,0.17592
GSM3396176,2.99000,6053,23656,6199,5651.779,65.17668,65.17668,13.50423,1.46253,0.92952,0.42857,0.35791,1.46253,0.06771
GSM3396177,1.80000,1870,9594,1744,1979.228,40.74456,40.74456,14.66367,1.29607,0.24307,0.49993,0.52740,1.29607,0.13244
GSM3396178,9.14072,12668,20161,1502,1106.831,31.02480,31.02480,9.74124,2.10557,0.35994,0.29346,0.37027,2.10557,0.07663
GSM3396179,6.70000,6242,25132,6319,3491.025,53.08125,53.08125,10.69195,1.95614,0.87443,0.30700,0.30999,1.95614,0.06605
GSM3396180,0.80000,1126,15304,4863,2230.131,49.51352,49.51352,2.21193,0.91283,0.19920,0.51286,0.37653,0.91283,0.29951
GSM3396181,7.49000,6103,25470,6395,3499.927,57.10459,57.10459,10.02253,1.97786,0.90482,0.29349,0.35082,1.97786,0.07000
GSM3396182,2.41565,200,12072,9209,7483.475,69.80716,69.80716,7.89529,1.19518,0.96363,0.47415,0.26529,1.19518,0.07854
GSM3396183,6.64000,6179,26251,7000,4544.748,63.60053,63.60053,9.99616,1.99025,1.08929,0.30323,0.30007,1.99025,0.06740
GSM3396184,11.25000,7926,12427,1073,1022.675,27.80415,27.80415,12.58844,2.12270,0.33912,0.25910,0.36770,2.12270,0.07609
GSM3396185,7.36000,4260,21567,4439,2555.535,36.74742,36.74742,7.24916,2.13695,0.73583,0.30213,0.29645,2.13695,0.06914
GSM3402078,1.22000,2914,23723,9896,4656.411,38.01914,38.01914,4.12982,0.93920,0.49171,0.49783,0.24138,0.93920,0.19482
GSM3402080,2.14000,2021,22341,9220,4197.201,37.17486,37.17486,5.07140,1.22953,0.57908,0.44215,0.25587,1.22953,0.09978
GSM3439913,0.98241,1994,24898,11437,13153.089,34.44242,34.44242,3.43987,0.81610,0.99690,0.61839,0.22598,0.81610,0.20987
GSM3439914,0.45000,1616,24622,11785,13066.196,35.66713,35.66713,2.21431,0.62417,0.75906,0.68155,0.19339,0.62417,0.38813
GSM3439915,1.14000,2241,25220,11410,16194.255,49.11494,49.11494,5.57711,0.88615,1.26459,0.55918,0.25363,0.88615,0.18515
GSM3439916,1.43000,2324,26166,12063,16624.483,32.07501,32.07501,4.93463,0.92284,1.31784,0.54418,0.26402,0.92284,0.14211
GSM3439917,4.54000,3407,26176,10617,12763.380,39.08303,39.08303,7.16609,1.33620,1.55089,0.35178,0.27878,1.33620,0.07695
GSM3439918,1.11964,2998,27180,11923,14647.619,58.75733,58.75733,5.12284,0.85598,1.12897,0.58609,0.23615,0.85598,0.18563
GSM3439919,4.55689,3001,22684,9262,5701.916,39.16904,39.16904,4.41478,1.54114,1.02998,0.37676,0.39039,1.54114,0.06543
GSM3439920,1.63000,6796,29960,11261,14603.351,24.36396,24.36396,4.45605,1.03065,1.34301,0.52373,0.25033,1.03065,0.12816
GSM3439921,2.88000,11005,29129,8914,6710.006,46.54439,46.54439,4.59457,1.32579,0.98443,0.45523,0.31887,1.32579,0.07064
GSM3439922,2.93000,12785,28754,7582,5170.424,35.89523,35.89523,4.43275,1.46158,0.86419,0.44049,0.33203,1.46158,0.07001
GSM3439923,1.99000,4412,28857,12143,8827.262,53.75824,53.75824,4.91016,1.07143,0.97551,0.49982,0.21984,1.07143,0.09930
GSM3439925,1.42000,10786,22441,2435,989.540,30.16047,30.16047,1.48608,1.18018,0.11235,0.50327,0.51693,1.18018,0.18535
GSM3439926,1.34000,6683,29152,11359,7320.410,46.44484,46.44484,3.17836,0.97639,0.75711,0.53726,0.22583,0.97639,0.16716
GSM3439927,9.07000,7426,29149,10186,5927.275,36.95919,36.95919,5.37696,1.77824,1.26171,0.25331,0.20066,1.77824,0.07868
GSM3439987,2.32000,7041,27415,9405,5643.487,38.15667,38.15667,3.76919,1.29850,0.81094,0.46206,0.34579,1.29850,0.08876
GSM3439988,1.55379,2518,24059,11239,10038.920,55.87408,55.87408,4.85512,1.01055,1.01354,0.53614,0.32232,1.01055,0.13735
GSM3439989,3.76000,6471,26724,9035,5907.737,58.63663,58.63663,5.41753,1.43810,0.98192,0.41579,0.40687,1.43810,0.06330
GSM3509837,9.87000,757,13602,4907,1354.388,26.02426,26.02426,2.17461,2.07355,0.42719,0.26131,0.56497,2.07355,0.06833
GSM3509838,0.31000,2614,26511,12215,6922.573,45.65030,45.65030,0.68809,0.56905,0.43675,0.67640,0.25960,0.56905,0.48906
GSM3509839,0.48000,4507,27219,9752,4117.302,57.51173,57.51173,0.89726,0.67324,0.32590,0.60056,0.32867,0.67324,0.40330
GSM3509840,0.43000,3057,26037,10614,4681.363,53.72006,53.72006,0.79925,0.65174,0.35670,0.60140,0.32789,0.65174,0.42950
GSM3516947,0.40000,10132,29212,8720,5366.970,28.33444,28.33444,0.97450,0.66547,0.40322,0.62588,0.26918,0.66547,0.45926
GSM3516948,0.43000,13930,29817,7760,5655.226,18.58598,18.58598,1.28451,0.70048,0.43961,0.60965,0.25925,0.70048,0.45030
GSM3526583,0.63000,3101,24288,8802,3566.658,31.54958,31.54958,1.33297,0.75124,0.30748,0.53787,0.30470,0.75124,0.34193
GSM3526584,0.37000,5273,25617,7154,2829.307,38.65464,38.65464,0.71507,0.67516,0.22897,0.52746,0.36467,0.67516,0.49674
GSM3526585,1.31000,8802,24999,6316,1998.002,25.88671,25.88671,1.91423,0.99588,0.20254,0.45595,0.35034,0.99588,0.18955
GSM3526586,2.15000,9260,27265,7056,2348.578,26.37895,26.37895,2.44669,1.28291,0.32188,0.42927,0.32444,1.28291,0.10321
GSM3526587,3.33000,3798,31963,13117,7633.633,27.36974,27.36974,2.56545,1.19899,1.00729,0.44346,0.30700,1.19899,0.06623
GSM3526588,1.49000,7558,32002,9743,3888.484,35.54854,35.54854,1.63373,1.03177,0.46409,0.51750,0.30938,1.03177,0.15733
GSM3526589,2.40000,12633,33078,7970,2683.854,31.65836,31.65836,3.11548,1.30583,0.40017,0.42055,0.30073,1.30583,0.08869
GSM3526590,1.60000,12589,36216,10305,4048.873,34.32886,34.32886,1.78075,1.02127,0.49072,0.51353,0.29960,1.02127,0.14225
GSM3529821,1.82000,15247,27342,6799,5024.291,40.41508,40.41508,4.33988,1.18659,0.68239,0.52941,0.30558,1.18659,0.12257
GSM3535276,1.00000,12849,29968,9274,4904.060,34.74692,34.74692,1.69509,0.91899,0.49845,0.56063,0.26166,0.91899,0.23587
GSM3535277,1.12000,6345,27726,9716,5246.667,37.36168,37.36168,1.89192,0.95461,0.55159,0.55159,0.25791,0.95461,0.20951
GSM3535278,0.41000,6062,26283,8658,4855.612,25.01188,25.01188,0.85581,0.67048,0.37264,0.61916,0.28176,0.67048,0.45376
GSM3535279,1.03000,6394,27009,9104,5147.020,27.93378,27.93378,1.72988,0.93551,0.52754,0.56131,0.25971,0.93551,0.22727
GSM3535280,0.57000,5700,27663,10438,6739.191,42.69660,42.69660,1.44473,0.71998,0.52374,0.62167,0.23054,0.71998,0.35490
GSM3535281,0.47000,4064,25557,9636,4686.895,38.78287,38.78287,0.98314,0.69049,0.37143,0.58822,0.28762,0.69049,0.41540
GSM3557959,0.96000,1506,13440,2981,1291.940,32.10886,32.10886,1.34586,1.00507,0.12918,0.53392,0.53230,1.00507,0.26239
GSM3557960,2.36000,1626,17714,5373,2219.408,23.70381,23.70381,1.84461,1.37884,0.33141,0.46119,0.44077,1.37884,0.08931
GSM3557961,0.31000,932,11829,2913,1300.558,24.19144,24.19144,0.52089,0.70992,0.19353,0.56770,0.50736,0.70992,0.60048
GSM3557962,0.73000,1507,15611,3992,1562.689,27.80673,27.80673,0.86115,0.88854,0.14018,0.53257,0.50443,0.88854,0.33051
GSM3557963,2.92253,1991,9685,998,345.229,18.13996,18.13996,1.23336,1.35018,0.20728,0.44267,0.67048,1.35018,0.06830
GSM3557964,0.77000,1833,15658,3219,1330.894,37.49701,37.49701,1.14396,0.93434,0.13894,0.53495,0.54050,0.93434,0.32420
GSM3557965,0.68000,1312,15104,4528,1766.331,36.81582,36.81582,0.89603,0.85750,0.15335,0.54260,0.50945,0.85750,0.34440
GSM3557966,10.46227,1958,7818,563,186.980,16.72164,16.72164,1.92552,1.90737,0.10068,0.25961,0.91008,1.90737,0.06456
GSM3557967,2.01000,813,11482,3512,874.006,44.43706,44.43706,1.50921,1.20741,0.07220,0.41051,0.52368,1.20741,0.11941
GSM3557968,3.09019,1989,10749,1144,391.981,18.73845,18.73845,1.44615,1.38488,0.17344,0.43041,0.66152,1.38488,0.06348
GSM3557969,0.18000,2417,16867,3412,1516.210,27.61235,27.61235,0.33378,0.62470,0.19689,0.57812,0.49286,0.62470,0.78333
GSM3557970,0.89000,1440,17119,5704,2356.096,15.76879,15.76879,0.89784,0.91411,0.21432,0.54836,0.46456,0.91411,0.26809
GSM3557971,0.80000,964,15243,5268,2008.568,31.38459,31.38459,1.05854,0.89097,0.17532,0.52445,0.44170,0.89097,0.30198
GSM3557972,0.77000,1829,17577,3923,1293.482,48.94059,48.94059,1.27123,0.89169,0.12171,0.48791,0.52566,0.89169,0.32094
GSM3557973,2.56000,798,12966,5435,1933.484,29.65543,29.65543,1.78014,1.36970,0.29540,0.45965,0.52398,1.36970,0.08264
GSM3558027,0.77000,3599,16825,6138,4824.252,19.78820,19.78820,2.30446,0.86334,0.44656,0.56458,0.29427,0.86334,0.29624
GSM3576397,2.66000,1348,8110,574,409.550,19.10822,19.10822,4.78924,1.61823,0.18932,0.44192,0.59532,1.61823,0.08058
GSM3576398,3.29512,10649,14027,186,171.224,11.47380,11.47380,4.28547,1.79467,0.29001,0.41455,0.69272,1.79467,0.06376
GSM3576399,3.21000,3843,13000,428,293.900,14.49382,14.49382,4.30487,1.80435,0.21002,0.40847,0.69614,1.80435,0.06523
GSM3576400,1.50000,11916,14305,149,189.093,11.67634,11.67634,4.40282,1.30954,0.36532,0.48560,0.73483,1.30954,0.15951
GSM3576401,3.47000,3379,12797,625,348.657,17.58314,17.58314,3.84398,1.65860,0.18046,0.42168,0.69458,1.65860,0.05909
GSM3576402,2.94000,3245,12051,411,253.744,16.00733,16.00733,3.44898,1.69731,0.24605,0.42033,0.65949,1.69731,0.07235
GSM3576403,4.77000,7080,15311,392,219.669,15.16532,15.16532,3.35079,1.97630,0.20114,0.36716,0.70493,1.97630,0.05183
GSM3576404,3.53000,3751,9983,295,188.197,13.31199,13.31199,3.10373,1.66751,0.28027,0.42775,0.66201,1.66751,0.05924
GSM3576405,3.75000,5385,13081,315,196.200,11.60864,11.60864,3.09620,1.79214,0.25186,0.40010,0.74453,1.79214,0.05628
GSM3576406,2.60000,1653,13201,824,430.652,18.97918,18.97918,3.16610,1.64544,0.16860,0.41224,0.51904,1.64544,0.08512
GSM3576407,2.57000,1341,11427,735,366.273,17.54320,17.54320,2.87838,1.63625,0.19003,0.39987,0.53256,1.63625,0.08471
GSM3576408,2.99000,11255,20408,582,276.352,16.80443,16.80443,2.39019,1.69248,0.21628,0.39689,0.75188,1.69248,0.06861
GSM3576409,4.37000,2272,11310,620,340.868,17.60282,17.60282,4.14046,1.96323,0.14243,0.37732,0.63660,1.96323,0.05117
GSM3576410,2.46379,7901,17715,613,390.665,15.45269,15.45269,3.57213,1.57665,0.20197,0.44429,0.72742,1.57665,0.09115
GSM3576411,2.44000,1925,12488,748,366.566,18.94275,18.94275,2.64133,1.68029,0.19128,0.40084,0.51814,1.68029,0.09590
GSM3576412,2.62000,12880,20315,574,369.631,14.96901,14.96901,3.75464,1.72912,0.19237,0.41499,0.54256,1.72912,0.08584
GSM3576413,2.95000,9210,15314,241,169.435,9.42107,9.42107,2.46364,1.75145,0.30626,0.43396,0.66986,1.75145,0.07513
GSM3576414,2.33000,9797,15323,245,196.211,13.19197,13.19197,3.59900,1.68180,0.29977,0.42924,0.64155,1.68180,0.10186
GSM3576415,3.17504,8802,18978,495,261.037,15.68580,15.68580,2.36468,1.74737,0.23023,0.40423,0.66646,1.74737,0.06471
GSM3576416,1.87647,6886,14394,253,157.410,9.63954,9.63954,1.63052,1.42713,0.34875,0.45852,0.85456,1.42713,0.13187
GSM3576417,2.91000,5143,11084,210,140.748,11.74315,11.74315,2.35688,1.64442,0.33659,0.44636,0.68146,1.64442,0.07443
GSM3576418,3.64605,8013,14238,252,145.709,12.56232,12.56232,2.13867,1.75000,0.29182,0.40333,0.72755,1.75000,0.05653
GSM3576419,4.35000,10214,15795,238,144.211,10.54910,10.54910,1.95581,1.81633,0.27651,0.39146,0.64339,1.81633,0.05457
GSM3576420,2.83000,3341,19942,1508,593.945,22.49768,22.49768,2.35399,1.71830,0.08551,0.37092,0.43420,1.71830,0.07377
GSM3576421,2.28000,1322,11808,757,347.609,16.24285,16.24285,1.78127,1.65380,0.20020,0.39292,0.50897,1.65380,0.10317
GSM3576422,2.52000,8784,20300,634,296.871,15.63576,15.63576,1.86136,1.63302,0.22245,0.40429,0.65570,1.63302,0.08999
GSM3576423,3.30000,918,10311,1592,585.617,20.20001,20.20001,2.17202,1.60782,0.08351,0.40475,0.58450,1.60782,0.06057
GSM3576424,4.14000,939,10761,1566,631.519,27.51841,27.51841,3.77454,1.79625,0.05016,0.37704,0.45913,1.79625,0.05131
GSM3576425,2.72876,3009,14413,758,317.794,16.03294,16.03294,1.85626,1.66688,0.20027,0.39268,0.57784,1.66688,0.08008
GSM3576426,4.29000,1919,12797,568,294.862,13.54141,13.54141,2.52202,1.72660,0.17849,0.40062,0.64682,1.72660,0.05189
GSM3576427,2.43000,1479,13708,1045,486.736,16.78969,16.78969,2.89573,1.63605,0.13834,0.38703,0.47181,1.63605,0.09354
GSM3576428,2.55000,11343,20581,599,272.800,14.67973,14.67973,2.08125,1.61834,0.22447,0.39592,0.74045,1.61834,0.08809
GSM3576429,3.05422,10514,18627,460,218.487,13.22869,13.22869,2.01744,1.76910,0.24068,0.38827,0.72142,1.76910,0.06718
GSM3576430,4.88000,8976,17340,496,253.165,14.03977,14.03977,3.14135,1.95170,0.17808,0.36703,0.71886,1.95170,0.05205
GSM3587008,1.65000,5555,25721,8221,5932.558,22.64612,22.64612,3.45306,1.19993,0.76857,0.49750,0.29721,1.19993,0.13815
GSM3587009,2.20000,12781,25996,5145,3026.990,19.66892,19.66892,3.08186,1.41473,0.48217,0.47661,0.34324,1.41473,0.10189
GSM3587010,1.77000,5604,24846,8056,6803.996,28.72074,28.72074,4.65913,1.20064,0.87040,0.49307,0.31109,1.20064,0.12459
GSM3587011,1.73000,8903,26883,7128,5186.244,23.07951,23.07951,3.57484,1.23654,0.70491,0.49931,0.31226,1.23654,0.13340
GSM3587013,0.93000,6749,23872,4530,3330.633,25.78176,25.78176,3.93737,1.05049,0.35160,0.49932,0.39834,1.05049,0.27172
GSM3665016,0.59000,2612,22258,6942,3743.453,49.64066,49.64066,1.78262,0.79188,0.32643,0.52213,0.33054,0.79188,0.36829
GSM3665017,0.17000,2028,22311,8463,5594.174,38.14288,38.14288,0.72868,0.55646,0.37605,0.57878,0.26645,0.55646,0.71211
GSM3665018,0.11000,2122,22152,7837,4453.352,38.76145,38.76145,0.41854,0.54231,0.31753,0.56296,0.29617,0.54231,0.89136
GSM3665019,0.44000,3189,22526,6374,3081.191,43.80299,43.80299,1.15573,0.72254,0.25657,0.51465,0.33318,0.72254,0.44920
GSM3667327,6.00000,6435,24070,4201,1865.731,28.86084,28.86084,3.61980,2.01322,0.49906,0.33599,0.31788,2.01322,0.06380
GSM3667328,4.69000,16108,27755,3960,2050.182,29.26746,29.26746,4.22197,1.89630,0.48667,0.37117,0.35886,1.89630,0.05936
GSM3667329,5.45000,8474,26976,6089,3485.270,30.69693,30.69693,4.68816,1.88586,0.83921,0.34769,0.25177,1.88586,0.06477
GSM3711757,0.58939,16613,26935,5319,2481.169,32.51585,32.51585,1.09558,0.84237,0.21740,0.52604,0.37713,0.84237,0.38609
GSM3711758,2.52464,10985,21701,2337,1170.923,24.01633,24.01633,2.98756,1.50624,0.12432,0.45836,0.48975,1.50624,0.08702
GSM3711759,5.44212,2006,22789,10180,7008.276,44.87514,44.87514,5.73660,1.62052,1.27258,0.33981,0.35524,1.62052,0.07150
GSM3711760,1.14077,10809,22980,2173,1185.692,14.59338,14.59338,1.26709,1.18576,0.12980,0.52044,0.49470,1.18576,0.23044
GSM3711761,2.33323,1076,16941,5845,3194.360,37.38225,37.38225,3.18214,1.48303,0.52596,0.45622,0.38495,1.48303,0.09539
GSM3711763,1.25000,7021,24707,7529,4872.438,22.81803,22.81803,2.46292,1.09143,0.57237,0.52081,0.32979,1.09143,0.19493
GSM3711764,3.18000,45998,17223,159,69.870,5.79413,5.79413,0.71940,1.04696,0.39672,0.46910,0.90695,1.04696,0.05245
GSM3711765,1.27000,1731,19740,7815,4615.355,37.16616,37.16616,2.44990,1.08711,0.54153,0.52104,0.35388,1.08711,0.19015
GSM3711766,11.81607,1179,13441,3423,1613.771,19.96531,19.96531,3.72030,2.15206,0.59356,0.25189,0.35983,2.15206,0.07795
GSM3711767,2.02000,3482,23061,8183,5691.360,24.91932,24.91932,3.34983,1.31431,0.82095,0.47632,0.27584,1.31431,0.10909
GSM3711768,1.22000,5203,19183,2801,1407.146,14.40030,14.40030,1.34642,1.17873,0.12698,0.51438,0.46282,1.17873,0.21298
GSM3711769,8.68000,1645,15848,4281,2065.320,26.94314,26.94314,4.00263,2.03963,0.65071,0.29347,0.26659,2.03963,0.07638
GSM3711770,0.83000,408,11291,4659,2414.529,37.87748,37.87748,1.78895,0.98459,0.22544,0.50859,0.41931,0.98459,0.29563
GSM3711771,2.17000,2742,20583,6805,4471.183,20.71669,20.71669,3.21631,1.36880,0.68503,0.47053,0.27550,1.36880,0.10004
GSM3711772,1.98000,1254,15922,3892,2117.620,23.07267,23.07267,3.18866,1.49117,0.29435,0.44884,0.37665,1.49117,0.12239
GSM3711773,1.51000,14917,26226,4786,2693.778,21.68200,21.68200,2.15024,1.26307,0.34250,0.49639,0.39862,1.26307,0.16542
GSM3711774,0.32000,3167,21409,6328,3711.246,41.05279,41.05279,1.06442,0.66629,0.29629,0.53840,0.36553,0.66629,0.54972
GSM3711775,2.71000,1911,21543,9039,6283.790,41.70895,41.70895,4.69963,1.44628,0.99391,0.43351,0.33016,1.44628,0.07588
GSM3711776,0.78000,1072,18370,7261,3601.549,43.36299,43.36299,1.71336,0.90815,0.34688,0.51225,0.33917,0.90815,0.30516
GSM3711777,1.00000,2133,20470,7284,4211.892,42.39693,42.39693,2.28291,1.00333,0.44904,0.52446,0.33066,1.00333,0.24471
GSM3711778,2.03000,473,9351,3027,1405.178,24.65027,24.65027,2.21015,1.46689,0.15556,0.46850,0.52308,1.46689,0.12080
GSM3711779,0.87000,4077,19283,3520,1910.771,23.92511,23.92511,1.63601,1.02740,0.17526,0.51758,0.42371,1.02740,0.29307
GSM3711780,6.79000,11752,21439,1272,737.655,20.81224,20.81224,3.09367,1.95086,0.13865,0.34876,0.41614,1.95086,0.07575
GSM3711781,9.08000,2288,19729,7171,4769.119,48.43102,48.43102,6.12990,1.89518,1.18191,0.26718,0.37119,1.89518,0.08047
GSM3711782,0.94000,2127,19418,5772,3051.344,44.46850,44.46850,2.09565,1.03147,0.31318,0.50181,0.34236,1.03147,0.26511
GSM3711783,0.54000,1404,19175,7804,4282.552,44.48341,44.48341,1.31893,0.76941,0.36252,0.56033,0.30756,0.76941,0.39094
GSM3711784,0.53000,1215,17549,6498,3460.477,43.72817,43.72817,1.41109,0.78706,0.29864,0.52992,0.38176,0.78706,0.40359
GSM3711785,0.46000,292,12797,8446,5043.791,55.70498,55.70498,1.57415,0.71157,0.40035,0.58685,0.37418,0.71157,0.42795
GSM3711786,0.23000,5235,21987,5582,3205.832,32.32439,32.32439,0.67529,0.62851,0.26074,0.56029,0.38297,0.62851,0.66748
GSM3711787,0.27000,3164,22324,8718,6125.182,40.67898,40.67898,0.94609,0.61381,0.42397,0.61668,0.28517,0.61381,0.58016
GSM3717979,0.41000,12211,24800,5611,3038.866,23.29718,23.29718,0.82628,0.69706,0.24595,0.60603,0.37974,0.69706,0.46727
GSM3723357,1.99000,680,19647,10337,6688.385,50.96651,50.96651,3.93834,1.22996,0.88776,0.48313,0.41763,1.22996,0.11025
GSM3723358,1.05779,8534,25796,8001,4805.826,28.37366,28.37366,1.98583,0.99601,0.51796,0.54323,0.36000,0.99601,0.22604
GSM3723359,0.54000,15506,27944,6218,3756.229,25.53104,25.53104,1.19470,0.76867,0.31818,0.58836,0.36715,0.76867,0.39184
GSM3731527,19.03409,70199,27901,1291,610.113,6.89110,6.89110,2.30843,2.23067,0.26488,0.19338,0.47825,2.23067,0.07111
GSM3732362,0.12000,2576,16929,2274,1200.617,15.94217,15.94217,0.24100,0.59915,0.21859,0.51886,0.46815,0.59915,1.05057
GSM3732364,1.73000,9548,24003,3237,1283.116,35.46342,35.46342,1.99053,1.40851,0.11860,0.43760,0.44853,1.40851,0.14489
GSM3732366,0.14602,3121,20217,5919,3275.241,32.98199,32.98199,0.46571,0.56163,0.25681,0.55641,0.35828,0.56163,0.79426
GSM3732871,3.49000,8603,23656,3719,1424.298,15.67182,15.67182,1.82899,1.66656,0.24448,0.41323,0.39277,1.66656,0.05928
GSM3734178,0.21000,5055,21710,5310,3072.913,28.12046,28.12046,0.63763,0.61000,0.25167,0.53147,0.32837,0.61000,0.69353
GSM3734179,0.22000,4291,21467,5919,3100.249,32.25096,32.25096,0.62123,0.60937,0.25105,0.53361,0.33445,0.60937,0.66883
GSM3734180,0.26000,3670,21194,6725,3694.602,28.02075,28.02075,0.72901,0.61536,0.28620,0.55455,0.31727,0.61536,0.59802
GSM3734181,0.20000,3480,20959,6256,3487.655,28.53696,28.53696,0.60751,0.58938,0.27181,0.54750,0.31996,0.58938,0.68787
GSM3734294,0.98028,8175,27571,9035,4574.408,58.36003,58.36003,2.15784,0.91337,0.46192,0.54751,0.30097,0.91337,0.23991
GSM3734295,1.44000,5932,25597,7424,4201.349,67.10198,67.10198,3.55410,1.10527,0.51899,0.52852,0.31595,1.10527,0.16537
GSM3734296,0.47000,4933,24534,7494,3636.337,47.93979,47.93979,1.00964,0.70610,0.29485,0.58887,0.32460,0.70610,0.42137
GSM3734297,0.49000,3743,22708,6870,3063.978,41.27133,41.27133,0.88702,0.72689,0.25188,0.56887,0.39441,0.72689,0.41499
GSM3735993,1.77000,9240,25821,8717,7671.251,24.52761,24.52761,3.22400,1.07111,0.87872,0.54526,0.26172,1.07111,0.11482
GSM3735994,0.37000,6561,27371,10923,20308.774,45.97390,45.97390,2.80490,0.54592,0.91806,0.70863,0.13263,0.54592,0.39715
GSM3738536,0.10000,827,18344,7732,4223.469,57.21759,57.21759,0.45483,0.54537,0.30784,0.57837,0.31636,0.54537,0.93685
GSM3738537,0.12000,853,18817,8171,4347.875,54.96619,54.96619,0.47857,0.55059,0.31543,0.58313,0.31505,0.55059,0.85568
GSM3738538,0.10000,1294,21107,9675,5298.973,58.98465,58.98465,0.43352,0.52630,0.35000,0.62065,0.31487,0.52630,0.88381
GSM3738539,0.21000,1497,21178,8855,4689.933,65.20096,65.20096,0.86592,0.57768,0.33571,0.58885,0.32405,0.57768,0.64841
GSM3738540,0.06000,904,18304,7529,3703.881,49.10771,49.10771,0.23514,0.52954,0.27633,0.57956,0.33083,0.52954,1.17570
GSM3738541,0.81000,1319,18215,5651,2419.150,57.41884,57.41884,1.88771,0.92391,0.22428,0.50915,0.40279,0.92391,0.29882
GSM3738542,0.30205,1988,21571,8197,3887.002,61.54712,61.54712,1.01266,0.62443,0.29828,0.57683,0.33651,0.62443,0.54463
GSM3738543,1.55000,3719,21117,4788,1897.864,51.92442,51.92442,2.56829,1.23941,0.21040,0.46884,0.41280,1.23941,0.16214
GSM3739217,0.65000,7302,27951,9462,6996.299,15.92350,15.92350,1.77098,0.73814,0.55457,0.61369,0.26955,0.73814,0.31909
GSM3739218,2.71000,81,9120,9120,6935.037,19.47586,19.47586,3.39581,1.13817,0.86684,0.44531,0.52264,1.13817,0.06494
GSM3739219,0.44000,62,9084,9084,7957.016,25.16262,25.16262,1.59990,0.52104,0.42709,0.59455,0.38982,0.52104,0.30831
GSM3739220,2.29097,198,9539,6849,2837.177,20.00577,20.00577,2.34238,1.34377,0.42919,0.46478,0.66244,1.34377,0.09766
GSM3745992,1.08000,69,8066,8066,9678.261,34.35791,34.35791,8.97860,0.75543,0.73552,0.50395,0.84034,0.75543,0.13752
GSM3745993,5.94000,563,7656,1760,1207.679,24.11221,24.11221,8.50025,2.01310,0.28133,0.32656,0.79266,2.01310,0.05560
GSM3745994,1.25000,40,2617,2617,12187.400,33.26878,33.26878,13.93914,0.59445,0.70554,0.42188,0.71789,0.59445,0.06264
GSM3745995,1.69000,66,7347,7347,4520.364,39.18166,39.18166,4.47665,0.97378,0.47541,0.44510,0.63137,0.97378,0.08294
GSM3745996,1.22000,61,6841,6841,5144.852,29.51620,29.51620,3.99238,0.84371,0.45246,0.47832,0.60384,0.84371,0.11656
GSM3745997,1.41000,130,6363,5176,2076.823,33.08215,33.08215,3.10980,1.13417,0.22363,0.46396,0.84329,1.13417,0.17590
GSM3755687,0.86000,3171,23271,8517,6052.618,34.51314,34.51314,2.35120,0.87867,0.57226,0.57869,0.54072,0.87867,0.26801
GSM3755690,0.95469,5673,24043,7998,4917.300,31.48391,31.48391,2.25485,0.94335,0.49686,0.53232,0.31290,0.94335,0.24687
GSM3755691,0.47526,7998,24916,7776,5298.960,30.87267,30.87267,1.50114,0.69595,0.41190,0.61738,0.31960,0.69595,0.40922
GSM3755692,0.74000,15775,26125,5834,3046.968,32.79452,32.79452,1.78822,0.86981,0.27727,0.54033,0.39941,0.86981,0.31143
GSM3755693,0.68000,10423,27049,8622,5214.714,36.13405,36.13405,1.82261,0.81348,0.46199,0.56817,0.29152,0.81348,0.32572
GSM3755696,2.59587,3000,24222,9043,4985.083,40.48623,40.48623,3.61372,1.34748,0.76838,0.45446,0.55011,1.34748,0.07742
GSM3755697,0.60956,1622,20622,9884,7862.573,32.29684,32.29684,2.09094,0.72394,0.59634,0.61192,0.33676,0.72394,0.33118
GSM3755698,1.76000,5802,26568,10624,9409.825,30.15149,30.15149,4.02657,1.06494,1.01703,0.52173,0.49363,1.06494,0.11755
GSM3755699,1.04544,12723,25518,6780,3682.345,31.40747,31.40747,2.06710,0.98245,0.38699,0.53552,0.33166,0.98245,0.23022
GSM3758115,1.62000,8509,23908,4942,2159.415,35.64485,35.64485,1.97460,1.29813,0.26134,0.47005,0.36755,1.29813,0.15206
GSM3758116,5.14000,3867,21939,6111,3021.176,41.82694,41.82694,5.02688,1.84827,0.71523,0.35566,0.26242,1.84827,0.06146
GSM3758117,0.99000,5881,22971,5637,2541.840,34.68028,34.68028,1.46162,1.00929,0.25245,0.51894,0.36977,1.00929,0.25033
GSM3758118,0.91000,6192,22445,5037,2279.514,26.85803,26.85803,1.23721,0.99151,0.21255,0.52126,0.43334,0.99151,0.27024
GSM3758119,0.71000,6397,22092,4458,1849.446,25.59751,25.59751,0.90087,0.89431,0.16069,0.52733,0.43949,0.89431,0.33524
GSM3770749,0.36667,6028,26713,9932,3847.223,76.90141,76.90141,1.02904,0.62807,0.29491,0.57079,0.33441,0.62807,0.47488
GSM3770750,0.37148,5929,26502,9936,3921.610,77.44593,77.44593,1.09185,0.62976,0.30036,0.57234,0.32859,0.62976,0.47100
GSM3773108,0.49000,77,377,377,142.351,10.85599,10.85599,0.64720,0.70222,0.44638,0.52939,0.72652,0.70222,0.38840
GSM3773111,0.57000,79,335,335,139.506,10.94915,10.94915,0.84027,0.74119,0.42975,0.50771,0.69931,0.74119,0.33750
GSM3773112,0.73000,79,298,298,139.177,11.06613,11.06613,1.35587,0.83858,0.43181,0.51217,0.70697,0.83858,0.29376
GSM3773114,0.61000,62,264,264,164.355,12.46081,12.46081,1.52438,0.70715,0.44327,0.52209,0.69839,0.70715,0.28382
GSM3773116,0.32000,84,331,331,150.940,13.84443,13.84443,0.77601,0.66179,0.44236,0.53322,0.71092,0.66179,0.54058
GSM3773117,0.63000,71,323,323,157.197,11.22095,11.22095,1.11871,0.75144,0.41888,0.50122,0.68217,0.75144,0.29381
GSM3773119,0.52000,76,310,310,138.789,12.53571,12.53571,0.87090,0.73950,0.46249,0.54082,0.73459,0.73950,0.37830
GSM3773121,0.43000,30,208,208,212.833,8.86825,8.86825,0.99687,0.34584,0.45142,0.50822,0.69575,0.34584,0.16747
GSM3773124,0.44378,66,356,356,139.742,10.02895,10.02895,0.54039,0.65435,0.43433,0.50004,0.67992,0.65435,0.38256
GSM3773125,0.64884,83,367,367,148.458,13.60864,13.60864,0.95155,0.83439,0.43494,0.52148,0.70547,0.83439,0.33026
GSM3954946,2.11000,3505,18754,4395,2417.483,35.81240,35.81240,3.23506,1.36455,0.35701,0.48716,0.35812,1.36455,0.10725
GSM3954947,31.86000,2158,19140,6316,4171.395,36.69837,36.69837,7.94805,2.14794,1.30061,0.09354,0.36951,2.14794,0.05605
GSM3954948,29.69000,3151,18781,5044,2891.128,18.53589,18.53589,5.31430,2.31785,1.08996,0.11376,0.30466,2.31785,0.05768
GSM3954949,19.60000,5630,21658,3967,2019.466,22.45161,22.45161,5.74370,2.45254,0.83373,0.16961,0.20362,2.45254,0.06764
GSM3954950,24.28000,5289,15813,1937,1052.392,13.81088,13.81088,3.69101,2.33310,0.50969,0.15729,0.23073,2.33310,0.06403
GSM3954952,7.21000,5523,22242,3958,2429.640,20.57716,20.57716,5.20454,2.04797,0.71117,0.31708,0.27332,2.04797,0.07252
GSM3954953,34.84000,3125,21503,5717,3335.690,24.66899,24.66899,5.73689,2.49693,1.26727,0.09096,0.34576,2.49693,0.05204
GSM3954954,21.58000,4409,23502,7857,7889.178,47.15193,47.15193,9.70289,1.89745,1.67119,0.10486,0.48838,1.89745,0.06959
GSM3954955,11.09000,5101,23951,7565,7061.377,26.96965,26.96965,7.24079,1.87676,1.52316,0.21569,0.37988,1.87676,0.08253
GSM3954956,1.04000,3839,22105,7462,5308.274,32.57942,32.57942,3.06815,0.97201,0.55855,0.55152,0.32451,0.97201,0.22658
GSM3954957,6.46000,6377,22876,6157,4837.778,30.43684,30.43684,6.87819,1.72741,1.07545,0.33162,0.21404,1.72741,0.07713
GSM3954958,1.31000,5067,23873,8749,8087.284,30.43217,30.43217,3.92464,1.01598,0.85797,0.55326,0.25924,1.01598,0.17154
GSM4037301,3.77143,5535,23575,1671,914.646,26.96829,26.96829,6.53511,1.82402,0.10529,0.37050,0.42610,1.82402,0.05380
GSM4037302,1.81588,3994,22554,1743,824.481,26.99773,26.99773,3.98855,1.32354,0.09039,0.42154,0.44989,1.32354,0.13670
GSM4037305,1.00355,4801,21819,1762,990.354,23.25179,23.25179,2.47026,1.06963,0.13114,0.48507,0.46573,1.06963,0.26055
GSM4037306,1.70566,3158,17822,1703,881.576,22.30108,22.30108,3.24534,1.32225,0.09907,0.45913,0.46125,1.32225,0.14954
GSM4037309,3.07621,1998,19557,6606,2041.879,46.79901,46.79901,3.19535,1.46748,0.33458,0.39546,0.36523,1.46748,0.06171
GSM4037313,1.69993,2305,19012,2215,958.661,29.95529,29.95529,3.36411,1.30830,0.08697,0.42840,0.42337,1.30830,0.14733
GSM4037316,2.31369,982,17951,4001,2067.811,46.41453,46.41453,8.58891,1.40391,0.30353,0.42249,0.28998,1.40391,0.09734
GSM4037323,1.12515,7290,10806,163,108.045,5.08085,5.08085,0.88574,1.09264,0.48806,0.57200,0.83232,1.09264,0.23363
GSM4037324,10.14000,11939,23995,5015,2176.150,45.24034,45.24034,5.72961,2.12408,0.69854,0.25919,0.22186,2.12408,0.07401
GSM4037325,1.56000,4297,27696,10552,5412.915,41.10297,41.10297,2.65376,1.02764,0.61927,0.52372,0.33672,1.02764,0.13887
GSM4037981,2.93000,857,21817,12406,7998.194,78.21606,78.21606,9.00986,1.30644,1.10246,0.42285,0.28104,1.30644,0.06667
GSM4037982,4.41000,737,22238,13617,11162.536,72.13972,72.13972,9.43288,1.41228,1.52011,0.34999,0.42387,1.41228,0.06830
GSM4037984,3.09000,53,4994,4994,4476.453,41.32409,41.32409,5.57451,1.12225,0.57483,0.35167,0.64919,1.12225,0.06684
GSM4037985,20.80203,196,4422,2979,986.832,30.69747,30.69747,5.21710,2.31130,0.46364,0.17390,1.20449,2.31130,0.06636
GSM4037986,10.78000,74,3013,3013,2019.041,44.04563,44.04563,8.66301,1.70107,0.53291,0.20924,0.92941,1.70107,0.07176
GSM4037987,5.14000,166,8977,6752,3469.982,69.40730,69.40730,11.32852,1.73572,0.76306,0.34603,0.73799,1.73572,0.06014
GSM4037988,11.53000,321,8644,3992,1477.611,31.46190,31.46190,4.12130,2.15119,0.51223,0.24267,1.05643,2.15119,0.07319
GSM4037989,52.36000,1914,7100,407,185.010,13.07167,13.07167,3.39486,2.27422,0.08771,0.09044,0.60873,2.27422,0.04026
GSM4037990,134.17000,2352,7976,453,203.048,10.11948,10.11948,2.78602,2.38781,0.15620,0.03778,0.60417,2.38781,0.01898
GSM4037991,6.79000,175,6363,5045,1985.046,48.16623,48.16623,6.21345,1.93189,0.53603,0.32173,1.11866,1.93189,0.06610
GSM4037992,5.90000,162,5352,3862,1524.938,35.94437,35.94437,4.76406,1.90033,0.36534,0.32616,1.03920,1.90033,0.06211
GSM4037993,1.19212,60,5590,5590,3963.633,50.17576,50.17576,4.73931,0.80431,0.31132,0.47162,0.70732,0.80431,0.11036
GSM4037994,4.23994,77,7761,7761,5299.545,46.02536,46.02536,5.92294,1.37007,0.85737,0.35366,0.56743,1.37007,0.06796
GSM4080085,2.59000,12351,28728,9772,8695.477,24.69318,24.69318,4.11619,1.26732,1.14967,0.47478,0.26415,1.26732,0.08006
GSM4080086,1.72000,8983,29821,11411,8627.390,29.98881,29.98881,3.43614,1.08457,0.96828,0.51896,0.31383,1.08457,0.12523
GSM4080087,2.32000,7041,27415,9405,5643.487,38.15667,38.15667,3.76919,1.29850,0.81094,0.46206,0.34579,1.29850,0.08876
GSM4080088,1.55000,2515,25736,11554,9985.410,57.43627,57.43627,4.84113,1.01478,1.01366,0.53676,0.32094,1.01478,0.14037
GSM4080089,3.76000,6471,26724,9035,5907.737,58.63663,58.63663,5.41753,1.43810,0.98192,0.41579,0.40687,1.43810,0.06330
GSM4080090,1.64000,3826,27042,11587,10441.241,65.26869,65.26869,4.86851,1.01379,1.04675,0.53505,0.32551,1.01379,0.12654
GSM4142870,0.69735,4943,23013,9040,10033.658,34.87574,34.87574,2.59335,0.69050,0.69227,0.69692,0.20079,0.69050,0.27213
GSM4142871,3.09000,163,15742,13361,9864.693,42.13305,42.13305,5.90765,1.18327,1.17204,0.42093,0.41247,1.18327,0.06435
GSM4142872,0.89011,2945,1615,216,139.816,5.63338,5.63338,0.74486,0.76225,0.61479,0.76380,1.24349,0.76225,0.23009
GSM4142873,11.52000,151,13770,11886,9166.636,39.31782,39.31782,8.53097,1.71168,1.62058,0.18432,0.45986,1.71168,0.07988
GSM4145204,0.99000,17365,22413,2929,1581.763,17.30823,17.30823,1.60671,1.02329,0.14227,0.55217,0.49567,1.02329,0.25451
GSM4272895,1.52000,121,2677,2184,781.612,17.52128,17.52128,2.23305,1.15098,0.12105,0.43662,0.66886,1.15098,0.14982
GSM4272896,8.52000,27,91,91,493.778,4.61808,4.61808,2.76216,0.97322,0.00781,0.12314,0.79523,0.97322,0.05049
GSM4272897,5.78000,36,3234,3234,3604.750,36.52391,36.52391,5.18871,1.12881,0.49559,0.19889,0.58868,1.12881,0.07007
GSM4272898,0.77000,6538,23360,5134,2051.085,41.84405,41.84405,1.22593,0.92401,0.18216,0.50973,0.38920,0.92401,0.31659
GSM4272899,0.99000,3725,23062,8126,4838.674,42.00825,42.00825,2.07037,0.95837,0.50215,0.55135,0.31846,0.95837,0.23977
GSM4272900,0.86000,5819,23933,6513,3001.120,46.52812,46.52812,1.58501,0.92964,0.29429,0.53901,0.34783,0.92964,0.28341
GSM4272901,0.29000,346,10300,3875,1729.379,31.20052,31.20052,1.20515,0.65759,0.14824,0.46604,0.41487,0.65759,0.59022
GSM4272902,0.58000,127,11086,9666,4183.331,41.14936,41.14936,1.29610,0.70168,0.33774,0.57986,0.40628,0.70168,0.34764
GSM4339769,2.38000,3750,24762,5197,2636.198,39.88155,39.88155,7.03796,1.41076,0.41467,0.41579,0.28769,1.41076,0.09244
GSM4463223,1.00000,7310,15008,2097,1311.665,42.24929,42.24929,3.92520,0.91288,0.12822,0.59394,0.55517,0.91288,0.23389
GSM4463229,3.82000,4457,23608,6330,2974.222,30.01603,30.01603,3.33585,1.62106,0.60464,0.40478,0.31839,1.62106,0.05904
GSM4463234,3.46000,3783,23655,7140,3459.431,34.77146,34.77146,3.47552,1.55650,0.66017,0.41778,0.29196,1.55650,0.06140
GSM4463239,1.31000,5312,22425,3526,1910.293,33.72233,33.72233,2.83232,1.16178,0.19634,0.51260,0.42534,1.16178,0.19603
GSM4463244,2.62000,4618,25226,7454,3699.753,33.09648,33.09648,3.97304,1.43089,0.60999,0.44290,0.30710,1.43089,0.07919
GSM4463249,1.29000,4780,24727,6306,2135.548,29.81488,29.81488,2.00722,1.04934,0.22456,0.46208,0.34951,1.04934,0.19521
GSM4463253,0.54000,23013,28354,6213,3822.464,44.99885,44.99885,2.80550,0.75621,0.32639,0.54567,0.35883,0.75621,0.39282
GSM4475048,0.77000,9653,24569,6764,4822.632,40.71655,40.71655,2.72274,0.88798,0.45740,0.56950,0.25078,0.88798,0.29926
GSM4475049,0.75000,9290,22780,4898,2932.467,35.10036,35.10036,1.91530,0.92617,0.27239,0.54742,0.32866,0.92617,0.31626
GSM4475050,1.74000,133,11807,10660,10104.188,40.58653,40.58653,5.47519,1.02769,1.03565,0.53316,0.37645,1.02769,0.11854
GSM4475051,2.35000,2484,22367,4039,1963.810,33.79453,33.79453,5.55774,1.45915,0.28916,0.41762,0.35726,1.45915,0.09610
GSM4475052,1.36000,2098,20677,3589,1666.221,42.87493,42.87493,3.98708,1.16989,0.16592,0.45929,0.49335,1.16989,0.19370
GSM4475053,1.22000,6044,23077,1538,855.160,25.23650,25.23650,2.88138,1.17562,0.12955,0.46117,0.50438,1.17562,0.21913
GSM4769387,1.63000,2518,28875,15237,28779.854,35.73179,35.73179,6.85392,0.81162,1.52364,0.49784,0.34410,0.81162,0.11315
GSM4769388,1.24000,1870,29083,16733,43009.418,36.57311,36.57311,6.93160,0.72756,1.66590,0.49457,0.38013,0.72756,0.14733
GSM4769389,0.56000,2147,28728,15524,27076.825,43.17391,43.17391,5.54428,0.57635,1.12525,0.66716,0.27168,0.57635,0.29154
GSM5051494,10.37000,87,11260,11260,7994.851,47.58823,47.58823,6.30171,1.44548,1.26273,0.20851,0.46299,1.44548,0.08123
GSM5051495,0.54000,117,11241,10606,5082.658,54.80065,54.80065,1.41704,0.66993,0.39905,0.62389,0.38325,0.66993,0.36819
GSM5051497,1.21000,116,12535,11872,6919.078,54.28694,54.28694,2.76301,0.86027,0.65180,0.59452,0.30409,0.86027,0.18518
GSM5051498,20.99000,100,11799,11225,7372.920,48.92490,48.92490,6.90074,1.52852,1.28392,0.10185,0.44244,1.52852,0.06383
SAMN14275543,3.81883,6814,20611,1651,700.330,35.95980,35.95980,5.34701,1.75451,0.05290,0.37338,0.43210,1.75451,0.05051
SRX4733402,3.05000,12650,23252,3240,1313.238,26.10017,26.10017,1.92097,1.58574,0.18908,0.43805,0.40962,1.58574,0.06848
SRX4733403,1.17000,6670,16993,1730,663.322,9.29140,9.29140,0.66684,1.07218,0.20209,0.52706,0.59394,1.07218,0.22077
SRX4733411,0.55345,2031,24872,12528,25615.807,36.04976,36.04976,3.61451,0.65614,1.27894,0.63222,0.33527,0.65614,0.32177
angelidis_2019,12.48023,14813,16541,2577,818.468,33.05146,33.05146,5.88131,2.19880,0.27364,0.22739,0.33002,2.19880,0.06720
klein_2015,0.04000,953,25025,22343,32489.495,15.01471,15.01471,0.22580,0.36966,0.66283,0.79060,0.12703,0.36966,0.88795
macosko_2015,0.05000,84,69,69,12153.060,3.90602,3.90602,2.53208,0.51794,0.47682,1.53354,2.48165,0.51794,0.45287
padovan_merhar_2015,4.06000,96,13211,13211,1760192.365,50.67990,50.67990,7.30208,0.27467,1.60294,0.34764,0.85202,0.27467,0.05250
pbmc3k,0.39318,2700,12572,4159,2363.871,12.07592,12.07592,0.76012,0.70794,0.20418,0.57816,0.40870,0.70794,0.48378
svensson_2017_1,0.09000,2000,13025,2633,2283.198,33.55420,33.55420,0.97411,0.58474,0.20943,0.58966,0.42052,0.58474,1.03287
svensson_2017_2,0.37000,2000,13239,2619,2229.287,28.33088,28.33088,3.13485,0.71128,0.19100,0.57283,0.51512,0.71128,0.52968
zheng_2017,0.04000,1015,87,69,10534.526,5.57677,5.57677,3.01891,0.55260,0.54602,1.57569,2.74266,0.55260,0.61004
