ds,ncells,ngenes,ngenes_filt,alpha,cv_all,cv_filt,stored
10xv3_hek_293t,2378,20383,12664,0.14000,1.74318,1.34197,1.74318
10xv3_nih_3t3,2458,16879,10681,0.24000,1.24335,1.07391,1.24335
10xv3_pbmc,1222,14043,8881,0.62000,3.53671,3.39191,3.53671
angelidis_2019,14813,16541,2577,12.48023,6.17665,4.49371,6.17665
CRX102285,8991,24729,6192,1.76210,3.51298,2.59816,3.51298
CRX102286,70820,27940,1831,16.53583,10.55277,6.88311,10.55277
CRX102287,10785,27176,7386,2.61000,5.15535,3.79490,5.15535
CRX102288,12531,27800,7847,2.02000,5.04129,3.66421,5.04129
CRX102289,9200,26210,7157,2.61000,4.98574,3.73286,4.98574
CRX102290,7632,21976,4291,1.94000,3.28997,2.50663,3.28997
CRX102291,3963,23902,8796,0.52000,3.34339,2.67255,3.34339
CRX102292,85238,26994,998,15.09361,5.09457,2.57507,5.09457
CRX102293,12626,25857,5853,1.50000,2.87784,1.97216,2.87784
CRX102294,10577,26731,7496,2.45000,4.76991,3.43858,4.76991
CRX118012,14992,27545,7614,1.65000,4.68246,3.35487,4.68246
CRX118013,10963,23855,7271,1.66000,4.16930,3.03710,4.16930
CRX118014,16881,24987,6065,1.83379,3.17633,2.16169,3.17633
CRX118015,9789,23626,7008,1.60000,4.52677,3.34546,4.52677
ERS3861771,1108,24576,14985,0.44213,1.68936,1.52763,1.68936
ERS3861772,850,22721,13010,0.57000,1.23466,1.12552,1.23466
ERS3861773,15628,15580,587,216.13000,2.27411,0.53461,2.27411
ERS3861774,2075,24730,11436,2.02000,4.76604,3.48375,4.76604
ERS3861775,9683,21736,2682,23.05000,3.27491,1.76065,3.27491
ERS3861776,12126,19621,1552,268.16000,3.18362,1.40467,3.18362
ERS3861777,1322,25009,13705,0.55000,1.77095,1.59587,1.77095
ERS3861778,1954,24866,11984,2.11000,3.34099,2.71298,3.34099
ERS3861779,1645,22537,11576,3.54000,1.57926,1.41520,1.57926
ERS3861780,10669,22792,2683,24.52000,2.20412,1.06457,2.20412
ERS3861781,1128,25893,14915,0.45000,1.67626,1.51860,1.67626
ERS3861782,1683,17814,6075,6.82000,3.22131,2.59175,3.22131
ERS3861783,4866,23106,6927,8.77000,3.10289,2.37707,3.10289
ERS3861784,2959,17468,3851,10.64000,1.85248,1.27061,1.85248
ERS3861785,1396,22167,11086,1.38000,1.33458,1.16701,1.33458
ERS3861786,5779,27046,9291,5.55000,7.13880,5.50591,7.13880
ERS3861787,13328,29353,8244,4.40000,9.44580,6.30564,9.44580
ERS3861788,4079,26476,9965,0.74000,5.80018,4.32292,5.80018
ERS3861789,7037,25702,8228,3.95000,7.06051,5.41113,7.06051
ERS3861790,4915,27505,10644,1.24000,5.73613,4.17304,5.73613
ERS3861791,850,22721,13010,0.57000,1.22827,1.12165,1.22827
ERS3861792,3952,26560,10738,1.07000,5.06742,3.74364,5.06742
ERS3861793,11124,19707,1245,38.28000,2.91303,1.23398,2.91303
ERS3861794,4954,27050,11311,0.24000,2.15414,1.76499,2.15414
ERS3861795,6203,27850,9348,4.84000,6.74666,5.26830,6.74666
ERS3861796,3107,29437,13128,1.76000,5.52168,4.31531,5.52168
ERS3861797,10255,26492,7690,2.79527,10.79206,7.70366,10.79206
ERS3861798,5399,29820,11395,1.23000,6.31614,4.64106,6.31614
ERS3861799,5764,26083,9599,4.09000,5.24359,4.09014,5.24359
ERS3861800,5105,25749,10115,0.92000,4.53216,3.44953,4.53216
ERS3861801,6473,27749,10665,0.97000,5.23972,4.17918,5.23972
ERS3861802,6286,27671,10687,0.92000,5.08606,4.06984,5.08606
ERS3861803,7791,28325,10367,0.68000,2.85619,2.31292,2.85619
ERS3861804,7633,27795,9097,3.33000,7.44867,5.69463,7.44867
ERS3861805,8094,28129,9065,2.93000,7.82639,5.93427,7.82639
ERS3861806,7970,28201,9112,2.93000,7.61316,5.76018,7.61316
ERS3861807,6601,29865,10740,3.32000,6.37404,4.51676,6.37404
ERS3861808,6684,27861,10328,3.28114,6.27873,4.43391,6.27873
ERS3861809,6935,29016,10081,2.63000,7.83401,5.94930,7.83401
ERS3861810,86769,29251,2315,32.52000,8.01014,3.84841,8.01014
ERS3861811,3325,23366,7056,0.58000,2.21714,1.78893,2.21714
ERS3861813,5218,12458,920,1.26000,5.05885,2.98221,5.05885
ERS3861814,3805,23516,2913,2.06197,1.97550,1.65471,1.97550
ERS3861815,3318,23655,9824,1.35000,3.28595,2.79339,3.28595
ERS3861816,7621,28057,10523,0.48000,2.21117,1.77338,2.21117
ERS3861817,7681,28500,11009,0.45000,2.39570,1.93372,2.39570
ERS3861818,10515,28981,8716,2.88000,6.89146,5.17688,6.89146
ERS3861819,11207,29191,8756,2.75000,7.20317,5.38101,7.20317
ERS3861820,6831,27947,10923,3.68668,7.23843,5.21241,7.23843
ERS3861821,7041,28004,10803,3.47413,7.01499,5.00588,7.01499
ERS3861822,10285,28665,9117,3.14000,5.66284,4.09106,5.66284
ERS3861823,3490,25698,9759,2.06000,3.12503,2.61836,3.12503
ERS3861824,7337,23821,6200,4.65950,5.27398,4.19095,5.27398
ERS3861825,8050,28362,8922,4.97000,5.88502,4.17717,5.88502
ERS3861826,4495,23223,7186,0.99000,2.76326,2.32669,2.76326
ERS3861827,1914,23664,11594,0.16000,1.61410,1.44273,1.61410
ERS3861828,1662,21796,8244,0.38000,1.18422,0.99746,1.18422
ERS3861829,6733,30170,10705,0.93000,2.35513,1.93831,2.35513
ERS3861831,3530,22092,8793,4.77134,7.66067,6.16744,7.66067
ERS3861832,1638,20257,9955,2.36000,4.12786,3.68391,4.12786
ERS3861833,5943,24934,8382,12.05000,6.08188,4.63570,6.08188
ERS3861834,5193,24954,8835,7.51000,5.50951,4.30532,5.50951
ERS3861835,5360,24778,8490,7.15000,5.37922,4.26136,5.37922
ERS3861836,2693,22646,9575,0.76909,3.91270,3.39203,3.91270
ERS3861837,4687,24088,7558,2.93000,5.78423,4.66804,5.78423
ERS3861838,6095,27134,9352,2.89000,7.40198,5.21313,7.40198
ERS3861839,3245,27195,11450,1.25000,5.74793,4.38569,5.74793
ERS3861840,3247,26412,11272,1.23000,3.95504,3.13549,3.95504
ERS3861841,7068,28642,9291,7.39000,6.84317,5.35846,6.84317
ERS3861842,8406,29477,9427,1.82000,6.12070,4.39084,6.12070
ERS3861843,4089,26400,10151,1.47000,3.71882,2.89407,3.71882
ERS3861844,3505,27405,11716,0.98000,6.52637,4.45560,6.52637
ERS3861845,8181,29191,8873,0.98000,6.61655,4.74708,6.61655
ERS3861846,8164,28012,8110,5.53000,7.34696,5.16175,7.34695
ERS3861847,6809,27342,8754,14.85000,6.64702,4.98128,6.64702
ERS3861848,6100,28479,9828,8.80000,7.29267,5.15852,7.29267
ERS3861849,3985,27632,11754,1.16000,5.66408,4.29847,5.66408
ERS3861850,5154,25531,10094,3.91000,8.19767,5.99945,8.19767
ERS4228628,1000,18524,8776,0.88892,1.11147,0.96295,1.11147
ERS4228634,6496,26986,8896,1.06000,4.85368,3.52309,4.85368
ERS4228635,7247,26474,8288,1.07000,4.72010,3.43758,4.72010
ERS4228636,4000,25206,9694,0.96808,3.53920,2.70741,3.53920
ERS4228637,4822,25171,8899,1.11000,3.58311,2.68028,3.58311
ERS4228638,5289,26519,9422,1.23000,3.89328,2.91649,3.89328
ERS4228639,5695,23709,7614,1.32000,3.65362,2.72253,3.65362
ERS4228662,10774,10152,160,4.09000,7.48355,1.61471,7.48355
ERS4228663,3140,7813,286,5.27000,4.84729,1.57771,4.84729
ERS4228664,14824,13115,369,1.27000,4.21616,1.63250,4.21616
ERS4228665,1183,4695,361,6.58707,2.21761,1.36135,2.21761
ERS4228668,6117,9831,265,8.06000,6.66928,1.89449,6.66928
ERS4228669,6414,9714,244,6.63000,7.46941,1.99954,7.46941
ERS4228670,4856,9513,303,4.70000,5.97184,1.70786,5.97184
ERS4228671,1987,8040,607,3.97000,4.66991,2.29948,4.66991
ERS4228672,5029,9772,339,3.56000,6.58347,1.97919,6.58347
ERS4228673,5134,9042,244,6.19000,6.38415,1.58996,6.38415
ERX2756708,1289,15547,3696,3.60000,1.81678,1.74285,1.81678
ERX2756710,2055,18339,4418,4.63000,2.02704,1.78441,2.02704
ERX2756711,700,11124,4089,0.31000,0.83237,0.72497,0.83237
ERX2756712,70373,23421,659,10.54000,3.03532,0.68465,3.03532
ERX2756713,7362,24759,5667,4.58000,4.24002,3.10445,4.24002
ERX2756714,12365,27623,6920,1.70000,5.00667,3.70715,5.00667
ERX2756718,5224,15483,1048,13.22000,1.59687,0.57739,1.59687
ERX2756720,60000,17885,191,13.91000,2.80022,0.24339,2.80022
ERX2756721,9293,14632,663,3.01000,1.81069,0.88276,1.81069
ERX2756722,4916,14858,1844,0.85000,2.17824,1.86046,2.17824
ERX2756723,7564,28990,9540,2.29000,6.18141,4.53136,6.18141
ERX2756724,6415,11575,527,0.55000,2.18327,1.00804,2.18327
ERX2756725,1754,2087,137,0.40000,2.22039,1.45453,2.22039
ERX2756726,2036,20989,8093,2.72000,4.73135,3.78234,4.73135
ERX2756727,7125,28393,9182,9.02000,7.02815,5.10175,7.02815
ERX2756728,4529,22285,4985,0.13000,3.54595,2.95345,3.54595
ERX2756729,73299,24701,611,70.01000,3.00268,0.78165,3.00268
ERX2756730,4249,27010,10821,1.06000,5.00632,4.12356,5.00632
ERX2756731,77083,30155,2859,29.50193,7.87546,4.11634,7.87546
ERX2756732,6045,30145,11766,1.68000,6.89905,5.19062,6.89905
ERX2756733,6259,29621,11194,0.79000,4.31441,3.55394,4.31441
ERX2756735,8272,28264,9443,3.14000,6.59433,4.79819,6.59433
ERX2756736,4996,17359,1604,0.37231,3.89206,2.83657,3.89205
ERX2756737,2996,16772,3339,2.31000,3.67446,2.54070,3.67446
ERX2756738,1443,22912,11341,0.19000,1.47778,1.33781,1.47778
ERX2756739,604,8338,3789,1.75000,1.53445,1.39687,1.53445
ERX2756740,7265,28165,9272,3.11000,6.43212,4.78075,6.43212
ERX2756741,2614,25301,11027,1.33000,3.87544,3.18448,3.87544
ERX2756742,5556,26199,8684,11.65000,6.60240,4.98063,6.60240
GSM2560245,3679,16020,2650,0.31000,2.20493,1.11159,2.20493
GSM2560248,15707,23455,3279,0.64000,5.05978,3.53432,5.05978
GSM2786157,666,25983,17018,1.02000,3.57257,3.03444,3.57257
GSM2786158,753,25358,16104,0.48000,1.48911,1.43500,1.48911
GSM2803967,266,13506,9327,0.26712,0.76516,0.79604,0.76516
GSM2877959,17075,22892,3349,5.98486,18.50134,12.19048,18.50134
GSM2877960,6277,20456,3794,6.43561,16.00570,10.97753,16.00570
GSM2894834,12728,28410,9061,2.80443,3.18868,2.33024,3.18867
GSM2894835,12259,31061,9463,2.59000,4.77985,3.53064,4.77985
GSM2905290,8319,26747,5580,5.29000,2.76574,2.24365,2.76574
GSM2905291,8296,32111,11987,0.79000,2.41009,1.89612,2.41009
GSM2905292,9939,23729,3476,8.70000,2.31648,1.64869,2.31648
GSM2905293,8509,32752,12293,1.24000,2.35153,1.83789,2.35153
GSM2928377,2893,33451,15809,0.29000,0.73426,0.39540,0.73426
GSM2928378,3462,33333,14463,0.32000,0.78907,0.43064,0.78907
GSM2928379,3494,29751,12344,0.41000,0.77110,0.35867,0.77110
GSM2928380,19962,33726,6662,17.24000,4.63913,3.20683,4.63913
GSM2928381,6280,35945,14743,12.50000,2.85120,2.30368,2.85120
GSM2928382,7899,37475,14864,18.49000,4.21334,3.43030,4.21334
GSM2928383,2212,32861,18064,1.90000,3.63600,2.80454,3.63600
GSM2928384,11360,35994,12307,20.87000,5.54516,4.31693,5.54515
GSM3020393,3017,21653,6132,0.17000,1.02494,0.70753,1.02494
GSM3052917,11420,35486,11758,20.75000,4.69420,3.63955,4.69420
GSM3052919,3800,31558,12513,8.39000,2.19400,1.80429,2.19399
GSM3052921,7247,31722,8315,10.71000,2.80295,2.14005,2.80295
GSM3073088,6799,26730,8818,0.94941,2.09450,1.76699,2.09450
GSM3073089,4552,26672,10493,0.49090,2.55866,2.18971,2.55866
GSM3143601,10711,31444,9043,0.60000,2.57830,1.90017,2.57830
GSM3148575,1673,12171,1239,1.55751,1.01641,0.54365,1.01641
GSM3148576,1517,12131,1381,1.57168,0.90762,0.42025,0.90762
GSM3148577,992,12612,2126,1.81354,0.85724,0.63086,0.85724
GSM3148578,1378,12950,2065,2.07327,0.83839,0.44038,0.83839
GSM3148579,1290,12930,2081,2.26934,0.81938,0.44474,0.81938
GSM3168248,8333,25391,7631,1.70837,1.33077,0.85546,1.33077
GSM3169075,2949,21518,6850,0.14753,2.82131,2.54258,2.82131
GSM3178782,15841,20925,1193,3.43708,3.43832,2.11110,3.43832
GSM3178783,71720,23787,689,0.16597,9.66326,4.15819,9.66326
GSM3178784,17262,22242,2470,0.84220,5.01284,2.96753,5.01284
GSM3178785,6319,20744,2955,0.41300,4.78859,3.66779,4.78859
GSM3178786,8609,21920,2476,0.89373,5.17993,3.62333,5.17994
GSM3273570,3244,27956,13610,0.77588,1.68303,1.37761,1.68303
GSM3302524,13945,34222,9270,67.76000,4.80075,3.51327,4.80075
GSM3302525,6066,33410,13061,5.11000,9.26209,7.36109,9.26209
GSM3309832,7236,26007,6976,0.26000,7.11207,5.64495,7.11207
GSM3309833,1760,24357,11027,0.88000,1.62034,1.43024,1.62034
GSM3309834,4805,26702,9692,0.61000,4.94400,4.02791,4.94400
GSM3309836,9514,28426,9495,0.36000,3.30873,2.66267,3.30873
GSM3319032,5089,23426,4521,0.24000,1.43399,0.93880,1.43399
GSM3319033,2249,21450,5849,0.32000,1.48556,1.24322,1.48556
GSM3319034,2848,22487,6051,0.16000,1.47209,1.14850,1.47209
GSM3319035,3311,23158,5967,0.26000,2.23229,1.80577,2.23229
GSM3319036,3683,23797,6699,0.47000,2.10352,1.70846,2.10352
GSM3319037,2032,21238,6577,0.32000,1.61046,1.36752,1.61046
GSM3319038,4671,23851,5121,0.29000,1.38612,0.95980,1.38612
GSM3319039,3829,22825,5465,0.47000,1.61586,1.24953,1.61586
GSM3319040,643,14422,5660,0.57000,0.88430,0.79338,0.88430
GSM3319041,1270,17489,6062,0.63000,0.98613,0.78501,0.98613
GSM3319042,1181,14690,3185,0.65000,1.01973,0.82437,1.01973
GSM3319043,7286,22298,2713,0.75000,1.77405,1.24444,1.77405
GSM3319044,4274,19555,2611,0.30000,1.60349,1.12539,1.60349
GSM3319045,7040,19278,1711,0.31000,1.96315,1.34703,1.96315
GSM3319046,1675,13014,1307,2.40000,1.18903,1.12633,1.18903
GSM3319047,137,3378,2959,0.34000,0.49144,0.49609,0.49144
GSM3360833,10860,29414,9266,2.78000,5.98689,4.84816,5.98689
GSM3360834,4701,26146,10151,0.28424,2.94441,2.55785,2.94441
GSM3360835,8620,27916,7639,11.54367,7.46211,6.42014,7.46211
GSM3360836,1157,6562,1310,0.29052,1.99343,1.65243,1.99343
GSM3360837,12947,27946,6403,0.63881,6.93830,5.68073,6.93830
GSM3360838,7332,26280,7828,0.41097,2.32501,1.93529,2.32501
GSM3375767,2086,22549,8929,0.73000,1.65431,1.40286,1.65431
GSM3377671,2965,29131,13881,0.60000,2.01967,1.69030,2.01967
GSM3377672,12262,30829,9298,2.86000,1.90896,1.39602,1.90896
GSM3378054,2733,25931,10990,0.39000,1.74521,1.54924,1.74521
GSM3378055,2771,25957,11002,0.34000,1.47032,1.26158,1.47032
GSM3378056,2263,23786,9378,0.37000,1.30474,1.11907,1.30474
GSM3378057,2393,25730,11417,0.26000,1.70316,1.52109,1.70316
GSM3378058,2562,25571,11027,0.25000,1.80006,1.59820,1.80006
GSM3378059,4081,26458,9987,0.40000,1.92875,1.62270,1.92875
GSM3396161,6992,26554,7645,9.16000,9.17112,7.10950,9.17112
GSM3396162,6425,24498,5700,8.35000,11.37977,8.43739,11.37976
GSM3396163,8775,25588,4364,3.81000,4.02935,3.03254,4.02935
GSM3396164,4092,15865,1603,12.61000,2.58146,2.35738,2.58146
GSM3396165,9412,24827,3557,4.97000,4.54210,3.45767,4.54210
GSM3396166,2103,16389,4224,0.30161,2.26511,1.92025,2.26511
GSM3396167,1379,19025,8200,2.36787,2.66446,2.45702,2.66446
GSM3396168,6594,23301,4704,1.03000,3.88498,2.88592,3.88498
GSM3396169,5893,24117,5363,4.59000,4.01409,3.18234,4.01409
GSM3396170,5000,25331,7208,4.60844,4.94762,4.00692,4.94762
GSM3396171,869,18019,8810,2.14724,2.66674,2.61533,2.66674
GSM3396172,4827,24096,6257,7.78000,7.82160,6.17782,7.82160
GSM3396173,9198,23140,4195,4.25107,5.69949,4.32259,5.69949
GSM3396174,5675,24552,6046,11.24000,7.08002,5.70703,7.08002
GSM3396175,6018,24973,6243,1.40000,4.62546,3.76352,4.62546
GSM3396176,6053,23656,6199,2.99000,5.98424,4.49464,5.98424
GSM3396177,1870,9594,1744,1.80000,2.61959,1.92055,2.61959
GSM3396178,12668,20161,1502,9.14072,5.38607,4.28278,5.38607
GSM3396179,6242,25132,6319,6.70000,13.07018,9.97006,13.07018
GSM3396180,1126,15304,4863,0.80000,2.08331,2.21155,2.08331
GSM3396181,6103,25470,6395,7.49000,11.87924,8.95904,11.87924
GSM3396182,200,12072,9209,2.41565,1.15112,1.19842,1.15112
GSM3396183,6179,26251,7000,6.64000,9.68759,7.50993,9.68759
GSM3396184,7926,12427,1073,11.25000,7.76498,4.57322,7.76498
GSM3396185,4260,21567,4439,7.36000,10.03198,7.56430,10.03198
GSM3402078,2914,23723,9896,1.22000,2.18904,1.93976,2.18904
GSM3402080,2021,22341,9220,2.14000,1.21053,0.99918,1.21053
GSM3439913,1994,24898,11437,0.98241,3.03480,2.78398,3.03480
GSM3439914,1616,24622,11785,0.45000,2.39712,2.18414,2.39712
GSM3439915,2241,25220,11410,1.14000,3.84026,3.43706,3.84026
GSM3439916,2324,26166,12063,1.43000,4.19718,3.71189,4.19718
GSM3439917,3407,26176,10617,4.54000,4.41540,3.73273,4.41540
GSM3439918,2998,27180,11923,1.11964,4.56438,3.72246,4.56438
GSM3439919,3001,22684,9262,4.55689,3.46206,2.96855,3.46206
GSM3439920,6796,29960,11261,1.63000,3.24153,2.58599,3.24153
GSM3439921,11005,29129,8914,2.88000,2.87717,2.14181,2.87717
GSM3439922,12785,28754,7582,2.93000,3.10363,2.17288,3.10363
GSM3439923,4412,28857,12143,1.99000,2.85425,2.43283,2.85425
GSM3439925,10786,22441,2435,1.42000,3.69963,2.65743,3.69963
GSM3439926,6683,29152,11359,1.34000,3.45277,2.90306,3.45277
GSM3439927,7426,29149,10186,9.07000,5.88353,4.71238,5.88353
GSM3439987,7041,27415,9405,2.32000,2.69253,2.21856,2.69253
GSM3439988,2518,24059,11239,1.55379,2.97907,2.69307,2.97907
GSM3439989,6471,26724,9035,3.76000,2.77072,2.19369,2.77072
GSM3509837,757,13602,4907,9.87000,1.59168,1.47746,1.59168
GSM3509838,2614,26511,12215,0.31000,1.47630,1.24510,1.47630
GSM3509839,4507,27219,9752,0.48000,1.33366,0.99447,1.33366
GSM3509840,3057,26037,10614,0.43000,1.62498,1.37681,1.62498
GSM3516947,10132,29212,8720,0.40000,1.79226,1.31829,1.79226
GSM3516948,13930,29817,7760,0.43000,2.55765,1.88595,2.55764
GSM3526583,3101,24288,8802,0.63000,1.84609,1.52945,1.84608
GSM3526584,5273,25617,7154,0.37000,1.47152,0.99475,1.47152
GSM3526585,8802,24999,6316,1.31000,0.99981,0.37059,0.99981
GSM3526586,9260,27265,7056,2.15000,1.20401,0.65614,1.20401
GSM3526587,3798,31963,13117,3.33000,3.51758,2.95742,3.51758
GSM3526588,7558,32002,9743,1.49000,4.78740,3.67619,4.78740
GSM3526589,12633,33078,7970,2.40000,3.04256,2.29741,3.04256
GSM3526590,12589,36216,10305,1.60000,6.49692,4.88344,6.49691
GSM3529821,15247,27342,6799,1.82000,6.90845,5.07953,6.90845
GSM3535276,12849,29968,9274,1.00000,3.20972,2.56640,3.20972
GSM3535277,6345,27726,9716,1.12000,3.50033,2.94359,3.50033
GSM3535278,6062,26283,8658,0.41000,3.42319,2.89548,3.42319
GSM3535279,6394,27009,9104,1.03000,3.33929,2.79459,3.33929
GSM3535280,5700,27663,10438,0.57000,3.65514,3.02460,3.65514
GSM3535281,4064,25557,9636,0.47000,1.62361,1.37829,1.62361
GSM3557959,1506,13440,2981,0.96000,0.97683,0.85727,0.97683
GSM3557960,1626,17714,5373,2.36000,1.41882,1.33634,1.41882
GSM3557961,932,11829,2913,0.31000,0.78504,0.65347,0.78504
GSM3557962,1507,15611,3992,0.73000,1.41501,1.23068,1.41501
GSM3557963,1991,9685,998,2.92253,1.00482,0.62046,1.00482
GSM3557964,1833,15658,3219,0.77000,1.10618,0.82558,1.10618
GSM3557965,1312,15104,4528,0.68000,1.00322,0.85566,1.00322
GSM3557966,1958,7818,563,10.46227,1.19289,0.71001,1.19289
GSM3557967,813,11482,3512,2.01000,0.71174,0.57780,0.71174
GSM3557968,1989,10749,1144,3.09019,1.11763,0.80431,1.11763
GSM3557969,2417,16867,3412,0.18000,1.17397,0.86042,1.17397
GSM3557970,1440,17119,5704,0.89000,1.49744,1.32669,1.49744
GSM3557971,964,15243,5268,0.80000,1.10800,0.97465,1.10800
GSM3557972,1829,17577,3923,0.77000,1.01922,0.75917,1.01922
GSM3557973,798,12966,5435,2.56000,1.17857,1.11895,1.17857
GSM3558027,3599,16825,6138,0.77000,2.29091,1.93074,2.29091
GSM3576397,1348,8110,574,2.66000,1.71371,1.25679,1.71371
GSM3576398,10649,14027,186,3.29512,3.32328,1.49457,3.32328
GSM3576399,3843,13000,428,3.21000,3.53180,2.14206,3.53180
GSM3576400,11916,14305,149,1.50000,3.05142,1.45322,3.05142
GSM3576401,3379,12797,625,3.47000,4.60775,2.61760,4.60775
GSM3576402,3245,12051,411,2.94000,3.43851,2.43841,3.43851
GSM3576403,7080,15311,392,4.77000,3.43078,2.16860,3.43078
GSM3576404,3751,9983,295,3.53000,4.15845,2.27486,4.15845
GSM3576405,5385,13081,315,3.75000,4.10512,2.11877,4.10512
GSM3576406,1653,13201,824,2.60000,1.32081,1.11410,1.32081
GSM3576407,1341,11427,735,2.57000,1.24116,1.05197,1.24116
GSM3576408,11255,20408,582,2.99000,4.08249,1.88747,4.08249
GSM3576409,2272,11310,620,4.37000,2.12807,1.30065,2.12807
GSM3576410,7901,17715,613,2.46379,4.26377,1.89380,4.26377
GSM3576411,1925,12488,748,2.44000,0.91308,0.32616,0.91308
GSM3576412,12880,20315,574,2.62000,3.13847,2.06853,3.13847
GSM3576413,9210,15314,241,2.95000,1.95977,0.68591,1.95977
GSM3576414,9797,15323,245,2.33000,1.78567,0.63803,1.78567
GSM3576415,8802,18978,495,3.17504,1.89062,0.89735,1.89062
GSM3576416,6886,14394,253,1.87647,1.78959,0.62228,1.78959
GSM3576417,5143,11084,210,2.91000,1.43358,0.42537,1.43358
GSM3576420,3341,19942,1508,2.83000,1.10136,0.61916,1.10136
GSM3576421,1322,11808,757,2.28000,0.86207,0.50562,0.86207
GSM3576422,8784,20300,634,2.52000,4.03750,2.60132,4.03750
GSM3576423,918,10311,1592,3.30000,1.02954,0.97612,1.02954
GSM3576424,939,10761,1566,4.14000,1.37104,1.29863,1.37104
GSM3576425,3009,14413,758,2.72876,1.72436,1.19118,1.72436
GSM3576426,1919,12797,568,4.29000,2.12204,1.84006,2.12204
GSM3576427,1479,13708,1045,2.43000,0.89924,0.54648,0.89924
GSM3576429,10514,18627,460,3.05422,2.56923,1.30352,2.56923
GSM3576430,8976,17340,496,4.88000,3.70880,1.93832,3.70880
GSM3587008,5555,25721,8221,1.65000,5.14705,4.37246,5.14705
GSM3587009,12781,25996,5145,2.20000,3.94832,2.87908,3.94832
GSM3587010,5604,24846,8056,1.77000,4.49754,3.86179,4.49754
GSM3587011,8903,26883,7128,1.73000,6.26343,4.95591,6.26343
GSM3587013,6749,23872,4530,0.93000,3.64853,3.00852,3.64853
GSM3665016,2612,22258,6942,0.59000,3.63849,3.41490,3.63849
GSM3665017,2028,22311,8463,0.17000,3.46682,3.26451,3.46682
GSM3665018,2122,22152,7837,0.11000,2.51510,2.37390,2.51510
GSM3665019,3189,22526,6374,0.44000,2.65047,2.48007,2.65047
GSM3667327,6435,24070,4201,6.00000,6.30505,4.52678,6.30505
GSM3667328,16108,27755,3960,4.69000,10.05515,6.29554,10.05515
GSM3667329,8474,26976,6089,5.45000,7.28915,5.24562,7.28915
GSM3711757,16613,26935,5319,0.58939,2.47921,1.80433,2.47921
GSM3711758,10985,21701,2337,2.52464,2.05780,1.37216,2.05780
GSM3711759,2006,22789,10180,5.44212,2.14539,1.82404,2.14539
GSM3711760,10809,22980,2173,1.14077,2.02958,1.24132,2.02958
GSM3711761,1076,16941,5845,2.33323,2.41476,2.18751,2.41476
GSM3711763,7021,24707,7529,1.25000,4.91436,3.69404,4.91435
GSM3711764,45998,17223,159,3.18000,2.53967,0.10427,2.53967
GSM3711765,1731,19740,7815,1.27000,2.29681,2.00008,2.29681
GSM3711766,1179,13441,3423,11.81607,1.99375,1.78602,1.99375
GSM3711767,3482,23061,8183,2.02000,3.36878,2.65291,3.36878
GSM3711768,5203,19183,2801,1.22000,2.59294,1.89957,2.59294
GSM3711769,1645,15848,4281,8.68000,1.78573,1.52776,1.78573
GSM3711770,408,11291,4659,0.83000,1.36101,1.36853,1.36101
GSM3711771,2742,20583,6805,2.17000,2.92463,2.28753,2.92463
GSM3711772,1254,15922,3892,1.98000,2.25678,2.16399,2.25678
GSM3711773,14917,26226,4786,1.51000,3.87835,2.60164,3.87835
GSM3711774,3167,21409,6328,0.32000,3.19877,2.63543,3.19877
GSM3711775,1911,21543,9039,2.71000,3.06309,2.59903,3.06309
GSM3711776,1072,18370,7261,0.78000,2.09649,1.97529,2.09649
GSM3711777,2133,20470,7284,1.00000,2.83714,2.42303,2.83714
GSM3711778,473,9351,3027,2.03000,1.26446,1.26437,1.26446
GSM3711779,4077,19283,3520,0.87000,2.34888,1.75160,2.34888
GSM3711780,11752,21439,1272,6.79000,1.39156,0.42431,1.39156
GSM3711781,2288,19729,7171,9.08000,2.29282,1.90301,2.29282
GSM3711782,2127,19418,5772,0.94000,2.31208,2.05409,2.31208
GSM3711783,1404,19175,7804,0.54000,1.51860,1.41948,1.51860
GSM3711784,1215,17549,6498,0.53000,1.84631,1.73973,1.84631
GSM3711785,292,12797,8446,0.46000,0.82802,0.82043,0.82802
GSM3711786,5235,21987,5582,0.23000,3.60815,2.90606,3.60815
GSM3711787,3164,22324,8718,0.27000,2.33707,2.04970,2.33707
GSM3717979,12211,24800,5611,0.41000,2.45870,1.76947,2.45870
GSM3723357,680,19647,10337,1.99000,2.29106,2.12216,2.29106
GSM3723358,8534,25796,8001,1.05779,4.55581,3.40801,4.55581
GSM3723359,15506,27944,6218,0.54000,6.37432,4.26913,6.37432
GSM3731527,70199,27901,1291,19.03409,7.36534,2.59282,7.36534
GSM3732362,2576,16929,2274,0.12000,1.92130,1.72799,1.92130
GSM3732364,9548,24003,3237,1.73000,4.12877,3.81222,4.12877
GSM3732366,3121,20217,5919,0.14602,2.39475,2.18631,2.39475
GSM3732871,8603,23656,3719,3.49000,2.87001,2.26273,2.87001
GSM3734178,5055,21710,5310,0.21000,4.22816,3.59146,4.22816
GSM3734179,4291,21467,5919,0.22000,2.99344,2.59652,2.99344
GSM3734180,3670,21194,6725,0.26000,3.38104,2.96655,3.38104
GSM3734181,3480,20959,6256,0.20000,2.74243,2.39375,2.74243
GSM3734294,8175,27571,9035,0.98028,3.93831,3.32789,3.93831
GSM3734295,5932,25597,7424,1.44000,1.84923,1.54846,1.84923
GSM3734296,4933,24534,7494,0.47000,2.01268,1.60787,2.01268
GSM3734297,3743,22708,6870,0.49000,1.54417,1.19947,1.54417
GSM3735993,9240,25821,8717,1.77000,2.16315,1.59859,2.16315
GSM3735994,6561,27371,10923,0.37000,3.90382,3.04431,3.90382
GSM3738536,827,18344,7732,0.10000,0.58748,0.42393,0.58748
GSM3738537,853,18817,8171,0.12000,0.61518,0.46302,0.61518
GSM3738538,1294,21107,9675,0.10000,0.61097,0.38260,0.61097
GSM3738539,1497,21178,8855,0.21000,0.90730,0.79839,0.90729
GSM3738540,904,18304,7529,0.06000,0.61001,0.45555,0.61001
GSM3738541,1319,18215,5651,0.81000,0.90651,0.89829,0.90651
GSM3738542,1988,21571,8197,0.30205,0.91520,0.78800,0.91520
GSM3738543,3719,21117,4788,1.55000,1.03630,1.06407,1.03630
GSM3739217,7302,27951,9462,0.65000,4.87326,3.96950,4.87326
GSM3739218,81,9120,9120,2.71000,0.76581,0.76581,0.76581
GSM3739219,62,9084,9084,0.44000,0.50692,0.50692,0.50692
GSM3739220,198,9539,6849,2.29097,1.16861,1.20353,1.16861
GSM3745992,69,8066,8066,1.08000,0.65237,0.65237,0.65237
GSM3745993,563,7656,1760,5.94000,0.79881,0.52503,0.79881
GSM3745994,40,2617,2617,1.25000,0.79172,0.79172,0.79172
GSM3745995,66,7347,7347,1.69000,0.71076,0.71076,0.71076
GSM3745996,61,6841,6841,1.22000,0.72358,0.72358,0.72358
GSM3745997,130,6363,5176,1.41000,0.62460,0.61391,0.62460
GSM3755687,3171,23271,8517,0.86000,2.22299,1.84520,2.22299
GSM3755690,5673,24043,7998,0.95469,1.37987,0.96510,1.37987
GSM3755691,7998,24916,7776,0.47526,2.50601,1.91160,2.50601
GSM3755692,15775,26125,5834,0.74000,1.90605,1.22933,1.90605
GSM3755693,10423,27049,8622,0.68000,3.00515,2.28826,3.00515
GSM3755696,3000,24222,9043,2.59587,1.97484,1.57560,1.97484
GSM3755697,1622,20622,9884,0.60956,2.12828,1.89606,2.12828
GSM3755698,5802,26568,10624,1.76000,2.71768,2.09963,2.71768
GSM3755699,12723,25518,6780,1.04544,2.96798,2.24464,2.96798
GSM3758115,8509,23908,4942,1.62000,3.16451,2.26345,3.16451
GSM3758116,3867,21939,6111,5.14000,8.40152,6.71406,8.40152
GSM3758117,5881,22971,5637,0.99000,2.63684,2.01705,2.63684
GSM3758118,6192,22445,5037,0.91000,3.05637,2.22336,3.05637
GSM3758119,6397,22092,4458,0.71000,2.73124,2.10220,2.73124
GSM3770749,6028,26713,9932,0.36667,2.77396,2.32694,2.77396
GSM3770750,5929,26502,9936,0.37148,2.74288,2.30188,2.74288
GSM3773108,77,377,377,0.49000,0.37386,0.37386,0.37386
GSM3773111,79,335,335,0.57000,0.38556,0.38556,0.38556
GSM3773112,79,298,298,0.73000,0.39112,0.39112,0.39112
GSM3773114,62,264,264,0.61000,0.42227,0.42227,0.42227
GSM3773116,84,331,331,0.32000,0.38865,0.38865,0.38865
GSM3773117,71,323,323,0.63000,0.43664,0.43664,0.43664
GSM3773119,76,310,310,0.52000,0.33885,0.33885,0.33885
GSM3773121,30,208,208,0.43000,0.59341,0.59341,0.59341
GSM3773124,66,356,356,0.44378,0.41691,0.41691,0.41691
GSM3773125,83,367,367,0.64884,0.37381,0.37381,0.37381
GSM3954946,3505,18754,4395,2.11000,2.05547,1.65645,2.05547
GSM3954947,2158,19140,6316,31.86000,3.21575,2.70256,3.21575
GSM3954948,3151,18781,5044,29.69000,2.66525,2.29002,2.66525
GSM3954949,5630,21658,3967,19.60000,5.81459,4.44382,5.81459
GSM3954950,5289,15813,1937,24.28000,11.00259,7.03233,11.00259
GSM3954952,5523,22242,3958,7.21000,4.70505,3.31902,4.70505
GSM3954953,3125,21503,5717,34.84000,4.38699,3.48213,4.38699
GSM3954954,4409,23502,7857,21.58000,5.41377,4.14807,5.41377
GSM3954955,5101,23951,7565,11.09000,5.12586,3.99273,5.12586
GSM3954956,3839,22105,7462,1.04000,4.08036,3.28275,4.08036
GSM3954957,6377,22876,6157,6.46000,8.34298,5.93754,8.34298
GSM3954958,5067,23873,8749,1.31000,2.84245,2.27561,2.84244
GSM4037301,5535,23575,1671,3.77143,3.63548,3.14871,3.63548
GSM4037302,3994,22554,1743,1.81588,3.07197,2.60429,3.07197
GSM4037305,4801,21819,1762,1.00355,2.65301,1.98887,2.65301
GSM4037306,3158,17822,1703,1.70566,1.23765,0.62088,1.23765
GSM4037309,1998,19557,6606,3.07621,1.50710,1.23454,1.50710
GSM4037313,2305,19012,2215,1.69993,1.36220,1.03866,1.36220
GSM4037316,982,17951,4001,2.31369,0.87345,0.73966,0.87345
GSM4037324,11939,23995,5015,10.14000,3.52592,2.46884,3.52592
GSM4037325,4297,27696,10552,1.56000,3.13304,2.40044,3.13304
GSM4037981,857,21817,12406,2.93000,1.65829,1.56423,1.65829
GSM4037982,737,22238,13617,4.41000,1.74866,1.59858,1.74866
GSM4037984,53,4994,4994,3.09000,1.02215,1.02215,1.02215
GSM4037985,196,4422,2979,20.80203,1.37018,1.24635,1.37018
GSM4037986,74,3013,3013,10.78000,0.96686,0.96686,0.96686
GSM4037987,166,8977,6752,5.14000,1.06897,1.03018,1.06897
GSM4037988,321,8644,3992,11.53000,1.11650,0.84851,1.11650
GSM4037989,1914,7100,407,52.36000,1.85769,0.68239,1.85769
GSM4037990,2352,7976,453,134.17000,3.64145,2.07205,3.64145
GSM4037991,175,6363,5045,6.79000,1.18313,1.14230,1.18313
GSM4037992,162,5352,3862,5.90000,1.13572,1.07268,1.13572
GSM4037993,60,5590,5590,1.19212,0.75330,0.75330,0.75330
GSM4037994,77,7761,7761,4.23994,0.86909,0.86909,0.86909
GSM4080085,12351,28728,9772,2.59000,2.43119,1.78478,2.43119
GSM4080086,8983,29821,11411,1.72000,2.62049,2.08260,2.62049
GSM4080087,7041,27415,9405,2.32000,2.58796,2.09960,2.58796
GSM4080088,2515,25736,11554,1.55000,2.83897,2.58857,2.83897
GSM4080089,6471,26724,9035,3.76000,2.63906,2.10365,2.63906
GSM4080090,3826,27042,11587,1.64000,3.66164,3.17481,3.66164
GSM4142870,4943,23013,9040,0.69735,6.04847,4.78572,6.04847
GSM4142871,163,15742,13361,3.09000,1.09830,1.10541,1.09830
GSM4142872,2945,1615,216,0.89011,5.81947,2.93467,5.81947
GSM4142873,151,13770,11886,11.52000,1.13766,1.14329,1.13766
GSM4145204,17365,22413,2929,0.99000,12.33803,8.81395,12.33803
GSM4272895,121,2677,2184,1.52000,0.69557,0.69220,0.69557
GSM4272896,27,91,91,8.52000,0.58953,0.58953,0.58953
GSM4272897,36,3234,3234,5.78000,0.76261,0.76261,0.76261
GSM4272898,6538,23360,5134,0.77000,2.50812,1.99869,2.50812
GSM4272899,3725,23062,8126,0.99000,5.40366,4.42908,5.40366
GSM4272900,5819,23933,6513,0.86000,3.89801,3.01066,3.89801
GSM4272901,346,10300,3875,0.29000,0.57970,0.61266,0.57970
GSM4272902,127,11086,9666,0.58000,0.73051,0.75251,0.73051
GSM4339769,3750,24762,5197,2.38000,1.63187,1.36951,1.63187
GSM4463223,7310,15008,2097,1.00000,4.01896,2.48905,4.01896
GSM4463229,4457,23608,6330,3.82000,3.36063,2.84886,3.36063
GSM4463234,3783,23655,7140,3.46000,3.95655,3.28286,3.95655
GSM4463239,5312,22425,3526,1.31000,2.41470,1.78265,2.41470
GSM4463244,4618,25226,7454,2.62000,3.15678,2.64225,3.15678
GSM4463249,4780,24727,6306,1.29000,2.08384,1.67814,2.08384
GSM4463253,23013,28354,6213,0.54000,6.09141,4.13960,6.09141
GSM4475048,9653,24569,6764,0.77000,1.48299,0.97910,1.48299
GSM4475049,9290,22780,4898,0.75000,1.23063,0.66948,1.23063
GSM4475050,133,11807,10660,1.74000,0.58931,0.59389,0.58931
GSM4475051,2484,22367,4039,2.35000,1.67914,1.59013,1.67914
GSM4475052,2098,20677,3589,1.36000,1.56703,1.38832,1.56703
GSM4475053,6044,23077,1538,1.22000,2.36173,1.78926,2.36173
GSM4769387,2518,28875,15237,1.63000,4.90425,3.75677,4.90425
GSM4769388,1870,29083,16733,1.24000,4.67433,3.71638,4.67433
GSM4769389,2147,28728,15524,0.56000,3.47796,3.01514,3.47796
GSM5051494,87,11260,11260,10.37000,0.49410,0.49410,0.49410
GSM5051495,117,11241,10606,0.54000,0.47301,0.47857,0.47301
GSM5051497,116,12535,11872,1.21000,0.54085,0.54711,0.54085
GSM5051498,100,11799,11225,20.99000,0.56351,0.57303,0.56351
klein_2015,953,25025,22343,0.04000,0.19045,0.08153,0.19045
macosko_2015,84,69,69,0.05000,0.77882,0.77882,0.83990
padovan_merhar_2015,96,13211,13211,4.06000,1.05636,1.05636,1.05636
pbmc3k,2700,12572,4159,0.39318,1.87771,1.54278,1.87771
SAMN14275543,6814,20611,1651,3.81883,2.90937,2.26556,2.90937
SRX4733402,12650,23252,3240,3.05000,7.26790,4.91344,7.26790
SRX4733403,6670,16993,1730,1.17000,10.21536,6.57624,10.21536
SRX4733411,2031,24872,12528,0.55345,4.05232,3.29299,4.05232
svensson_2017_1,2000,13025,2633,0.09000,0.76160,0.07505,0.76160
svensson_2017_2,2000,13239,2619,0.37000,0.71940,0.14810,0.71940
zheng_2017,1015,87,69,0.04000,1.29912,1.06581,1.29912
